Starting detailed svoi full run batch=50 sleep=0 log=/Users/sammov/Russian business AI/scripts/business-enrich/data/svoi_enrich/full_run_20260727T025638Z.log

===== ROUND 1 2026-07-27T02:56:38Z =====
targets=50 dry_run=False publish=True places=True publish_enriched=False

[1/50] Vladimir Watch and Clock Repair
  svoi: webs=0 phones=1 addr=6179 Lake Murray Boulevard
  no company website
  places: error
  places quota exhausted — continuing without Places
  fill keys: ['address_line', 'city', 'google_maps_url', 'location_precision', 'phone', 'postal_code', 'state_code']
  recommendation updated
  publish: {'entity': 'business', 'action': 'create', 'id': '4e3e12d2-0470-4f43-adf1-f7aa7dcac246', 'slug': 'svoi-vladimir-watch-and-clock-repair'}

[2/50] Услуги по перевозке
  svoi: webs=0 phones=1 addr=San diego
  weak address skipped: San diego
  no company website
  fill keys: ['city', 'google_maps_url', 'phone']
  recommendation updated
  skip publish (entity=business, street=False)

[3/50] Angel Academy
  svoi: webs=0 phones=2 addr=7733 Lucia Court
  no company website
  fill keys: ['address_line', 'city', 'google_maps_url', 'location_precision', 'phone', 'postal_code', 'state_code']
  recommendation updated
  publish: {'entity': 'business', 'action': 'create', 'id': '35565cf1-7d88-4be7-a0e0-757fc5360591', 'slug': 'svoi-angel-academy'}

[4/50] Детский сад Teddy Bear
  svoi: webs=0 phones=1 addr=7383 Rancho Catalina Trail
  no company website
  fill keys: ['address_line', 'city', 'google_maps_url', 'location_precision', 'phone', 'postal_code', 'state_code']
  recommendation updated
  publish: {'entity': 'business', 'action': 'create', 'id': '34d0f6a4-8f86-4af9-99dc-25e094d56684', 'slug': 'svoi-teddy-bear'}

[5/50] бейбиситер
  svoi: webs=0 phones=1 addr=Del mar
  weak address skipped: Del mar
  no company website
  fill keys: ['city', 'google_maps_url', 'phone']
  recommendation updated
  skip publish (entity=business, street=False)

[6/50] Champion Rhythmics
  svoi: webs=1 phones=1 addr=9586 Distribution Ave
  website keys: []
  fill keys: ['address_line', 'city', 'google_maps_url', 'location_precision', 'phone', 'state_code', 'website']
  recommendation updated
  publish: {'entity': 'business', 'action': 'create', 'id': 'd648f744-aed6-45ee-b30f-001837bafaa2', 'slug': 'svoi-champion-rhythmics'}

[7/50] Детский Музыкальный Театр-студия Лукоморье
  svoi: webs=0 phones=2 addr=San diego
  weak address skipped: San diego
  no company website
  fill keys: ['city', 'google_maps_url', 'phone']
  recommendation updated
  skip publish (entity=business, street=False)

[8/50] Boris Dadiomov, Bluefire Realty,
  svoi: webs=1 phones=1 addr=2121 Palomar Airport Road
  website keys: []
  fill keys: ['address_line', 'city', 'google_maps_url', 'location_precision', 'phone', 'postal_code', 'state_code', 'website']
  recommendation updated
  publish: {'entity': 'business', 'action': 'create', 'id': 'bb94db48-0b50-426e-b943-b11980149465', 'slug': 'svoi-boris-dadiomov-bluefire-realty'}

[9/50] Irina Ovchinnikova / Ирина Овчинникова
  svoi: webs=0 phones=1 addr=Levante St
  no company website
  fill keys: ['address_line', 'city', 'google_maps_url', 'location_precision', 'phone']
  recommendation updated
  publish: {'entity': 'business', 'action': 'create', 'id': '7febdbc1-5fd8-4924-8382-4b1a5efc71cf', 'slug': 'svoi-irina-ovchinnikova'}

[10/50] Nino Kiria at Weichert Realtors Elite
  svoi: webs=0 phones=2 addr=10815 Rancho Bernardo Road
  no company website
  fill keys: ['address_line', 'city', 'google_maps_url', 'location_precision', 'phone', 'state_code']
  recommendation updated
  publish: {'entity': 'business', 'action': 'create', 'id': '34186a10-7870-4171-b6ae-cff6dfe6ab64', 'slug': 'svoi-nino-kiria-at-weichert-realtors-elite'}

[11/50] VS Construction Group
  svoi: webs=1 phones=2 addr=502564 Rancho Carmel Dr
  website keys: ['emails', 'phones']
  fill keys: ['address_line', 'city', 'email', 'google_maps_url', 'location_precision', 'phone', 'postal_code', 'state_code', 'website']
  recommendation updated
  publish: {'entity': 'business', 'action': 'create', 'id': '2096d04a-e70f-4448-b357-026326d10f85', 'slug': 'svoi-vs-construction-group'}

[12/50] A Bit of Help
  svoi: webs=1 phones=1 addr=San diego
  weak address skipped: San diego
  website keys: ['description']
  fill keys: ['city', 'google_maps_url', 'phone', 'website']
  recommendation updated
  skip publish (entity=business, street=False)

[13/50] Igor Remodeling and Repairs
  svoi: webs=0 phones=2 addr=San diego
  weak address skipped: San diego
  no company website
  fill keys: ['city', 'google_maps_url', 'phone']
  recommendation updated
  skip publish (entity=business, street=False)

[14/50] SDGE
  svoi: webs=1 phones=2 addr=4760 Clairemont Mesa Blvd
  website keys: ['facebook_url', 'instagram_url']
  fill keys: ['address_line', 'city', 'google_maps_url', 'instagram_url', 'location_precision', 'phone', 'postal_code', 'state_code', 'website']
  recommendation updated
  publish: {'entity': 'business', 'action': 'create', 'id': 'f11cda08-f9ba-4d2c-8512-bf02dd19b939', 'slug': 'svoi-sdge'}

[15/50] Atlas HVAC Inc
  svoi: webs=1 phones=3 addr=16016 Babcock
  website keys: ['description', 'facebook_url', 'instagram_url', 'phones', 'yelp_url']
  fill keys: ['address_line', 'city', 'google_maps_url', 'instagram_url', 'location_precision', 'phone', 'postal_code', 'state_code', 'website', 'yelp_url']
  recommendation updated
  publish: {'entity': 'business', 'action': 'create', 'id': '8cb5eaf8-8811-4702-be4f-6371a7e16b26', 'slug': 'svoi-atlas-hvac-inc'}

[16/50] Reliable Service Co
  svoi: webs=0 phones=1 addr=324 Coogan Way
  no company website
  fill keys: ['address_line', 'city', 'google_maps_url', 'location_precision', 'phone', 'state_code']
  recommendation updated
  publish: {'entity': 'business', 'action': 'create', 'id': '48baaed7-2dc3-4abb-9254-6adc08e8f36a', 'slug': 'svoi-reliable-service-co'}

[17/50] Quality Mechanical
  svoi: webs=0 phones=1 addr=1536 Fayette Street
  no company website
  fill keys: ['address_line', 'city', 'google_maps_url', 'location_precision', 'phone', 'state_code']
  recommendation updated
  publish: {'entity': 'business', 'action': 'create', 'id': 'f0702ac8-192e-4564-b5f5-b620dd5e1876', 'slug': 'svoi-quality-mechanical'}

[18/50] Milana Skin Care
  svoi: webs=0 phones=1 addr=1130 Camino Del Ma
  no company website
  fill keys: ['address_line', 'city', 'google_maps_url', 'location_precision', 'phone', 'postal_code', 'state_code']
  recommendation updated
  publish: {'entity': 'business', 'action': 'create', 'id': '84d3587b-7fde-4af6-be6a-cbcb77901bc0', 'slug': 'svoi-milana-skin-care'}

[19/50] Mariya's | European Skin Care
  svoi: webs=0 phones=1 addr=10225 Barnes Canyon Road
  no company website
  fill keys: ['address_line', 'city', 'google_maps_url', 'location_precision', 'phone', 'postal_code', 'state_code']
  recommendation updated
  publish: {'entity': 'business', 'action': 'create', 'id': '9ec009d1-35e1-4608-ae30-7d965e8bec44', 'slug': 'svoi-mariya-s-european-skin-care'}

[20/50] Aintablian Ighia MD
  svoi: webs=0 phones=1 addr=1510 South Central Avenue
  no company website
  fill keys: ['address_line', 'city', 'google_maps_url', 'location_precision', 'phone', 'postal_code', 'state_code']
  recommendation updated
  publish: {'entity': 'professional', 'action': 'create', 'id': 'ff2863eb-655e-48cb-bf3b-183577d93e6b', 'slug': 'svoi-aintablian-ighia-md'}

[21/50] Dr. Nune Simonian MD
  svoi: webs=0 phones=1 addr=435 Arden Avenue
  no company website
  fill keys: ['address_line', 'city', 'google_maps_url', 'location_precision', 'phone', 'postal_code', 'state_code']
  recommendation updated
  publish: {'entity': 'professional', 'action': 'create', 'id': '77905256-54c1-47aa-b6e7-07236cee9b66', 'slug': 'svoi-dr-nune-simonian-md'}

[22/50] Melidonian Hovig H MD Physicians-Pedatrics
  svoi: webs=0 phones=1 addr=318 West Colorado Street
  no company website
  fill keys: ['address_line', 'city', 'google_maps_url', 'location_precision', 'phone', 'state_code']
  recommendation updated
  publish: {'entity': 'professional', 'action': 'create', 'id': '1969dc67-d9ae-408e-968d-509f157c6451', 'slug': 'svoi-melidonian-hovig-h-md-physicians-pedatrics'}

[23/50] Albarian Alex DDS Dentist
  svoi: webs=0 phones=1 addr=411 N. Central Ave
  no company website
  fill keys: ['address_line', 'city', 'google_maps_url', 'location_precision', 'phone', 'postal_code', 'state_code']
  recommendation updated
  publish: {'entity': 'professional', 'action': 'create', 'id': '060fd84c-bb66-43a2-8d9b-37c5ad1f790a', 'slug': 'svoi-albarian-alex-dds-dentist'}

[24/50] Amayak Gagik DDS Dentist
  svoi: webs=0 phones=1 addr=1160 N. Central Ave.
  no company website
  fill keys: ['address_line', 'city', 'google_maps_url', 'location_precision', 'phone', 'postal_code', 'state_code']
  recommendation updated
  publish: {'entity': 'professional', 'action': 'create', 'id': 'be676876-86bc-45e1-93cf-9249e21ddfa2', 'slug': 'svoi-amayak-gagik-dds-dentist'}

[25/50] Antranik Laleian DDS Dentist
  svoi: webs=0 phones=1 addr=300 W. Glenoaks Blvd
  no company website
  fill keys: ['address_line', 'city', 'google_maps_url', 'location_precision', 'phone', 'postal_code', 'state_code']
  recommendation updated
  publish: {'entity': 'professional', 'action': 'create', 'id': 'd25a909c-8706-488e-b3ce-ccf57a4328f4', 'slug': 'svoi-antranik-laleian-dds-dentist'}

[26/50] Boghosian Shahen MD Physicians-Urology
  svoi: webs=0 phones=1 addr=1030 South Glendale Avenue
  no company website
  fill keys: ['address_line', 'city', 'google_maps_url', 'location_precision', 'phone', 'postal_code', 'state_code']
  recommendation updated
  publish: {'entity': 'professional', 'action': 'create', 'id': 'd4691c60-91cf-4577-8279-56c280b5778d', 'slug': 'svoi-boghosian-shahen-md-physicians-urology'}

[27/50] Dr Zarie Shahgaldian MD
  svoi: webs=0 phones=1 addr=1030 South Glendale Avenue
  no company website
  fill keys: ['address_line', 'city', 'google_maps_url', 'location_precision', 'phone', 'postal_code', 'state_code']
  recommendation updated
  publish: {'entity': 'professional', 'action': 'create', 'id': '5a2debeb-a965-4805-8fcd-cd888e3459af', 'slug': 'svoi-dr-zarie-shahgaldian-md'}

[28/50] Dr. Abraham Maissian, MD
  svoi: webs=0 phones=1 addr=1737 West Glenoaks Boulevard
  no company website
  fill keys: ['address_line', 'city', 'google_maps_url', 'location_precision', 'phone', 'postal_code', 'state_code']
  recommendation updated
  publish: {'entity': 'professional', 'action': 'create', 'id': '192fbbaa-56cf-4b9b-b7a8-aac0706a3c76', 'slug': 'svoi-dr-abraham-maissian-md'}

[29/50] Dr. Agop Aintablian
  svoi: webs=0 phones=1 addr=416 East Colorado Street
  no company website
  fill keys: ['address_line', 'city', 'google_maps_url', 'location_precision', 'phone', 'postal_code', 'state_code']
  recommendation updated
  publish: {'entity': 'professional', 'action': 'create', 'id': '89075bc8-2751-4446-9223-a369ac02e970', 'slug': 'svoi-dr-agop-aintablian'}

[30/50] Glendale Breast Center Breast Surgery
  svoi: webs=0 phones=1 addr=1220 South Central Avenue
  no company website
  fill keys: ['address_line', 'city', 'google_maps_url', 'location_precision', 'phone', 'postal_code', 'state_code']
  recommendation updated
  publish: {'entity': 'business', 'action': 'create', 'id': '9eb9527e-c05d-4430-b342-9e53d0e4498f', 'slug': 'svoi-glendale-breast-center-breast-surgery'}

[31/50] Karayan Sooren MD Physicians-orthopaedic Surgery
  svoi: webs=0 phones=1 addr=1510 South Central Avenue
  no company website
  fill keys: ['address_line', 'city', 'google_maps_url', 'location_precision', 'phone', 'postal_code', 'state_code']
  recommendation updated
  publish: {'entity': 'professional', 'action': 'create', 'id': '6d94120f-a190-41b1-bbc9-181122e50ec7', 'slug': 'svoi-karayan-sooren-md-physicians-orthopaedic-surgery'}

[32/50] Specialty Eye Care Medical Center
  svoi: webs=1 phones=1 addr=409 North Central Avenue
  website keys: ['description']
  fill keys: ['address_line', 'city', 'google_maps_url', 'location_precision', 'phone', 'state_code', 'website']
  recommendation updated
  publish: {'entity': 'business', 'action': 'create', 'id': '70202e6b-02b2-4a23-a950-9bbde1eb74a4', 'slug': 'svoi-specialty-eye-care-medical-center'}

[33/50] Kokshanian Artine MD
  svoi: webs=1 phones=1 addr=1030 South Glendale Avenue
  website keys: ['description', 'facebook_url', 'instagram_url']
  fill keys: ['address_line', 'city', 'google_maps_url', 'instagram_url', 'location_precision', 'phone', 'postal_code', 'state_code', 'website']
  recommendation updated
  publish: {'entity': 'professional', 'action': 'create', 'id': 'b557667a-441e-4421-81f9-0bf040ac27d2', 'slug': 'svoi-kokshanian-artine-md'}

[34/50] Cosmetologist
  svoi: webs=0 phones=1 addr=1000 East Broadway
  no company website
  fill keys: ['address_line', 'city', 'google_maps_url', 'location_precision', 'phone', 'state_code']
  recommendation updated
  publish: {'entity': 'business', 'action': 'create', 'id': '88fff641-b9d4-453e-a1d4-3f5b94d74505', 'slug': 'svoi-cosmetologist'}

[35/50] Daydream Acupuncture
  svoi: webs=0 phones=1 addr=600 West Broadway
  no company website
  fill keys: ['address_line', 'city', 'google_maps_url', 'location_precision', 'phone', 'postal_code', 'state_code']
  recommendation updated
  publish: {'entity': 'business', 'action': 'create', 'id': '9690ccbc-3636-4b80-8a25-cc2d1e0cdade', 'slug': 'svoi-daydream-acupuncture'}

[36/50] Ace Chiro Clinic
  svoi: webs=1 phones=1 addr=501 West Colorado Street
  website keys: ['address_line', 'city', 'description', 'facebook_url', 'instagram_url', 'phones', 'postal_code', 'state_code', 'yelp_url']
  fill keys: ['address_line', 'city', 'google_maps_url', 'instagram_url', 'location_precision', 'phone', 'postal_code', 'state_code', 'website', 'yelp_url']
  recommendation updated
  publish: {'entity': 'business', 'action': 'create', 'id': 'c8d6a8c5-5e65-4be0-8e3e-6cdd9416c025', 'slug': 'svoi-ace-chiro-clinic'}

[37/50] All For Health
  svoi: webs=0 phones=1 addr=519 East Broadway
  no company website
  fill keys: ['address_line', 'city', 'google_maps_url', 'location_precision', 'phone', 'postal_code', 'state_code']
  recommendation updated
  publish: {'entity': 'business', 'action': 'create', 'id': 'f9309903-9705-49b4-938d-b3c640226d58', 'slug': 'svoi-all-for-health'}

[38/50] Armenian Relief Center Glendale
  svoi: webs=1 phones=4 addr=1735 Hale Street
  website keys: ['facebook_url', 'instagram_url']
  fill keys: ['address_line', 'city', 'google_maps_url', 'instagram_url', 'location_precision', 'phone', 'postal_code', 'state_code', 'website']
  recommendation updated
  publish: {'entity': 'business', 'action': 'create', 'id': 'af053edc-bbc5-4d40-b2d9-e913e6559d04', 'slug': 'svoi-armenian-relief-center-glendale'}

[39/50] AGAPI PHARMACY-CA
  svoi: webs=0 phones=1 addr=6501 San Fernando Road
  no company website
  fill keys: ['address_line', 'city', 'google_maps_url', 'location_precision', 'phone', 'postal_code', 'state_code']
  recommendation updated
  publish: {'entity': 'business', 'action': 'create', 'id': 'fd093ad7-b2ce-44ca-a0a8-d266a9bedb0d', 'slug': 'svoi-agapi-pharmacy-ca'}

[40/50] Ararat Plaza Pharmacy Pharmacies
  svoi: webs=0 phones=1 addr=1248 South Glendale Avenue
  no company website
  fill keys: ['address_line', 'city', 'google_maps_url', 'location_precision', 'phone', 'postal_code', 'state_code']
  recommendation updated
  publish: {'entity': 'business', 'action': 'create', 'id': 'ed282224-41c6-4e85-844d-16e5df69007a', 'slug': 'svoi-ararat-plaza-pharmacy-pharmacies'}

[41/50] Arden Medical Pharmacy Pharmacies
  svoi: webs=0 phones=1 addr=435 Arden Ave # 110
  no company website
  fill keys: ['address_line', 'city', 'google_maps_url', 'location_precision', 'phone', 'postal_code', 'state_code']
  recommendation updated
  publish: {'entity': 'business', 'action': 'create', 'id': 'a8bcf1a8-94bf-4fe1-9fe3-423aa7962da3', 'slug': 'svoi-arden-medical-pharmacy-pharmacies'}

[42/50] Future Auto Sales & Leasing Auto Brokers
  svoi: webs=0 phones=1 addr=1711 South Brand Boulevard
  no company website
  fill keys: ['address_line', 'city', 'google_maps_url', 'location_precision', 'phone', 'postal_code', 'state_code']
  recommendation updated
  publish: {'entity': 'business', 'action': 'create', 'id': '2199bec7-bc48-49d2-98c1-39250a174127', 'slug': 'svoi-future-auto-sales-leasing-auto-brokers'}

[43/50] Millennium Auto Group, Inc. Auto Brokers
  svoi: webs=0 phones=1 addr=333 South Central Avenue
  no company website
  fill keys: ['address_line', 'city', 'google_maps_url', 'location_precision', 'phone', 'postal_code', 'state_code']
  recommendation updated
  publish: {'entity': 'business', 'action': 'create', 'id': '3362a339-8dd2-402c-aba9-8df2d9b2ffe9', 'slug': 'svoi-millennium-auto-group-inc-auto-brokers'}

[44/50] Pacific Auto Sales & Leasing (PAL), Auto Brokers
  svoi: webs=0 phones=1 addr=225 South Glendale Avenue
  no company website
  fill keys: ['address_line', 'city', 'google_maps_url', 'location_precision', 'phone', 'postal_code', 'state_code']
  recommendation updated
  publish: {'entity': 'business', 'action': 'create', 'id': 'd99a58af-4cec-4ae8-b768-f2e98575776f', 'slug': 'svoi-pacific-auto-sales-leasing-pal-auto-brokers'}

[45/50] Brother's Automotive Auto Repair
  svoi: webs=0 phones=1 addr=625 South Glendale Avenue
  no company website
  fill keys: ['address_line', 'city', 'google_maps_url', 'location_precision', 'phone', 'state_code']
  recommendation updated
  publish: {'entity': 'business', 'action': 'create', 'id': '86830723-1507-4e97-8b78-37766314e02c', 'slug': 'svoi-brother-s-automotive-auto-repair'}

[46/50] Chase Auto Body Shop
  svoi: webs=0 phones=1 addr=4506 San Fernando Road
  no company website
  fill keys: ['address_line', 'city', 'google_maps_url', 'location_precision', 'phone', 'state_code']
  recommendation updated
  publish: {'entity': 'business', 'action': 'create', 'id': '39b2abba-7980-49fa-b348-f59f74184aa5', 'slug': 'svoi-chase-auto-body-shop'}

[47/50] Glendale Auto Sound
  svoi: webs=0 phones=2 addr=364 West Colorado Street
  no company website
  fill keys: ['address_line', 'city', 'google_maps_url', 'location_precision', 'phone', 'postal_code', 'state_code']
  recommendation updated
  publish: {'entity': 'business', 'action': 'create', 'id': 'ca963de7-50a8-42a3-b141-837eea5b5b53', 'slug': 'svoi-glendale-auto-sound'}

[48/50] Hye Traffic School
  svoi: webs=0 phones=1 addr=1950 West Glenoaks Boulevard
  no company website
  fill keys: ['address_line', 'city', 'google_maps_url', 'location_precision', 'phone']
  recommendation updated
  publish: {'entity': 'business', 'action': 'create', 'id': 'df9f1365-86fc-472f-8ca7-6a5dbff4243b', 'slug': 'svoi-hye-traffic-school'}

[49/50] A. Bros. Express, LLC
  svoi: webs=0 phones=1 addr=Glendale
  weak address skipped: Glendale
  no company website
  fill keys: ['city', 'google_maps_url', 'phone']
  recommendation updated
  skip publish (entity=business, street=False)

[50/50] Artek Child Education Center Child Care
  svoi: webs=0 phones=1 addr=546 West Broadway
  no company website
  fill keys: ['address_line', 'city', 'google_maps_url', 'location_precision', 'phone', 'postal_code', 'state_code']
  recommendation updated
  publish: {'entity': 'business', 'action': 'create', 'id': 'acd73add-5080-4d12-83a5-30bf52970020', 'slug': 'svoi-artek-child-education-center-child-care'}

Done. enriched=50 with_address=44 published=44 report=/Users/sammov/Russian business AI/scripts/business-enrich/data/svoi_enrich/batch_20260727T025825Z.json
Last targets=50 exit=0

===== ROUND 2 2026-07-27T02:58:25Z =====
targets=50 dry_run=False publish=True places=True publish_enriched=False

[1/50] Baroyan Family Child Care
  svoi: webs=0 phones=1 addr=229 South Columbus Avenue
  no company website
  places: error
  places quota exhausted — continuing without Places
  fill keys: ['address_line', 'city', 'google_maps_url', 'location_precision', 'phone', 'postal_code', 'state_code']
  recommendation updated
  publish: {'entity': 'business', 'action': 'create', 'id': '751fc269-8d44-4637-b623-1b276bd4f415', 'slug': 'svoi-baroyan-family-child-care'}

[2/50] Blue Bird Child Care
  svoi: webs=0 phones=1 addr=1912 West Kenneth Road
  no company website
  fill keys: ['address_line', 'city', 'google_maps_url', 'location_precision', 'phone', 'postal_code', 'state_code']
  recommendation updated
  publish: {'entity': 'business', 'action': 'create', 'id': '3b05069b-9c0b-40b6-9b25-dce255b380ae', 'slug': 'svoi-blue-bird-child-care'}

[3/50] Best Tutor Program
  svoi: webs=0 phones=1 addr=1608 West Glenoaks Boulevard
  no company website
  fill keys: ['address_line', 'city', 'google_maps_url', 'location_precision', 'phone', 'state_code']
  recommendation updated
  publish: {'entity': 'business', 'action': 'create', 'id': 'ee2f2eb4-66c6-4faf-b170-60cb0578b9c3', 'slug': 'svoi-best-tutor-program'}

[4/50] Bravo Learning Center Computer Training
  svoi: webs=1 phones=1 addr=1201 North Pacific Avenue
  website keys: []
  fill keys: ['address_line', 'city', 'google_maps_url', 'location_precision', 'phone', 'website']
  recommendation updated
  publish: {'entity': 'business', 'action': 'create', 'id': 'f0faaee7-c097-4b38-b9d6-6760ac78196a', 'slug': 'svoi-bravo-learning-center-computer-training'}

[5/50] MATHICO school of mathematics
  svoi: webs=1 phones=1 addr=620 South Glendale Avenue
  website keys: ['description', 'emails', 'opening_hours', 'phones']
  fill keys: ['address_line', 'city', 'email', 'google_maps_url', 'location_precision', 'opening_hours', 'phone', 'website']
  recommendation updated
  publish: {'entity': 'business', 'action': 'create', 'id': '01838acc-876f-4782-bdfc-6b72cfef2412', 'slug': 'svoi-mathico-school-of-mathematics'}

[6/50] Anush Fera Real Estate JohnHart Real Estate
  svoi: webs=1 phones=1 addr=3409 Ocean View blvd.
  website error: <urlopen error [Errno 8] nodename nor servname provided, or not known>
  fill keys: ['address_line', 'city', 'google_maps_url', 'location_precision', 'phone', 'state_code', 'website']
  recommendation updated
  publish: {'entity': 'business', 'action': 'create', 'id': '41c8068d-cf68-40a2-9df1-c4515129ea65', 'slug': 'svoi-anush-fera-real-estate-johnhart-real-estate'}

[7/50] Armen Aroyan - Select Real Estate Services, Inc.
  svoi: webs=1 phones=2 addr=400 N. Brand Blvd. Suite 750
  website error: HTTP Error 404: Not Found
  fill keys: ['address_line', 'city', 'google_maps_url', 'location_precision', 'phone', 'state_code', 'website']
  recommendation updated
  publish: {'entity': 'business', 'action': 'create', 'id': '11989465-70f0-4b2e-a756-055118beb843', 'slug': 'svoi-armen-aroyan-select-real-estate-services-inc'}

[8/50] Classic Realty Exchange Group
  svoi: webs=0 phones=1 addr=1220 W Glenoakes Blvd
  no company website
  fill keys: ['address_line', 'city', 'google_maps_url', 'location_precision', 'phone', 'postal_code', 'state_code']
  recommendation updated
  publish: {'entity': 'business', 'action': 'create', 'id': 'd1c7d3b1-7936-4f73-a511-d6c8add2a867', 'slug': 'svoi-classic-realty-exchange-group'}

[9/50] 1-ARTOLIGHT - Electrical Services!
  svoi: webs=0 phones=1 addr=Glendale
  weak address skipped: Glendale
  no company website
  fill keys: ['city', 'google_maps_url', 'phone']
  recommendation updated
  skip publish (entity=business, street=False)

[10/50] AGT Electricians
  svoi: webs=0 phones=2 addr=2211 North Verdugo Road
  no company website
  fill keys: ['address_line', 'city', 'google_maps_url', 'location_precision', 'phone', 'postal_code', 'state_code']
  recommendation updated
  publish: {'entity': 'business', 'action': 'create', 'id': 'b02b22e7-0bfa-418d-9613-35a4f1dfdcdc', 'slug': 'svoi-agt-electricians'}

[11/50] All Electri'x Company Electricians
  svoi: webs=0 phones=2 addr=1701 Wabasso Way
  no company website
  fill keys: ['address_line', 'city', 'google_maps_url', 'location_precision', 'phone', 'postal_code', 'state_code']
  recommendation updated
  publish: {'entity': 'business', 'action': 'create', 'id': '4beb409b-ad22-4f43-9c20-63de5f5cee1b', 'slug': 'svoi-all-electri-x-company-electricians'}

[12/50] A New You Beauty Salons
  svoi: webs=0 phones=1 addr=1124 East Broadway
  no company website
  fill keys: ['address_line', 'city', 'google_maps_url', 'location_precision', 'phone', 'postal_code', 'state_code']
  recommendation updated
  publish: {'entity': 'business', 'action': 'create', 'id': 'aeaa4fe8-3881-4481-97b3-1f20e2554ef0', 'slug': 'svoi-a-new-you-beauty-salons'}

[13/50] Alice In Beauty Land Hair Salons
  svoi: webs=0 phones=1 addr=511 West Glenoaks Boulevard
  no company website
  fill keys: ['address_line', 'city', 'google_maps_url', 'location_precision', 'phone', 'postal_code', 'state_code']
  recommendation updated
  publish: {'entity': 'business', 'action': 'create', 'id': 'cabefbc4-4901-4604-9863-7e234457984a', 'slug': 'svoi-alice-in-beauty-land-hair-salons'}

[14/50] Anto's Haircut Hair Salons
  svoi: webs=0 phones=1 addr=915 North Glendale Avenue
  no company website
  fill keys: ['address_line', 'city', 'google_maps_url', 'location_precision', 'phone', 'postal_code', 'state_code']
  recommendation updated
  publish: {'entity': 'business', 'action': 'create', 'id': 'b627d473-afe3-416d-b290-465b5ad7d290', 'slug': 'svoi-anto-s-haircut-hair-salons'}

[15/50] AIS Agopian Insurance Services
  svoi: webs=0 phones=1 addr=919 East Broadway
  no company website
  fill keys: ['address_line', 'city', 'google_maps_url', 'location_precision', 'phone', 'state_code']
  recommendation updated
  publish: {'entity': 'business', 'action': 'create', 'id': '2b21bd4c-0650-46f2-acc3-e9cffc685f22', 'slug': 'svoi-ais-agopian-insurance-services'}

[16/50] Century 1st. Insurance
  svoi: webs=0 phones=1 addr=234 North Glendale Avenue
  no company website
  fill keys: ['address_line', 'city', 'google_maps_url', 'location_precision', 'phone', 'postal_code', 'state_code']
  recommendation updated
  publish: {'entity': 'business', 'action': 'create', 'id': 'acf37410-05cf-49bc-a69e-deddcc561436', 'slug': 'svoi-century-1st-insurance'}

[17/50] Colonial Life .-A
  svoi: webs=0 phones=1 addr=Glendale
  weak address skipped: Glendale
  no company website
  fill keys: ['city', 'google_maps_url', 'phone']
  recommendation updated
  skip publish (entity=business, street=False)

[18/50] AppleSpecials
  svoi: webs=0 phones=1 addr=1731 West Glenoaks Boulevard
  no company website
  fill keys: ['address_line', 'city', 'google_maps_url', 'location_precision', 'phone', 'postal_code', 'state_code']
  recommendation updated
  publish: {'entity': 'business', 'action': 'create', 'id': '16825776-9338-45de-8864-1c195afaf022', 'slug': 'svoi-applespecials'}

[19/50] Econo Travel Agency
  svoi: webs=0 phones=1 addr=459 W Broadway # 5
  no company website
  fill keys: ['address_line', 'city', 'google_maps_url', 'location_precision', 'phone', 'postal_code', 'state_code']
  recommendation updated
  publish: {'entity': 'business', 'action': 'create', 'id': '898b21d1-4895-4571-a44b-fe6075e0e2c9', 'slug': 'svoi-econo-travel-agency'}

[20/50] Levon Travel
  svoi: webs=0 phones=1 addr=408 East Broadway
  no company website
  fill keys: ['address_line', 'city', 'google_maps_url', 'location_precision', 'phone', 'postal_code', 'state_code']
  recommendation updated
  publish: {'entity': 'business', 'action': 'create', 'id': '52c9baf5-c80b-445b-a89a-c49628913115', 'slug': 'svoi-levon-travel'}

[21/50] New World Services
  svoi: webs=1 phones=1 addr=1201 North Pacific Avenue
  website keys: ['description', 'opening_hours', 'phones']
  fill keys: ['address_line', 'city', 'google_maps_url', 'location_precision', 'opening_hours', 'phone', 'postal_code', 'state_code', 'website']
  recommendation updated
  publish: {'entity': 'business', 'action': 'create', 'id': '3f2d0a51-de5c-434e-ba49-63a21e57f6d9', 'slug': 'svoi-new-world-services'}

[22/50] The Document People/We The People, Legal Document Services
  svoi: webs=0 phones=1 addr=1415 East Colorado Street
  no company website
  fill keys: ['address_line', 'city', 'google_maps_url', 'location_precision', 'phone', 'postal_code', 'state_code']
  recommendation updated
  publish: {'entity': 'business', 'action': 'create', 'id': '3ab0e8fb-6822-4176-a83d-2ef557ebc2b9', 'slug': 'svoi-the-document-people-we-the-people-legal-document'}

[23/50] AAR Trucking .-A
  svoi: webs=0 phones=1 addr=725 South Glendale Avenue
  no company website
  fill keys: ['address_line', 'city', 'google_maps_url', 'location_precision', 'phone', 'state_code']
  recommendation updated
  publish: {'entity': 'business', 'action': 'create', 'id': '5d59b5b7-367c-46d6-a245-2f0b64fd6615', 'slug': 'svoi-aar-trucking-a'}

[24/50] TLC Moving Services
  svoi: webs=0 phones=1 addr=501 West Glenoaks Boulevard
  no company website
  fill keys: ['address_line', 'city', 'google_maps_url', 'location_precision', 'phone', 'postal_code', 'state_code']
  recommendation updated
  publish: {'entity': 'business', 'action': 'create', 'id': '7cff0d80-da30-4d45-a526-37cf4005d09b', 'slug': 'svoi-tlc-moving-services'}

[25/50] Color Depot
  svoi: webs=0 phones=1 addr=524 Riverdale Drive
  no company website
  fill keys: ['address_line', 'city', 'google_maps_url', 'location_precision', 'phone', 'postal_code', 'state_code']
  recommendation updated
  publish: {'entity': 'business', 'action': 'create', 'id': 'e84d0ae7-b688-4683-b531-e23e0902014d', 'slug': 'svoi-color-depot'}

[26/50] Printex Design Printing
  svoi: webs=0 phones=1 addr=1731 W Glenoaks Blvd
  no company website
  fill keys: ['address_line', 'city', 'google_maps_url', 'location_precision', 'phone', 'postal_code', 'state_code']
  recommendation updated
  publish: {'entity': 'business', 'action': 'create', 'id': 'd3142ada-1aad-42f8-9186-427cfa8b0015', 'slug': 'svoi-printex-design-printing'}

[27/50] Yerevan Printing
  svoi: webs=0 phones=2 addr=626 West Colorado Street
  no company website
  fill keys: ['address_line', 'city', 'google_maps_url', 'location_precision', 'phone', 'postal_code', 'state_code']
  recommendation updated
  publish: {'entity': 'business', 'action': 'create', 'id': '790d4b30-a977-4ab9-8308-dd0713d93a80', 'slug': 'svoi-yerevan-printing'}

[28/50] Quick Dry Carpet Cleaning
  svoi: webs=0 phones=1 addr=323 South Jackson Street
  no company website
  fill keys: ['address_line', 'city', 'google_maps_url', 'location_precision', 'phone', 'postal_code', 'state_code']
  recommendation updated
  publish: {'entity': 'business', 'action': 'create', 'id': 'c447c8ba-a22c-4e8c-aca8-61443a845ae0', 'slug': 'svoi-quick-dry-carpet-cleaning'}

[29/50] Meest California
  svoi: webs=1 phones=1 addr=500 East Harvard Street
  website keys: ['facebook_url', 'instagram_url', 'phones']
  fill keys: ['address_line', 'city', 'google_maps_url', 'instagram_url', 'location_precision', 'phone', 'postal_code', 'state_code', 'website']
  recommendation updated
  publish: {'entity': 'business', 'action': 'create', 'id': '36e5a966-500e-4e04-bae7-a4dc3f7ba306', 'slug': 'svoi-meest-california'}

[30/50] United Shipping Group
  svoi: webs=1 phones=1 addr=1307 East Colorado Street
  website keys: []
  fill keys: ['address_line', 'city', 'google_maps_url', 'location_precision', 'phone', 'postal_code', 'state_code', 'website']
  recommendation updated
  publish: {'entity': 'business', 'action': 'create', 'id': 'db15f0c9-b5fd-420d-835a-edf748a9cfe0', 'slug': 'svoi-united-shipping-group'}

[31/50] Tentek Employment Agency
  svoi: webs=0 phones=1 addr=101 North Brand Boulevard
  no company website
  fill keys: ['address_line', 'city', 'google_maps_url', 'location_precision', 'phone', 'postal_code', 'state_code']
  recommendation updated
  publish: {'entity': 'business', 'action': 'create', 'id': '8b9d22d4-6eb2-47e3-ba48-625970e4801b', 'slug': 'svoi-tentek-employment-agency'}

[32/50] Artush Photography
  svoi: webs=0 phones=1 addr=Glendale
  weak address skipped: Glendale
  no company website
  fill keys: ['city', 'google_maps_url', 'phone']
  recommendation updated
  skip publish (entity=business, street=False)

[33/50] Eagle Eye Video
  svoi: webs=0 phones=1 addr=216 North Glendale Avenue
  no company website
  fill keys: ['address_line', 'city', 'google_maps_url', 'location_precision', 'phone', 'postal_code', 'state_code']
  recommendation updated
  publish: {'entity': 'business', 'action': 'create', 'id': '8a97ec18-5cdf-4160-ac57-cbd4ff87e02d', 'slug': 'svoi-eagle-eye-video'}

[34/50] Eric Film Photo & Video
  svoi: webs=0 phones=1 addr=117 South Louise Street
  no company website
  fill keys: ['address_line', 'city', 'google_maps_url', 'location_precision', 'phone', 'postal_code', 'state_code']
  recommendation updated
  publish: {'entity': 'business', 'action': 'create', 'id': '5d2d080e-8aac-4c7e-9a92-e2a4f2873d46', 'slug': 'svoi-eric-film-photo-video'}

[35/50] Ara Kassabian CPA Accountants
  svoi: webs=1 phones=2 addr=136 North Glendale Avenue
  website keys: ['address_line', 'city', 'description', 'facebook_url', 'opening_hours', 'phones', 'postal_code', 'yelp_url']
  fill keys: ['address_line', 'city', 'google_maps_url', 'location_precision', 'opening_hours', 'phone', 'postal_code', 'state_code', 'website', 'yelp_url']
  recommendation updated
  publish: {'entity': 'business', 'action': 'create', 'id': '2340e91d-8f61-42f6-983a-0c952c57f1ef', 'slug': 'svoi-ara-kassabian-cpa-accountants'}

[36/50] Aram Stepanian CPA Accountants
  svoi: webs=1 phones=2 addr=1243 Virginia Avenue
  website error: <urlopen error [Errno 8] nodename nor servname provided, or not known>
  fill keys: ['address_line', 'city', 'google_maps_url', 'location_precision', 'phone', 'state_code', 'website']
  recommendation updated
  publish: {'entity': 'professional', 'action': 'create', 'id': '50599d6d-8794-4673-8072-ddde9cdb428b', 'slug': 'svoi-aram-stepanian-cpa-accountants'}

[37/50] Badalian Ed MBA EA Accounting Services
  svoi: webs=0 phones=1 addr=557 West Glenoaks Boulevard
  no company website
  fill keys: ['address_line', 'city', 'google_maps_url', 'location_precision', 'phone', 'postal_code', 'state_code']
  recommendation updated
  publish: {'entity': 'business', 'action': 'create', 'id': 'd10dc925-f570-45a2-9ee1-d73e5b1b7d1b', 'slug': 'svoi-badalian-ed-mba-ea-accounting-services'}

[38/50] Charles Schwab Glendale
  svoi: webs=0 phones=2 addr=500 North Brand Boulevard
  no company website
  fill keys: ['address_line', 'city', 'google_maps_url', 'location_precision', 'phone', 'postal_code', 'state_code']
  recommendation updated
  publish: {'entity': 'business', 'action': 'create', 'id': 'd37803ee-a5a8-4053-8d7d-b545cb7451fd', 'slug': 'svoi-charles-schwab-glendale'}

[39/50] Fidelity Financial Group Real Estate Loans
  svoi: webs=0 phones=1 addr=530 West Glenoaks Boulevard
  no company website
  fill keys: ['address_line', 'city', 'google_maps_url', 'location_precision', 'phone', 'state_code']
  recommendation updated
  publish: {'entity': 'business', 'action': 'create', 'id': 'ca5c5389-9552-480f-9135-6c1438cc217c', 'slug': 'svoi-fidelity-financial-group-real-estate-loans'}

[40/50] LA Capitol Mortgage Real Estate Loans
  svoi: webs=0 phones=1 addr=501 North Central Avenue
  no company website
  fill keys: ['address_line', 'city', 'google_maps_url', 'location_precision', 'phone', 'postal_code', 'state_code']
  recommendation updated
  publish: {'entity': 'business', 'action': 'create', 'id': '8c4a6d44-b4e1-4acb-933a-a4f81d13c319', 'slug': 'svoi-la-capitol-mortgage-real-estate-loans'}

[41/50] Arpi Design Web Site Design
  svoi: webs=1 phones=1 addr=313 East Broadway
  website error: <urlopen error [Errno 54] Connection reset by peer>
  fill keys: ['address_line', 'city', 'google_maps_url', 'location_precision', 'phone', 'postal_code', 'state_code', 'website']
  recommendation updated
  publish: {'entity': 'business', 'action': 'create', 'id': 'b4324bb5-5bed-4a0a-951b-eed86f5595d5', 'slug': 'svoi-arpi-design-web-site-design'}

[42/50] Studio AM
  svoi: webs=1 phones=1 addr=100 North Brand Boulevard
  website keys: ['description', 'facebook_url', 'instagram_url']
  fill keys: ['address_line', 'city', 'google_maps_url', 'instagram_url', 'location_precision', 'phone', 'postal_code', 'state_code', 'website']
  recommendation updated
  publish: {'entity': 'business', 'action': 'create', 'id': '902550e5-ca78-4df1-bed5-0eee22be0bd0', 'slug': 'svoi-studio-am'}

[43/50] Armen Market
  svoi: webs=0 phones=1 addr=1101 West Glenoaks Boulevard
  no company website
  fill keys: ['address_line', 'city', 'google_maps_url', 'location_precision', 'phone', 'postal_code', 'state_code']
  recommendation updated
  publish: {'entity': 'business', 'action': 'create', 'id': 'c0b11aa6-9591-47ab-95af-64f38c66df37', 'slug': 'svoi-armen-market'}

[44/50] Central Grand Market
  svoi: webs=0 phones=1 addr=1215 N. Central Ave
  no company website
  fill keys: ['address_line', 'city', 'google_maps_url', 'location_precision', 'phone', 'postal_code', 'state_code']
  recommendation updated
  publish: {'entity': 'business', 'action': 'create', 'id': '504086d4-99e6-450b-a50a-a6dba1f81868', 'slug': 'svoi-central-grand-market'}

[45/50] Dvin Meat Market
  svoi: webs=0 phones=1 addr=107 S. Adams St
  no company website
  fill keys: ['address_line', 'city', 'google_maps_url', 'location_precision', 'phone', 'postal_code', 'state_code']
  recommendation updated
  publish: {'entity': 'business', 'action': 'create', 'id': '8b914f56-4356-494c-b5ca-e469b281c927', 'slug': 'svoi-dvin-meat-market'}

[46/50] A & G Deli & Grocery
  svoi: webs=0 phones=1 addr=721 S. Central Ave
  no company website
  fill keys: ['address_line', 'city', 'google_maps_url', 'location_precision', 'phone', 'postal_code', 'state_code']
  recommendation updated
  publish: {'entity': 'business', 'action': 'create', 'id': '52530561-7038-4b32-9b1d-cbd6386f17bf', 'slug': 'svoi-a-g-deli-grocery'}

[47/50] Ani's Unique Garden Flowers
  svoi: webs=0 phones=1 addr=631 East Colorado Street
  no company website
  fill keys: ['address_line', 'city', 'google_maps_url', 'location_precision', 'phone', 'postal_code', 'state_code']
  recommendation updated
  publish: {'entity': 'business', 'action': 'create', 'id': '9bd495b0-0034-411c-b724-b9c83911fe9b', 'slug': 'svoi-ani-s-unique-garden-flowers'}

[48/50] Anoush And Lisas Flower And Gifts
  svoi: webs=0 phones=1 addr=407 West Chevy Chase Drive
  no company website
  fill keys: ['address_line', 'city', 'google_maps_url', 'location_precision', 'phone', 'postal_code', 'state_code']
  recommendation updated
  publish: {'entity': 'business', 'action': 'create', 'id': '25a54796-9af4-4a0a-b13c-31d90029f3a2', 'slug': 'svoi-anoush-and-lisas-flower-and-gifts'}

[49/50] Ani Banquet Hall Glendale
  svoi: webs=0 phones=1 addr=915 East Colorado Street
  no company website
  fill keys: ['address_line', 'city', 'google_maps_url', 'location_precision', 'phone', 'state_code']
  recommendation updated
  publish: {'entity': 'business', 'action': 'create', 'id': 'c7e38efb-542c-4cdb-9bbf-ac641bd04fb3', 'slug': 'svoi-ani-banquet-hall-glendale'}

[50/50] Anoush
  svoi: webs=0 phones=2 addr=1320 West Glenoaks Boulevard
  no company website
  fill keys: ['address_line', 'city', 'google_maps_url', 'location_precision', 'phone', 'postal_code', 'state_code']
  recommendation updated
  publish: {'entity': 'business', 'action': 'create', 'id': 'b575e396-63b2-4dab-a4d3-aa95bbfd9310', 'slug': 'svoi-anoush'}

Done. enriched=50 with_address=47 published=47 report=/Users/sammov/Russian business AI/scripts/business-enrich/data/svoi_enrich/batch_20260727T030017Z.json
Last targets=50 exit=0

===== ROUND 3 2026-07-27T03:00:17Z =====
targets=50 dry_run=False publish=True places=True publish_enriched=False

[1/50] Big Mama's & Papa's Pizza
  svoi: webs=0 phones=1 addr=921 East Broadway
  no company website
  places: error
  places quota exhausted — continuing without Places
  fill keys: ['address_line', 'city', 'google_maps_url', 'location_precision', 'phone', 'postal_code', 'state_code']
  recommendation updated
  publish: {'entity': 'business', 'action': 'create', 'id': 'dbbeb22f-242d-428f-92ba-9eb358abaaaf', 'slug': 'svoi-big-mama-s-papa-s-pizza'}

[2/50] AMGA, Armenian Media Group of America Armenian Television Stations
  svoi: webs=1 phones=1 addr=1520 West Glenoaks Boulevard
  website keys: ['emails', 'facebook_url']
  fill keys: ['address_line', 'city', 'email', 'google_maps_url', 'location_precision', 'phone', 'website']
  recommendation updated
  publish: {'entity': 'business', 'action': 'create', 'id': '3bb76fb4-92dd-41ef-9a63-498f02cca5c4', 'slug': 'svoi-amga-armenian-media-group-of-america-armenian-te'}

[3/50] Armenia Newspaper
  svoi: webs=0 phones=1 addr=E Harvard St
  no company website
  fill keys: ['address_line', 'city', 'google_maps_url', 'location_precision', 'phone']
  recommendation updated
  publish: {'entity': 'business', 'action': 'create', 'id': '2828c4ce-01ff-470c-8b94-728aff7f86e4', 'slug': 'svoi-armenia-newspaper'}

[4/50] Xpress TV
  svoi: webs=1 phones=2 addr=423 West Stocker Street
  website keys: []
  fill keys: ['address_line', 'city', 'google_maps_url', 'location_precision', 'phone', 'postal_code', 'state_code', 'website']
  recommendation updated
  publish: {'entity': 'business', 'action': 'create', 'id': '334685f2-c493-485f-a9eb-7674d71764a1', 'slug': 'svoi-xpress-tv'}

[5/50] USArmenia
  svoi: webs=1 phones=5 addr=229 N Central ave
  website keys: ['facebook_url', 'instagram_url']
  fill keys: ['address_line', 'city', 'google_maps_url', 'instagram_url', 'location_precision', 'phone', 'postal_code', 'state_code', 'website']
  recommendation updated
  publish: {'entity': 'business', 'action': 'create', 'id': 'e90b9e09-c1a0-48ba-8e3d-b21c014cfede', 'slug': 'svoi-usarmenia'}

[6/50] AAdvanced Dental
  svoi: webs=1 phones=1 addr=1508 Washington Street
  website keys: ['address_line', 'city', 'description', 'facebook_url', 'instagram_url', 'opening_hours', 'phones', 'postal_code']
  fill keys: ['address_line', 'city', 'google_maps_url', 'instagram_url', 'location_precision', 'opening_hours', 'phone', 'postal_code', 'state_code', 'website']
  recommendation updated
  publish: {'entity': 'business', 'action': 'create', 'id': 'e2252756-3f20-4a80-b11d-49d741150110', 'slug': 'svoi-aadvanced-dental'}

[7/50] Value Dental Vancouver
  svoi: webs=1 phones=3 addr=6115 NE 114th Ave
  website keys: ['emails', 'facebook_url', 'phones']
  fill keys: ['address_line', 'city', 'email', 'google_maps_url', 'location_precision', 'phone', 'postal_code', 'state_code', 'website']
  recommendation updated
  publish: {'entity': 'business', 'action': 'create', 'id': 'deecaa6b-b727-4105-a2fa-bf7fbddfcf2f', 'slug': 'svoi-value-dental-vancouver'}

[8/50] Adroit Family Dental - Доктор Кирилл Смирнов
  svoi: webs=1 phones=4 addr=5493 Amy Street
  website keys: []
  fill keys: ['address_line', 'city', 'google_maps_url', 'location_precision', 'phone', 'postal_code', 'state_code', 'website']
  recommendation updated
  publish: {'entity': 'professional', 'action': 'create', 'id': '16a9b914-d882-4f05-80d2-bf074ee2710b', 'slug': 'svoi-adroit-family-dental'}

[9/50] Bozena M. Celnik, ND
  svoi: webs=1 phones=2 addr=6205 Carman Dr
  website keys: []
  fill keys: ['address_line', 'city', 'google_maps_url', 'location_precision', 'phone', 'postal_code', 'state_code', 'website']
  recommendation updated
  publish: {'entity': 'business', 'action': 'create', 'id': 'b705e07b-2d0a-42d2-ba52-8f06f5340fc5', 'slug': 'svoi-bozena-m-celnik-nd'}

[10/50] Клиника натуральной медицины For Natural Healing
  svoi: webs=1 phones=3 addr=11630 SE 40 AVE
  website keys: ['description']
  fill keys: ['address_line', 'city', 'google_maps_url', 'location_precision', 'phone', 'postal_code', 'state_code', 'website']
  recommendation updated
  publish: {'entity': 'business', 'action': 'create', 'id': 'd3ffeccf-8dab-4e9e-a0db-408ec9797448', 'slug': 'svoi-for-natural-healing'}

[11/50] Sunrise Family Medical
  svoi: webs=1 phones=5 addr=9300 SE 91 street
  website keys: ['description', 'facebook_url', 'instagram_url', 'opening_hours', 'phones']
  fill keys: ['address_line', 'city', 'google_maps_url', 'instagram_url', 'location_precision', 'opening_hours', 'phone', 'state_code', 'website']
  recommendation updated
  publish: {'entity': 'business', 'action': 'create', 'id': '954b44b0-71e3-4f17-8303-8cfe9f01ca8f', 'slug': 'svoi-sunrise-family-medical'}

[12/50] Integrity Counseling - Olya Pavlishina, LMFT
  svoi: webs=1 phones=2 addr=201 SE 124th Ave
  website keys: ['address_line', 'city', 'facebook_url', 'opening_hours', 'postal_code', 'state_code']
  fill keys: ['address_line', 'city', 'google_maps_url', 'location_precision', 'opening_hours', 'phone', 'postal_code', 'state_code', 'website']
  recommendation updated
  publish: {'entity': 'business', 'action': 'create', 'id': '22765807-d02d-43ee-9099-fa709d8ce847', 'slug': 'svoi-integrity-counseling-olya-pavlishina-lmft'}

[13/50] Соня Шепсис
  svoi: webs=1 phones=1 addr=1130 SW Morrison Street
  website keys: []
  fill keys: ['address_line', 'city', 'google_maps_url', 'location_precision', 'phone', 'state_code', 'website']
  recommendation updated
  publish: {'entity': 'business', 'action': 'create', 'id': 'b4c409d4-c1cb-4fce-9a48-dff4402721ca', 'slug': 'svoi-biz-47'}

[14/50] Gateway Womens Clinic
  svoi: webs=1 phones=2 addr=177 Northeast 102nd Avenue
  website error: HTTP Error 403: Forbidden
  fill keys: ['address_line', 'city', 'google_maps_url', 'location_precision', 'phone', 'postal_code', 'state_code', 'website']
  recommendation updated
  publish: {'entity': 'business', 'action': 'create', 'id': '05a81cc5-86a1-4e86-9fe7-0687106d8bea', 'slug': 'svoi-gateway-womens-clinic'}

[15/50] Max Grishkevich - VIP MediSpa, LLC
  svoi: webs=1 phones=3 addr=1500 SW 1st Ave.
  website keys: ['facebook_url', 'instagram_url', 'phones']
  fill keys: ['address_line', 'city', 'google_maps_url', 'instagram_url', 'location_precision', 'phone', 'state_code', 'website']
  recommendation updated
  publish: {'entity': 'business', 'action': 'create', 'id': '24ed480e-b75b-4b67-9d09-348b10dc64b9', 'slug': 'svoi-max-grishkevich-vip-medispa-llc'}

[16/50] Eye Health Northwest (Troutdale)
  svoi: webs=1 phones=3 addr=24601 SE Stark St
  website keys: ['address_line', 'city', 'description', 'facebook_url', 'instagram_url', 'opening_hours', 'phones', 'postal_code', 'state_code']
  fill keys: ['address_line', 'city', 'google_maps_url', 'instagram_url', 'location_precision', 'opening_hours', 'phone', 'postal_code', 'state_code', 'website']
  recommendation updated
  publish: {'entity': 'business', 'action': 'create', 'id': '43f52a66-b7d2-4ec4-b4b7-64d1f020fc76', 'slug': 'svoi-eye-health-northwest-troutdale'}

[17/50] Виктория Смалко
  svoi: webs=0 phones=1 addr=502 NE 197th Ave
  no company website
  fill keys: ['address_line', 'city', 'google_maps_url', 'location_precision', 'phone', 'state_code']
  recommendation updated
  publish: {'entity': 'business', 'action': 'create', 'id': '2fa06fc8-8fb5-4d36-a4fc-014629c92db1', 'slug': 'svoi-biz-48'}

[18/50] Amanecer/Sunrise Chiropractic Center
  svoi: webs=1 phones=3 addr=938 SE Oak St
  website error: <urlopen error [Errno 8] nodename nor servname provided, or not known>
  fill keys: ['address_line', 'city', 'google_maps_url', 'location_precision', 'phone', 'postal_code', 'state_code', 'website']
  recommendation updated
  publish: {'entity': 'business', 'action': 'create', 'id': 'e0feebe2-a625-47dd-a1e3-fb9a0f27578b', 'slug': 'svoi-amanecer-sunrise-chiropractic-center'}

[19/50] Springwater Chiropractic Clinic
  svoi: webs=1 phones=2 addr=1659 Northeast Market Drive
  website keys: ['facebook_url', 'phones', 'yelp_url']
  fill keys: ['address_line', 'city', 'google_maps_url', 'location_precision', 'phone', 'postal_code', 'state_code', 'website', 'yelp_url']
  recommendation updated
  publish: {'entity': 'business', 'action': 'create', 'id': '2935885d-a9b5-4a00-a0a4-49293a88ecfe', 'slug': 'svoi-springwater-chiropractic-clinic'}

[20/50] Pacific Chiropractic & Wellness Center
  svoi: webs=1 phones=2 addr=17221 Southeast Division Street
  website keys: ['address_line', 'city', 'description', 'emails', 'facebook_url', 'instagram_url', 'phones', 'postal_code', 'state_code']
  fill keys: ['address_line', 'city', 'email', 'google_maps_url', 'instagram_url', 'location_precision', 'phone', 'postal_code', 'state_code', 'website']
  recommendation updated
  publish: {'entity': 'business', 'action': 'create', 'id': '4ac2cac2-d151-4e74-a391-43c4034bc9b5', 'slug': 'svoi-pacific-chiropractic-wellness-center'}

[21/50] NW Injury & Rehab Center, P.S.
  svoi: webs=1 phones=1 addr=7700 Northeast Greenwood Drive
  website keys: ['address_line', 'city', 'opening_hours', 'phones', 'postal_code', 'state_code']
  fill keys: ['address_line', 'city', 'google_maps_url', 'location_precision', 'opening_hours', 'phone', 'postal_code', 'state_code', 'website']
  recommendation updated
  publish: {'entity': 'business', 'action': 'create', 'id': '610ff7b4-c278-4a7b-aca5-b5bfdbe630ec', 'slug': 'svoi-nw-injury-rehab-center-p-s'}

[22/50] Health Care Medical Supply
  svoi: webs=1 phones=1 addr=4000 SE 82nd Ave
  website error: <urlopen error timed out>
  fill keys: ['address_line', 'city', 'google_maps_url', 'location_precision', 'phone', 'postal_code', 'state_code', 'website']
  recommendation updated
  publish: {'entity': 'business', 'action': 'create', 'id': '44cde4d0-9f17-4d5c-bd2b-f2ad992eee62', 'slug': 'svoi-health-care-medical-supply'}

[23/50] HearUSA / Hearing Aid Specialist - Renata Sibgatullina
  svoi: webs=1 phones=2 addr=15405 SW 116th Ave
  website error: <urlopen error [SSL: CERTIFICATE_VERIFY_FAILED] certificate verify failed: certificate has expired (_ssl.c:1129)>
  fill keys: ['address_line', 'city', 'google_maps_url', 'location_precision', 'phone', 'state_code', 'website']
  recommendation updated
  publish: {'entity': 'business', 'action': 'create', 'id': 'b23206b2-eecb-48a4-8599-cbcd5797959a', 'slug': 'svoi-hearusa-hearing-aid-specialist-renata-sibgatulli'}

[24/50] Astra Limousine and Town Car Service
  svoi: webs=1 phones=3 addr=4506 SE Anderegg Loop
  website error: <urlopen error [Errno 8] nodename nor servname provided, or not known>
  fill keys: ['address_line', 'city', 'google_maps_url', 'location_precision', 'phone', 'state_code', 'website']
  recommendation updated
  publish: {'entity': 'business', 'action': 'create', 'id': 'cb9f8324-a90a-4c5e-a842-cec53b7fc43b', 'slug': 'svoi-astra-limousine-and-town-car-service'}

[25/50] Auto Truck Source
  svoi: webs=1 phones=5 addr=18500 Southeast Mcloughlin Blvd
  website error: HTTP Error 403: Forbidden
  fill keys: ['address_line', 'city', 'google_maps_url', 'location_precision', 'phone', 'postal_code', 'state_code', 'website']
  recommendation updated
  publish: {'entity': 'business', 'action': 'create', 'id': '875fd23a-454e-48c3-93c2-5a9af4ff21fb', 'slug': 'svoi-auto-truck-source'}

[26/50] Superior Auto Co.
  svoi: webs=1 phones=2 addr=6339 Northeast 112th Avenue
  website error: <urlopen error [Errno 8] nodename nor servname provided, or not known>
  fill keys: ['address_line', 'city', 'google_maps_url', 'location_precision', 'phone', 'postal_code', 'state_code', 'website']
  recommendation updated
  publish: {'entity': 'business', 'action': 'create', 'id': '570e0e24-691a-4d3e-8abb-5918196f7b6d', 'slug': 'svoi-superior-auto-co'}

[27/50] Autobidmaster
  svoi: webs=1 phones=4 addr=6807 NE 79th Ct
  website keys: []
  fill keys: ['address_line', 'city', 'google_maps_url', 'location_precision', 'phone', 'state_code', 'website']
  recommendation updated
  publish: {'entity': 'business', 'action': 'create', 'id': '990ff018-e206-44d9-952f-9d505dd9f7dd', 'slug': 'svoi-autobidmaster'}

[28/50] Страхование / Независимый агент Гафур Камбаров
  svoi: webs=1 phones=4 addr=832 NE 223rd Ave
  website error: HTTP Error 403: Forbidden
  fill keys: ['address_line', 'city', 'google_maps_url', 'location_precision', 'phone', 'state_code', 'website']
  recommendation updated
  publish: {'entity': 'business', 'action': 'create', 'id': '682380d7-5955-4cea-a933-aa9a16a30b94', 'slug': 'svoi-biz-49'}

[29/50] Country Insurance and Financial
  svoi: webs=1 phones=1 addr=885 SW Baseline St
  website error: HTTP Error 403: Forbidden
  fill keys: ['address_line', 'city', 'google_maps_url', 'location_precision', 'phone', 'state_code', 'website']
  recommendation updated
  publish: {'entity': 'business', 'action': 'create', 'id': 'ea4d0039-12d2-470f-ad50-e13ecbf2aab8', 'slug': 'svoi-country-insurance-and-financial'}

[30/50] Allstate Insurance - Алекс Михно
  svoi: webs=1 phones=4 addr=11302 NE Fourth Plain Blvd
  website error: HTTP Error 403: Forbidden
  fill keys: ['address_line', 'city', 'google_maps_url', 'location_precision', 'phone', 'postal_code', 'state_code', 'website']
  recommendation updated
  publish: {'entity': 'business', 'action': 'create', 'id': 'a2a94b80-65d2-4699-a089-1cc549d59ad1', 'slug': 'svoi-allstate-insurance'}

[31/50] Mikes Auto Glass
  svoi: webs=1 phones=1 addr=13021 NE 87th St
  no company website
  fill keys: ['address_line', 'city', 'google_maps_url', 'location_precision', 'phone']
  recommendation updated
  publish: {'entity': 'business', 'action': 'create', 'id': 'cdf8668f-4b47-4009-813f-aac3ea42aecb', 'slug': 'svoi-mikes-auto-glass'}

[32/50] Affordable Truck Repair
  svoi: webs=1 phones=3 addr=17090 NE San Rafael St
  website error: <urlopen error [Errno 8] nodename nor servname provided, or not known>
  fill keys: ['address_line', 'city', 'google_maps_url', 'location_precision', 'phone', 'postal_code', 'state_code', 'website']
  recommendation updated
  publish: {'entity': 'business', 'action': 'create', 'id': 'c4b3bbec-808e-4c18-b523-f60678059f09', 'slug': 'svoi-affordable-truck-repair'}

[33/50] Tire Market
  svoi: webs=1 phones=1 addr=8602 NE HWY 99
  website keys: []
  fill keys: ['address_line', 'city', 'google_maps_url', 'location_precision', 'phone', 'postal_code', 'state_code', 'website']
  recommendation updated
  publish: {'entity': 'business', 'action': 'create', 'id': 'b3342367-d614-448f-a3e8-1df29d569fbd', 'slug': 'svoi-tire-market'}

[34/50] Northwest Town Car
  svoi: webs=1 phones=1 addr=17590 SW Loma Vista St
  website keys: ['description', 'emails', 'facebook_url', 'yelp_url']
  fill keys: ['address_line', 'city', 'email', 'google_maps_url', 'location_precision', 'phone', 'state_code', 'website', 'yelp_url']
  recommendation updated
  publish: {'entity': 'business', 'action': 'create', 'id': '48644549-f8da-4677-acbc-e7cab7c04ab6', 'slug': 'svoi-northwest-town-car'}

[35/50] Broadway Cab
  svoi: webs=1 phones=1 addr=8725 NE Emerson St
  website keys: ['description', 'emails', 'facebook_url', 'opening_hours', 'phones']
  fill keys: ['address_line', 'city', 'email', 'google_maps_url', 'location_precision', 'opening_hours', 'phone', 'state_code', 'website']
  recommendation updated
  publish: {'entity': 'business', 'action': 'create', 'id': 'ca215b0b-274f-4acb-a62f-e91e53ecd199', 'slug': 'svoi-broadway-cab'}

[36/50] Smart Baby Preschool
  svoi: webs=1 phones=3 addr=18530 SW Pike St
  website error: HTTP Error 404: Not Found
  fill keys: ['address_line', 'city', 'google_maps_url', 'location_precision', 'phone', 'state_code', 'website']
  recommendation updated
  publish: {'entity': 'business', 'action': 'create', 'id': 'ffc21ff4-aa83-4516-a153-1cb6654e0678', 'slug': 'svoi-smart-baby-preschool'}

[37/50] Children's Valley
  svoi: webs=1 phones=3 addr=11100 NE Skidmore St
  no company website
  fill keys: ['address_line', 'city', 'google_maps_url', 'location_precision', 'phone', 'postal_code', 'state_code']
  recommendation updated
  publish: {'entity': 'business', 'action': 'create', 'id': 'fbcb7429-5ec1-4ad4-98c3-0223cb4b5c41', 'slug': 'svoi-children-s-valley'}

[38/50] Cornerstone Christian Academy
  svoi: webs=1 phones=1 addr=10818 NE 117th Ave
  website keys: ['emails', 'facebook_url', 'phones']
  fill keys: ['address_line', 'city', 'email', 'google_maps_url', 'location_precision', 'phone', 'postal_code', 'state_code', 'website']
  recommendation updated
  publish: {'entity': 'business', 'action': 'create', 'id': '00109801-1997-45b1-87ac-9751d45be906', 'slug': 'svoi-cornerstone-christian-academy'}

[39/50] Славянская Христианская Академия
  svoi: webs=1 phones=5 addr=7300 Macarthur Boulevard
  website error: <urlopen error [SSL: CERTIFICATE_VERIFY_FAILED] certificate verify failed: certificate has expired (_ssl.c:1129)>
  fill keys: ['address_line', 'city', 'google_maps_url', 'location_precision', 'phone', 'postal_code', 'state_code', 'website']
  recommendation updated
  publish: {'entity': 'business', 'action': 'create', 'id': 'faca3879-3e5d-469c-9a7a-839e8ad3559c', 'slug': 'svoi-biz-50'}

[40/50] Med+Outreach CPR
  svoi: webs=1 phones=1 addr=1000 NE 122nd Ave
  website keys: ['description', 'facebook_url', 'instagram_url', 'phones']
  fill keys: ['address_line', 'city', 'google_maps_url', 'instagram_url', 'location_precision', 'phone', 'state_code', 'website']
  recommendation updated
  publish: {'entity': 'business', 'action': 'create', 'id': '28f29469-1943-4e1b-8fdc-897e826db212', 'slug': 'svoi-med-outreach-cpr'}

[41/50] Анастасия Брэдбери
  svoi: webs=1 phones=4 addr=2074 NW Aloclek Dr
  website error: <urlopen error [Errno 8] nodename nor servname provided, or not known>
  fill keys: ['address_line', 'city', 'google_maps_url', 'location_precision', 'phone', 'state_code', 'website']
  recommendation updated
  publish: {'entity': 'business', 'action': 'create', 'id': 'cf5e8e3d-3798-4890-800d-52c861944533', 'slug': 'svoi-biz-51'}

[42/50] Sultanov Russian Ballet Academy
  svoi: webs=1 phones=3 addr=1800 NW 167th Pl
  website keys: []
  fill keys: ['address_line', 'city', 'google_maps_url', 'location_precision', 'phone', 'state_code', 'website']
  recommendation updated
  publish: {'entity': 'business', 'action': 'create', 'id': '75b2fb9a-09ff-4ddd-ba52-3b1313f96257', 'slug': 'svoi-sultanov-russian-ballet-academy'}

[43/50] Театр "Алые паруса"
  svoi: webs=0 phones=4 addr=5755 SW Erickson Ave
  no company website
  fill keys: ['address_line', 'city', 'google_maps_url', 'location_precision', 'phone', 'state_code']
  recommendation updated
  publish: {'entity': 'business', 'action': 'create', 'id': 'aaf15382-9d57-4cd2-9b74-8545cf0fadb3', 'slug': 'svoi-biz-52'}

[44/50] The Batrakova Law Office
  svoi: webs=1 phones=3 addr=4949 Meadows Rd
  website keys: ['address_line', 'city', 'description', 'emails', 'facebook_url', 'instagram_url', 'phones', 'postal_code', 'state_code', 'yelp_url']
  fill keys: ['address_line', 'city', 'email', 'google_maps_url', 'instagram_url', 'location_precision', 'phone', 'postal_code', 'state_code', 'website', 'yelp_url']
  recommendation updated
  publish: {'entity': 'business', 'action': 'create', 'id': '2905d082-0544-4018-8bd7-2091e5ccd2cf', 'slug': 'svoi-the-batrakova-law-office'}

[45/50] Иван Закхэим
  svoi: webs=1 phones=2 addr=5550 Southwest Macadam Avenue
  no company website
  fill keys: ['address_line', 'city', 'google_maps_url', 'location_precision', 'phone', 'postal_code', 'state_code']
  recommendation updated
  publish: {'entity': 'business', 'action': 'create', 'id': '4e3e0a9a-f810-456a-808c-accc1f04ae6e', 'slug': 'svoi-biz-53'}

[46/50] Адвокат Лариса Рассказова
  svoi: webs=0 phones=1 addr=1020 Sw Taylor St
  no company website
  fill keys: ['address_line', 'city', 'google_maps_url', 'location_precision', 'phone', 'postal_code', 'state_code']
  recommendation updated
  publish: {'entity': 'business', 'action': 'create', 'id': '8a9eff6f-f15d-4207-a7f4-e85e33c98ec2', 'slug': 'svoi-biz-54'}

[47/50] Адвокатское бюро Erin Bradley McAleer
  svoi: webs=1 phones=2 addr=3709 E Fourth Plain Blvd
  website keys: ['description', 'facebook_url', 'phones']
  fill keys: ['address_line', 'city', 'google_maps_url', 'location_precision', 'phone', 'postal_code', 'state_code', 'website']
  recommendation updated
  publish: {'entity': 'business', 'action': 'create', 'id': '32143135-62cc-4639-a372-8892d72c3d05', 'slug': 'svoi-erin-bradley-mcaleer'}

[48/50] Law Office of Thomas Nawalany
  svoi: webs=1 phones=3 addr=3506 Southeast 66th Avenue
  no company website
  fill keys: ['address_line', 'city', 'google_maps_url', 'location_precision', 'phone', 'postal_code', 'state_code']
  recommendation updated
  publish: {'entity': 'business', 'action': 'create', 'id': '6d82e364-68cb-472b-9eef-3b13c897b5c8', 'slug': 'svoi-law-office-of-thomas-nawalany'}

[49/50] Адвокатское бюро «Александр Гамалян»
  svoi: webs=1 phones=2 addr=4228 Southeast Powell Boulevard
  website keys: ['facebook_url', 'phones']
  fill keys: ['address_line', 'city', 'google_maps_url', 'location_precision', 'phone', 'postal_code', 'state_code', 'website']
  recommendation updated
  publish: {'entity': 'business', 'action': 'create', 'id': '5622b348-5c1c-48fc-8df6-7acd273e78ab', 'slug': 'svoi-biz-55'}

[50/50] Portland Business Attorneys at Law
  svoi: webs=1 phones=1 addr=514 NW 11th Ave
  website keys: ['description', 'emails', 'facebook_url', 'instagram_url', 'phones']
  fill keys: ['address_line', 'city', 'email', 'google_maps_url', 'instagram_url', 'location_precision', 'phone', 'state_code', 'website']
  recommendation updated
  publish: {'entity': 'business', 'action': 'create', 'id': '924a7793-068e-47c5-84ad-1bad47c20d78', 'slug': 'svoi-portland-business-attorneys-at-law'}

Done. enriched=50 with_address=50 published=50 report=/Users/sammov/Russian business AI/scripts/business-enrich/data/svoi_enrich/batch_20260727T030459Z.json
Last targets=50 exit=0

===== ROUND 4 2026-07-27T03:04:59Z =====
targets=50 dry_run=False publish=True places=True publish_enriched=False

[1/50] Herron Law
  svoi: webs=1 phones=3 addr=5285 Meadows Road
  website keys: ['address_line', 'city', 'description', 'emails', 'facebook_url', 'opening_hours', 'phones', 'postal_code']
  places: error
  places quota exhausted — continuing without Places
  fill keys: ['address_line', 'city', 'email', 'google_maps_url', 'location_precision', 'opening_hours', 'phone', 'postal_code', 'state_code', 'website']
  recommendation updated
  publish: {'entity': 'business', 'action': 'create', 'id': 'fe488534-13b6-4412-8fd9-0e37ce4f58e9', 'slug': 'svoi-herron-law'}

[2/50] Nexus Realty International - Pavel Stepanov
  svoi: webs=1 phones=3 addr=4020 Lake Washington Blvd NE
  website error: <urlopen error [Errno 8] nodename nor servname provided, or not known>
  fill keys: ['address_line', 'city', 'google_maps_url', 'location_precision', 'phone', 'postal_code', 'state_code', 'website']
  recommendation updated
  publish: {'entity': 'business', 'action': 'create', 'id': 'ffa76881-afcf-44ee-9152-eeb6589fc265', 'slug': 'svoi-nexus-realty-international-pavel-stepanov'}

[3/50] VirtuDesk
  svoi: webs=1 phones=3 addr=4020 Lake Washington Blvd
  website keys: ['description', 'facebook_url', 'instagram_url', 'phones']
  fill keys: ['address_line', 'city', 'google_maps_url', 'instagram_url', 'location_precision', 'phone', 'state_code', 'website']
  recommendation updated
  publish: {'entity': 'business', 'action': 'create', 'id': '1529726d-08af-4b70-8d03-5691c936b396', 'slug': 'svoi-virtudesk'}

[4/50] The Handris Realty Company - Petr Zhukivskiy
  svoi: webs=1 phones=1 addr=2008 Willamette Falls Dr
  website error: HTTP Error 403: Forbidden
  fill keys: ['address_line', 'city', 'google_maps_url', 'location_precision', 'phone', 'state_code', 'website']
  recommendation updated
  publish: {'entity': 'business', 'action': 'create', 'id': '17ffc13e-2acd-428d-8857-b892006649ad', 'slug': 'svoi-the-handris-realty-company-petr-zhukivskiy'}

[5/50] Строительная компания Ameridream Construction
  svoi: webs=1 phones=4 addr=4204 NE 78th St
  no company website
  fill keys: ['address_line', 'city', 'google_maps_url', 'location_precision', 'phone', 'postal_code', 'state_code']
  recommendation updated
  publish: {'entity': 'business', 'action': 'create', 'id': '701874e6-580b-429c-84eb-6d889329dd86', 'slug': 'svoi-ameridream-construction'}

[6/50] Hawthorne Realty LLC - Lili Dezhnyuk
  svoi: webs=0 phones=1 addr=10117 SE Sunnyside Road
  no company website
  fill keys: ['address_line', 'city', 'google_maps_url', 'location_precision', 'phone', 'state_code']
  recommendation updated
  publish: {'entity': 'business', 'action': 'create', 'id': '7473c69e-b3d6-4822-b854-b0c68b2bb9f0', 'slug': 'svoi-hawthorne-realty-llc-lili-dezhnyuk'}

[7/50] Украинский объединенный кредитный союз (Ванкувер)
  svoi: webs=1 phones=2 addr=11208 NE Fourth Plain Blvd
  website keys: ['facebook_url', 'phones']
  fill keys: ['address_line', 'city', 'google_maps_url', 'location_precision', 'phone', 'postal_code', 'state_code', 'website']
  recommendation updated
  publish: {'entity': 'business', 'action': 'create', 'id': 'e6912871-82e4-4b32-bd68-8f523556f652', 'slug': 'svoi-biz-56'}

[8/50] On Q Financial - Lana's Team
  svoi: webs=1 phones=4 addr=201 NE Park Plaza Dr
  website error: <urlopen error [SSL: TLSV1_ALERT_PROTOCOL_VERSION] tlsv1 alert protocol version (_ssl.c:1129)>
  fill keys: ['address_line', 'city', 'google_maps_url', 'location_precision', 'phone', 'state_code', 'website']
  recommendation updated
  publish: {'entity': 'business', 'action': 'create', 'id': '2e4fa2ab-edfc-4b9b-9b22-72c7e8bea459', 'slug': 'svoi-on-q-financial-lana-s-team'}

[9/50] Ukrainian Federal Credit Union
  svoi: webs=1 phones=2 addr=11050 Powell Blvd
  website keys: ['facebook_url', 'phones']
  fill keys: ['address_line', 'city', 'google_maps_url', 'location_precision', 'phone', 'postal_code', 'state_code', 'website']
  recommendation updated
  publish: {'entity': 'business', 'action': 'create', 'id': 'c7733182-18ce-4f42-9f39-72bc3d2d4163', 'slug': 'svoi-ukrainian-federal-credit-union'}

[10/50] Porch Light Appraisal
  svoi: webs=1 phones=5 addr=800 NE Tenney Rd.
  website keys: ['description', 'emails', 'facebook_url', 'instagram_url', 'phones']
  fill keys: ['address_line', 'city', 'email', 'google_maps_url', 'instagram_url', 'location_precision', 'phone', 'state_code', 'website']
  recommendation updated
  publish: {'entity': 'business', 'action': 'create', 'id': '93262388-e970-4433-b5df-c20a8e6ccfed', 'slug': 'svoi-porch-light-appraisal'}

[11/50] DM Stone Construction inc
  svoi: webs=1 phones=4 addr=10215 NE 116 Ct
  website error: <urlopen error [Errno 8] nodename nor servname provided, or not known>
  fill keys: ['address_line', 'city', 'google_maps_url', 'location_precision', 'phone', 'state_code', 'website']
  recommendation updated
  publish: {'entity': 'business', 'action': 'create', 'id': 'ce9a51a1-e8b6-4f06-9ef9-5ccbf2e6f024', 'slug': 'svoi-dm-stone-construction-inc'}

[12/50] Peter Drokin - Drokin Brothers INC
  svoi: webs=0 phones=4 addr=10919 Ne 88th St
  no company website
  fill keys: ['address_line', 'city', 'google_maps_url', 'location_precision', 'phone', 'state_code']
  recommendation updated
  publish: {'entity': 'business', 'action': 'create', 'id': '455154a7-69ff-4781-ac6b-61e2e2f7910f', 'slug': 'svoi-peter-drokin-drokin-brothers-inc'}

[13/50] Andrey Zhuk Construction
  svoi: webs=0 phones=1 addr=12811 SE Cooper St
  no company website
  fill keys: ['address_line', 'city', 'google_maps_url', 'location_precision', 'phone', 'postal_code', 'state_code']
  recommendation updated
  publish: {'entity': 'business', 'action': 'create', 'id': '1f18df06-2f45-41e8-8713-25e969522c78', 'slug': 'svoi-andrey-zhuk-construction'}

[14/50] Lily Cabinets and Countertops
  svoi: webs=0 phones=1 addr=18513 Northeast Fourth Plain Boulevard
  no company website
  fill keys: ['address_line', 'city', 'google_maps_url', 'location_precision', 'phone', 'postal_code', 'state_code']
  recommendation updated
  publish: {'entity': 'business', 'action': 'create', 'id': 'b3d20cb5-7deb-48ec-9333-8225621661b8', 'slug': 'svoi-lily-cabinets-and-countertops'}

[15/50] Creative Cabinets
  svoi: webs=1 phones=3 addr=2700 NE Andresen Rd
  website keys: ['address_line', 'city', 'description', 'instagram_url', 'opening_hours', 'phones', 'postal_code', 'state_code']
  fill keys: ['address_line', 'city', 'google_maps_url', 'instagram_url', 'location_precision', 'opening_hours', 'phone', 'postal_code', 'state_code', 'website']
  recommendation updated
  publish: {'entity': 'business', 'action': 'create', 'id': 'c36c7087-3bba-4ca8-b252-b3c65a57529d', 'slug': 'svoi-creative-cabinets'}

[16/50] Cascade Home Decor
  svoi: webs=1 phones=3 addr=12810 NE Airport Way
  website keys: ['facebook_url', 'phones']
  fill keys: ['address_line', 'city', 'google_maps_url', 'location_precision', 'phone', 'postal_code', 'state_code', 'website']
  recommendation updated
  publish: {'entity': 'business', 'action': 'create', 'id': '57d3c78b-5b12-4b30-b4b6-b2199c32eae2', 'slug': 'svoi-cascade-home-decor'}

[17/50] A to Z Custom Painting
  svoi: webs=1 phones=2 addr=2717 NE 102nd St
  website error: <urlopen error [Errno 8] nodename nor servname provided, or not known>
  fill keys: ['address_line', 'city', 'google_maps_url', 'location_precision', 'phone', 'postal_code', 'state_code', 'website']
  recommendation updated
  publish: {'entity': 'business', 'action': 'create', 'id': '30b45023-3980-495f-aeb1-c9a9998ccb7b', 'slug': 'svoi-a-to-z-custom-painting'}

[18/50] Let's Remodel
  svoi: webs=1 phones=3 addr=12518 Northeast Airport Way
  website keys: ['address_line', 'city', 'description', 'emails', 'facebook_url', 'instagram_url', 'opening_hours', 'phones', 'postal_code', 'yelp_url']
  fill keys: ['address_line', 'city', 'email', 'google_maps_url', 'instagram_url', 'location_precision', 'opening_hours', 'phone', 'postal_code', 'state_code', 'website', 'yelp_url']
  recommendation updated
  publish: {'entity': 'business', 'action': 'create', 'id': '12ad3484-cf09-4398-906a-b67f3302a3dc', 'slug': 'svoi-let-s-remodel'}

[19/50] Perfect Carpet Cleaning
  svoi: webs=0 phones=1 addr=604 Northwest 16th Street
  no company website
  fill keys: ['address_line', 'city', 'google_maps_url', 'location_precision', 'phone', 'postal_code', 'state_code']
  recommendation updated
  publish: {'entity': 'business', 'action': 'create', 'id': '751015c9-81e9-47ee-8b58-51f9af8ec8fd', 'slug': 'svoi-perfect-carpet-cleaning'}

[20/50] A&D Carpet Cleaning
  svoi: webs=0 phones=2 addr=2448 Northwest Ava Avenue
  no company website
  fill keys: ['address_line', 'city', 'google_maps_url', 'location_precision', 'phone', 'postal_code', 'state_code']
  recommendation updated
  publish: {'entity': 'business', 'action': 'create', 'id': 'd6104687-dfd0-41ea-a05a-19408fae241e', 'slug': 'svoi-a-d-carpet-cleaning'}

[21/50] Marks Professional Carpet Cleaning
  svoi: webs=0 phones=2 addr=5005 Southwest Texas Street
  no company website
  fill keys: ['address_line', 'city', 'google_maps_url', 'location_precision', 'phone', 'postal_code', 'state_code']
  recommendation updated
  publish: {'entity': 'business', 'action': 'create', 'id': 'd1da7992-887d-46c4-94e0-f798fffd59c4', 'slug': 'svoi-marks-professional-carpet-cleaning'}

[22/50] JIS Pashur Construction
  svoi: webs=0 phones=3 addr=6203 Northeast 38th Street
  no company website
  fill keys: ['address_line', 'city', 'google_maps_url', 'location_precision', 'phone', 'postal_code', 'state_code']
  recommendation updated
  publish: {'entity': 'business', 'action': 'create', 'id': '59709ee0-ffe8-4bb7-9b53-75684e8c560d', 'slug': 'svoi-jis-pashur-construction'}

[23/50] Wandor Construction
  svoi: webs=0 phones=2 addr=17005 Southwest Hall Boulevard
  no company website
  fill keys: ['address_line', 'city', 'google_maps_url', 'location_precision', 'phone', 'postal_code', 'state_code']
  recommendation updated
  publish: {'entity': 'business', 'action': 'create', 'id': 'f40eade5-f7b7-4850-9470-e4733f156fd8', 'slug': 'svoi-wandor-construction'}

[24/50] Trinity Flooring
  svoi: webs=1 phones=2 addr=15500 SW 72nd Ave
  website keys: ['address_line', 'city', 'description', 'emails', 'facebook_url', 'instagram_url', 'phones', 'postal_code', 'state_code', 'yelp_url']
  fill keys: ['address_line', 'city', 'email', 'google_maps_url', 'instagram_url', 'location_precision', 'phone', 'postal_code', 'state_code', 'website', 'yelp_url']
  recommendation updated
  publish: {'entity': 'business', 'action': 'create', 'id': '9f4519b4-1898-4346-8e81-b63da7188301', 'slug': 'svoi-trinity-flooring'}

[25/50] Yurkshat design
  svoi: webs=1 phones=1 addr=Powell Blvd
  website error: <urlopen error [Errno 8] nodename nor servname provided, or not known>
  fill keys: ['address_line', 'city', 'google_maps_url', 'location_precision', 'phone', 'state_code', 'website']
  recommendation updated
  publish: {'entity': 'business', 'action': 'create', 'id': '901058d8-6ade-42a7-ad0f-061cb803cdf1', 'slug': 'svoi-yurkshat-design'}

[26/50] Парикмахерский салон Haircut Now
  svoi: webs=1 phones=2 addr=11306 NE Fourth Plain Rd
  website keys: ['description']
  fill keys: ['address_line', 'city', 'google_maps_url', 'location_precision', 'phone', 'postal_code', 'state_code', 'website']
  recommendation updated
  publish: {'entity': 'business', 'action': 'create', 'id': '484d916d-7f64-4b23-94d0-4f66e7ba2046', 'slug': 'svoi-haircut-now'}

[27/50] Салон красоты Divine
  svoi: webs=1 phones=2 addr=11505 NE Fourth Plain Blvd
  website keys: []
  fill keys: ['address_line', 'city', 'google_maps_url', 'location_precision', 'phone', 'postal_code', 'state_code', 'website']
  recommendation updated
  publish: {'entity': 'business', 'action': 'create', 'id': '66b86f0b-acf4-43c2-a3d5-b85ea820d83a', 'slug': 'svoi-divine'}

[28/50] Olena European Spa and Salon
  svoi: webs=1 phones=1 addr=8800 SE Sunnyside Rd
  website keys: ['description', 'emails', 'facebook_url', 'opening_hours']
  fill keys: ['address_line', 'city', 'email', 'google_maps_url', 'location_precision', 'opening_hours', 'phone', 'postal_code', 'state_code', 'website']
  recommendation updated
  publish: {'entity': 'business', 'action': 'create', 'id': '6d51db89-198a-4fea-910f-e6ce80a37f0d', 'slug': 'svoi-olena-european-spa-and-salon'}

[29/50] Allure Tan & Salon
  svoi: webs=1 phones=2 addr=10408 SE 82nd Ave
  website error: <urlopen error [Errno 8] nodename nor servname provided, or not known>
  fill keys: ['address_line', 'city', 'google_maps_url', 'location_precision', 'phone', 'postal_code', 'state_code', 'website']
  recommendation updated
  publish: {'entity': 'business', 'action': 'create', 'id': '348a7c49-9261-4c68-86a5-7542811ced93', 'slug': 'svoi-allure-tan-salon'}

[30/50] Massage for Health
  svoi: webs=0 phones=1 addr=2700 NE Andresen Rd
  no company website
  fill keys: ['address_line', 'city', 'google_maps_url', 'location_precision', 'phone', 'postal_code', 'state_code']
  recommendation updated
  publish: {'entity': 'professional', 'action': 'create', 'id': '4c5cb745-c799-44ba-95b3-e6c79f06c34a', 'slug': 'svoi-massage-for-health'}

[31/50] Powerful Touch Bodywork
  svoi: webs=0 phones=1 addr=10001 Southeast Sunnyside Road
  no company website
  fill keys: ['address_line', 'city', 'google_maps_url', 'location_precision', 'phone', 'postal_code', 'state_code']
  recommendation updated
  publish: {'entity': 'business', 'action': 'create', 'id': 'ed526f4a-9adc-45e6-91af-b7c7b2c6ffed', 'slug': 'svoi-powerful-touch-bodywork'}

[32/50] Computer Technical Support
  svoi: webs=0 phones=1 addr=2506 Northeast 176th Avenue
  no company website
  fill keys: ['address_line', 'city', 'google_maps_url', 'location_precision', 'phone', 'postal_code', 'state_code']
  recommendation updated
  publish: {'entity': 'business', 'action': 'create', 'id': '8ea73c2a-5e4c-4c81-8418-ed9752f0db7c', 'slug': 'svoi-computer-technical-support'}

[33/50] ITS Yuriy Zaslavskiy
  svoi: webs=0 phones=2 addr=10930 SE Stark St.
  no company website
  fill keys: ['address_line', 'city', 'google_maps_url', 'location_precision', 'phone', 'state_code']
  recommendation updated
  publish: {'entity': 'business', 'action': 'create', 'id': 'e7c3bb69-24f5-4127-8ff4-a51cf6fe49da', 'slug': 'svoi-its-yuriy-zaslavskiy'}

[34/50] Fixoid
  svoi: webs=1 phones=1 addr=10180 SE Washington St
  website keys: ['description', 'facebook_url', 'instagram_url', 'phones']
  fill keys: ['address_line', 'city', 'google_maps_url', 'instagram_url', 'location_precision', 'phone', 'postal_code', 'state_code', 'website']
  recommendation updated
  publish: {'entity': 'business', 'action': 'create', 'id': '48e387fc-8f4b-409b-a50c-0cc4517bc3ab', 'slug': 'svoi-fixoid'}

[35/50] Natalie’s Travel
  svoi: webs=0 phones=1 addr=11615 SE Fuller Rd
  no company website
  fill keys: ['address_line', 'city', 'google_maps_url', 'location_precision', 'phone', 'postal_code', 'state_code']
  recommendation updated
  publish: {'entity': 'business', 'action': 'create', 'id': '67e6a48d-9724-4fa8-9da2-aea1187f7188', 'slug': 'svoi-natalie-s-travel'}

[36/50] Best Of Portland Tours
  svoi: webs=1 phones=4 addr=Portland
  weak address skipped: Portland
  website error: HTTP Error 404: Not Found
  fill keys: ['city', 'google_maps_url', 'phone', 'website']
  recommendation updated
  skip publish (entity=business, street=False)

[37/50] Alpha Tax and Immigration Inc
  svoi: webs=0 phones=6 addr=2714 Northeast 165th Avenue
  no company website
  fill keys: ['address_line', 'city', 'google_maps_url', 'location_precision', 'phone', 'postal_code', 'state_code']
  recommendation updated
  publish: {'entity': 'business', 'action': 'create', 'id': '78897f3a-7b26-4d1c-a643-928bbf2ffd12', 'slug': 'svoi-alpha-tax-and-immigration-inc'}

[38/50] Russian Language Service
  svoi: webs=1 phones=1 addr=5909 SW Southview Pl
  no company website
  fill keys: ['address_line', 'city', 'google_maps_url', 'location_precision', 'phone', 'state_code']
  recommendation updated
  publish: {'entity': 'business', 'action': 'create', 'id': '6ed577a8-ce82-400b-90ce-98c4f1985412', 'slug': 'svoi-russian-language-service'}

[39/50] RAISA West inc. - Ирина Кочаров
  svoi: webs=0 phones=4 addr=1122 NE 122 Ave.
  no company website
  fill keys: ['address_line', 'city', 'google_maps_url', 'location_precision', 'phone', 'state_code']
  recommendation updated
  publish: {'entity': 'business', 'action': 'create', 'id': '8589510e-1dee-4341-a48e-65a8ebf031df', 'slug': 'svoi-raisa-west-inc'}

[40/50] Western Group inc. distribution center
  svoi: webs=0 phones=2 addr=9700 ne 126 th ave
  no company website
  fill keys: ['address_line', 'city', 'google_maps_url', 'location_precision', 'phone', 'postal_code', 'state_code']
  recommendation updated
  publish: {'entity': 'business', 'action': 'create', 'id': '8fff90cc-5d3d-46a7-b625-6b1953a70e03', 'slug': 'svoi-western-group-inc-distribution-center'}

[41/50] Diesel Auto Express
  svoi: webs=1 phones=2 addr=12711 NE 95th St
  website keys: ['address_line', 'city', 'facebook_url', 'instagram_url', 'phones', 'postal_code', 'state_code', 'yelp_url']
  fill keys: ['address_line', 'city', 'google_maps_url', 'instagram_url', 'location_precision', 'phone', 'postal_code', 'state_code', 'website', 'yelp_url']
  recommendation updated
  publish: {'entity': 'business', 'action': 'create', 'id': '575ee115-1510-4be9-8daf-7fa90ea40c97', 'slug': 'svoi-diesel-auto-express'}

[42/50] NV Transport
  svoi: webs=1 phones=2 addr=2021 Northwest Sundial Road
  website keys: ['facebook_url']
  fill keys: ['address_line', 'city', 'google_maps_url', 'location_precision', 'phone', 'postal_code', 'state_code', 'website']
  recommendation updated
  publish: {'entity': 'business', 'action': 'create', 'id': 'b7424d48-e3ff-4b7d-bfb1-256a3c965736', 'slug': 'svoi-nv-transport'}

[43/50] PAEC Packages - Кристина Костин
  svoi: webs=1 phones=2 addr=13008 142nd Ave E
  website keys: ['description', 'facebook_url']
  fill keys: ['address_line', 'city', 'google_maps_url', 'location_precision', 'phone', 'postal_code', 'state_code', 'website']
  recommendation updated
  publish: {'entity': 'business', 'action': 'create', 'id': 'eb70952e-31c8-4734-aa86-ee09655f5674', 'slug': 'svoi-paec-packages'}

[44/50] Warehouse Service
  svoi: webs=1 phones=4 addr=4240 NW Yeon Ave
  website error: <urlopen error [Errno 8] nodename nor servname provided, or not known>
  fill keys: ['address_line', 'city', 'google_maps_url', 'location_precision', 'phone', 'postal_code', 'state_code', 'website']
  recommendation updated
  publish: {'entity': 'business', 'action': 'create', 'id': '26ee63db-6d6a-4e2f-81ab-bb4a95eef05b', 'slug': 'svoi-warehouse-service'}

[45/50] Oleksandr Photography
  svoi: webs=1 phones=1 addr=1501 SE 3rd Ave
  website error: <urlopen error [Errno 8] nodename nor servname provided, or not known>
  fill keys: ['address_line', 'city', 'google_maps_url', 'location_precision', 'phone', 'state_code', 'website']
  recommendation updated
  publish: {'entity': 'business', 'action': 'create', 'id': '04616fb2-7210-4fca-b9eb-dc57602f48f2', 'slug': 'svoi-oleksandr-photography'}

[46/50] Видеостудия Living Light Productions
  svoi: webs=0 phones=1 addr=4413 Northeast 41st Street
  no company website
  fill keys: ['address_line', 'city', 'google_maps_url', 'location_precision', 'phone', 'postal_code', 'state_code']
  recommendation updated
  publish: {'entity': 'business', 'action': 'create', 'id': 'bee68347-0f6f-4ee0-a860-5b26bec57386', 'slug': 'svoi-living-light-productions'}

[47/50] Studio Krasa LLC - Сергей Какорин
  svoi: webs=1 phones=1 addr=3509 Y St
  website error: <urlopen error [Errno 8] nodename nor servname provided, or not known>
  fill keys: ['address_line', 'city', 'google_maps_url', 'location_precision', 'phone', 'state_code', 'website']
  recommendation updated
  publish: {'entity': 'business', 'action': 'create', 'id': '1a7e2d97-d452-442d-ae3c-11adf1c60a77', 'slug': 'svoi-studio-krasa-llc'}

[48/50] Five Star Tax Service Inc
  svoi: webs=0 phones=1 addr=34800 SE Jennings Rd
  no company website
  fill keys: ['address_line', 'city', 'google_maps_url', 'location_precision', 'phone', 'postal_code', 'state_code']
  recommendation updated
  publish: {'entity': 'business', 'action': 'create', 'id': 'c1c18ac3-2a59-4437-a06e-3a0f6c4096f2', 'slug': 'svoi-five-star-tax-service-inc'}

[49/50] Olaru's Premier Tax Services Inc. - Юлия Олару, AFSP
  svoi: webs=1 phones=4 addr=14602 NE Fourth Plain Blvd
  website error: <urlopen error [SSL: CERTIFICATE_VERIFY_FAILED] certificate verify failed: certificate has expired (_ssl.c:1129)>
  fill keys: ['address_line', 'city', 'google_maps_url', 'location_precision', 'phone', 'postal_code', 'state_code', 'website']
  recommendation updated
  publish: {'entity': 'business', 'action': 'create', 'id': '14d582fb-6953-4485-b1c9-34494804aa34', 'slug': 'svoi-olaru-s-premier-tax-services-inc-afsp'}

[50/50] PrimeLending - Тупикова Светлана
  svoi: webs=1 phones=1 addr=1406 Southeast 164th Avenue
  website keys: ['facebook_url', 'instagram_url', 'phones']
  fill keys: ['address_line', 'city', 'google_maps_url', 'instagram_url', 'location_precision', 'phone', 'postal_code', 'state_code', 'website']
  recommendation updated
  publish: {'entity': 'business', 'action': 'create', 'id': '097e8aa2-b352-4ca9-9baf-1626c9d08b45', 'slug': 'svoi-primelending'}

Done. enriched=50 with_address=49 published=49 report=/Users/sammov/Russian business AI/scripts/business-enrich/data/svoi_enrich/batch_20260727T030800Z.json
Last targets=50 exit=0

===== ROUND 5 2026-07-27T03:08:00Z =====
targets=50 dry_run=False publish=True places=True publish_enriched=False

[1/50] OnQ Financial Inc. / ипотечный консультант - Габор Влад
  svoi: webs=0 phones=3 addr=201 NE Park Plaza Drive
  no company website
  places: error
  places quota exhausted — continuing without Places
  fill keys: ['address_line', 'city', 'google_maps_url', 'location_precision', 'phone', 'state_code']
  recommendation updated
  publish: {'entity': 'business', 'action': 'create', 'id': '6be09ccf-c39f-4850-88d2-2284dec96abf', 'slug': 'svoi-onq-financial-inc'}

[2/50] Landmark Professional Mortgage Company
  svoi: webs=1 phones=3 addr=9020 SW Washington Sq Rd
  website keys: ['emails', 'facebook_url']
  fill keys: ['address_line', 'city', 'email', 'google_maps_url', 'location_precision', 'phone', 'state_code', 'website']
  recommendation updated
  publish: {'entity': 'business', 'action': 'create', 'id': '911a1f6e-5ff4-49ed-b07c-fe9a909c551b', 'slug': 'svoi-landmark-professional-mortgage-company'}

[3/50] Financial Advisor at Edward Jones - Ben Chumov
  svoi: webs=1 phones=3 addr=722 N Main Avenue
  website error: HTTP Error 404: Not Found
  fill keys: ['address_line', 'city', 'google_maps_url', 'location_precision', 'phone', 'state_code', 'website']
  recommendation updated
  publish: {'entity': 'business', 'action': 'create', 'id': '728a3ac6-5167-47fe-ad8a-956b96e4e36d', 'slug': 'svoi-financial-advisor-at-edward-jones-ben-chumov'}

[4/50] Umpqua Bank
  svoi: webs=1 phones=1 addr=1 SW Columbia St
  website error: HTTP Error 403: Forbidden
  fill keys: ['address_line', 'city', 'google_maps_url', 'location_precision', 'phone', 'state_code', 'website']
  recommendation updated
  publish: {'entity': 'business', 'action': 'create', 'id': 'e6a719b9-1bfd-4400-ac46-f5d3d14ea3ec', 'slug': 'svoi-umpqua-bank'}

[5/50] Vadimages
  svoi: webs=1 phones=3 addr=2266 Southeast 174th Avenue
  website keys: ['address_line', 'city', 'description', 'emails', 'facebook_url', 'instagram_url', 'phones', 'postal_code', 'state_code']
  fill keys: ['address_line', 'city', 'email', 'google_maps_url', 'instagram_url', 'location_precision', 'phone', 'postal_code', 'state_code', 'website']
  recommendation updated
  publish: {'entity': 'business', 'action': 'create', 'id': 'b8317859-adf2-4a7e-aa75-ce47cfc5c01b', 'slug': 'svoi-vadimages'}

[6/50] Журнал Афиша
  svoi: webs=0 phones=2 addr=17235 SE Division St.
  no company website
  fill keys: ['address_line', 'city', 'google_maps_url', 'location_precision', 'phone', 'state_code']
  recommendation updated
  publish: {'entity': 'business', 'action': 'create', 'id': '36aaafb7-66fc-4e9f-abc1-5efd407c18ab', 'slug': 'svoi-biz-57'}

[7/50] Premier Euro Market
  svoi: webs=1 phones=2 addr=11216 NE Fourth Plain Blvd
  website error: HTTP Error 404: Not Found
  fill keys: ['address_line', 'city', 'google_maps_url', 'location_precision', 'phone', 'state_code', 'website']
  recommendation updated
  publish: {'entity': 'business', 'action': 'create', 'id': 'e3173216-97d7-4367-8d75-fa98abed8441', 'slug': 'svoi-premier-euro-market'}

[8/50] Victoria Volkov - Viking Furniture
  svoi: webs=1 phones=4 addr=11300 NE Fourth Plain Blvd
  website keys: ['facebook_url', 'instagram_url']
  fill keys: ['address_line', 'city', 'google_maps_url', 'instagram_url', 'location_precision', 'phone', 'state_code', 'website']
  recommendation updated
  publish: {'entity': 'business', 'action': 'create', 'id': 'b2b23f0a-03e7-49aa-8587-b9a20d339ec5', 'slug': 'svoi-victoria-volkov-viking-furniture'}

[9/50] Andreys Produce
  svoi: webs=1 phones=1 addr=11210 NE Fourth Plain Rd
  no company website
  fill keys: ['address_line', 'city', 'google_maps_url', 'location_precision', 'phone', 'postal_code', 'state_code']
  recommendation updated
  publish: {'entity': 'business', 'action': 'create', 'id': '2f7039c0-fa19-4f1e-8262-f943d5e03cc4', 'slug': 'svoi-andreys-produce'}

[10/50] Mama's Russian Food - Restaurants
  svoi: webs=1 phones=1 addr=623 N Pacific Hwy
  no company website
  fill keys: ['address_line', 'city', 'google_maps_url', 'location_precision', 'phone', 'postal_code', 'state_code']
  recommendation updated
  publish: {'entity': 'business', 'action': 'create', 'id': '84d9f8e9-c5f4-45d7-b917-76567d1713cd', 'slug': 'svoi-mama-s-russian-food-restaurants'}

[11/50] Royal Bakery
  svoi: webs=0 phones=2 addr=1884 SW 35th Street
  no company website
  fill keys: ['address_line', 'city', 'google_maps_url', 'location_precision', 'phone', 'postal_code', 'state_code']
  recommendation updated
  publish: {'entity': 'business', 'action': 'create', 'id': '333e4128-84f8-4e14-9a1f-7371af03f564', 'slug': 'svoi-royal-bakery'}

[12/50] Global Importing Group / CEO - Mike Sharyan
  svoi: webs=1 phones=3 addr=4201 NE 161st Ave
  website keys: ['phones']
  fill keys: ['address_line', 'city', 'google_maps_url', 'location_precision', 'phone', 'state_code', 'website']
  recommendation updated
  publish: {'entity': 'business', 'action': 'create', 'id': 'caff67f5-aa0a-4df6-999c-6bfcf78f33f0', 'slug': 'svoi-global-importing-group-ceo-mike-sharyan'}

[13/50] O Flowers
  svoi: webs=0 phones=1 addr=Oregon
  weak address skipped: Oregon
  no company website
  fill keys: ['city', 'google_maps_url', 'phone']
  recommendation updated
  skip publish (entity=business, street=False)

[14/50] Gastronome: European Grocery & Deli
  svoi: webs=1 phones=1 addr=2707 NE 114th Ave
  website keys: ['address_line', 'city', 'description', 'facebook_url', 'instagram_url', 'postal_code', 'state_code']
  fill keys: ['address_line', 'city', 'google_maps_url', 'instagram_url', 'location_precision', 'phone', 'postal_code', 'state_code', 'website']
  recommendation updated
  publish: {'entity': 'business', 'action': 'create', 'id': '794dbdd9-15da-4283-9d84-79f8079bb5d7', 'slug': 'svoi-gastronome-european-grocery-deli'}

[15/50] Morgan Jewelers (Happy Valley)
  svoi: webs=1 phones=3 addr=12000 SE 82nd Ave
  website keys: ['address_line', 'city', 'facebook_url', 'instagram_url', 'phones', 'postal_code']
  fill keys: ['address_line', 'city', 'google_maps_url', 'instagram_url', 'location_precision', 'phone', 'postal_code', 'state_code', 'website']
  recommendation updated
  publish: {'entity': 'business', 'action': 'create', 'id': '72a8422c-c27d-49e7-af92-2108701c3c0c', 'slug': 'svoi-morgan-jewelers-happy-valley'}

[16/50] Natalia's Cafe - Restaurants
  svoi: webs=1 phones=3 addr=437 NE 4th Ave
  website error: <urlopen error [Errno 8] nodename nor servname provided, or not known>
  fill keys: ['address_line', 'city', 'google_maps_url', 'location_precision', 'phone', 'state_code', 'website']
  recommendation updated
  publish: {'entity': 'business', 'action': 'create', 'id': 'bf2d6f43-1b01-46df-b6f3-4ce765f741c3', 'slug': 'svoi-natalia-s-cafe-restaurants'}

[17/50] Svitoch
  svoi: webs=1 phones=3 addr=4804 NE Thurston Way
  website keys: ['facebook_url', 'instagram_url', 'opening_hours']
  fill keys: ['address_line', 'city', 'google_maps_url', 'instagram_url', 'location_precision', 'opening_hours', 'phone', 'postal_code', 'state_code', 'website']
  recommendation updated
  publish: {'entity': 'business', 'action': 'create', 'id': 'e9b6a0b4-d94f-4b28-83dd-ef7260a1ba74', 'slug': 'svoi-svitoch'}

[18/50] Style Your Event
  svoi: webs=1 phones=3 addr=116 Northwest 153rd Street
  website error: HTTP Error 404: Not Found
  fill keys: ['address_line', 'city', 'google_maps_url', 'location_precision', 'phone', 'postal_code', 'state_code', 'website']
  recommendation updated
  publish: {'entity': 'business', 'action': 'create', 'id': 'be2714fe-be7f-45f8-8349-d54ffbc82c0b', 'slug': 'svoi-style-your-event'}

[19/50] Elegant Weddings by Lana
  svoi: webs=0 phones=2 addr=19300 SE 9th Cir
  no company website
  fill keys: ['address_line', 'city', 'google_maps_url', 'location_precision', 'phone', 'postal_code', 'state_code']
  recommendation updated
  publish: {'entity': 'business', 'action': 'create', 'id': '1a51a974-e54b-4621-8880-f627d2d3d339', 'slug': 'svoi-elegant-weddings-by-lana'}

[20/50] Luxury Events by Victoria
  svoi: webs=1 phones=2 addr=8678 Southeast 133rd Place
  website error: <urlopen error [Errno 8] nodename nor servname provided, or not known>
  fill keys: ['address_line', 'city', 'google_maps_url', 'location_precision', 'phone', 'postal_code', 'state_code', 'website']
  recommendation updated
  publish: {'entity': 'business', 'action': 'create', 'id': 'ad42fe48-de60-4054-9a44-243f7db7780b', 'slug': 'svoi-luxury-events-by-victoria'}

[21/50] INTRODUCING SILVER STAR FREIGHT, INC.
  svoi: webs=1 phones=5 addr=17002 NE 28t
  website keys: ['address_line', 'city', 'description', 'emails', 'facebook_url', 'postal_code', 'state_code']
  fill keys: ['address_line', 'city', 'email', 'google_maps_url', 'location_precision', 'phone', 'postal_code', 'state_code', 'website']
  recommendation updated
  publish: {'entity': 'business', 'action': 'create', 'id': '8601af0b-62b9-4d49-b1c1-dbbb4b453fc8', 'slug': 'svoi-introducing-silver-star-freight-inc'}

[22/50] Русское Радио Америка 105.5 FM
  svoi: webs=1 phones=2 addr=16022 SE Stark St
  website keys: []
  fill keys: ['address_line', 'city', 'google_maps_url', 'location_precision', 'phone', 'state_code', 'website']
  recommendation updated
  publish: {'entity': 'business', 'action': 'create', 'id': '029d33b2-dfe6-4c9e-9f92-1618928c6715', 'slug': 'svoi-105-5-fm'}

[23/50] Радио СВЕТ - 1520 AM - Портлендское Христианское Радио
  svoi: webs=1 phones=2 addr=5110 SE Stark St
  website error: <urlopen error [SSL: CERTIFICATE_VERIFY_FAILED] certificate verify failed: self signed certificate (_ssl.c:1129)>
  fill keys: ['address_line', 'city', 'google_maps_url', 'location_precision', 'phone', 'state_code', 'website']
  recommendation updated
  publish: {'entity': 'business', 'action': 'create', 'id': '0df40000-73f4-46d8-aa84-21a4ca7eee73', 'slug': 'svoi-1520-am'}

[24/50] Slavic Family Media Center - Olga Anischenko
  svoi: webs=1 phones=2 addr=17231 SE Division St
  website keys: []
  fill keys: ['address_line', 'city', 'google_maps_url', 'location_precision', 'phone', 'state_code', 'website']
  recommendation updated
  publish: {'entity': 'business', 'action': 'create', 'id': '2574ce18-9bcc-4acd-b293-fefe22c1c768', 'slug': 'svoi-slavic-family-media-center-olga-anischenko'}

[25/50] Библейская церковь ''Слово Благодати''
  svoi: webs=1 phones=1 addr=1317 NW 12th Ave
  website keys: ['description', 'facebook_url', 'instagram_url']
  fill keys: ['address_line', 'city', 'google_maps_url', 'instagram_url', 'location_precision', 'phone', 'postal_code', 'state_code', 'website']
  recommendation updated
  publish: {'entity': 'business', 'action': 'create', 'id': '7706a7ee-5200-44d4-9eaf-58a371f45dc3', 'slug': 'svoi-biz-58'}

[26/50] TGR Logistics - Anatoly Rudnitsky
  svoi: webs=1 phones=3 addr=13990 Fir St
  website keys: ['facebook_url']
  fill keys: ['address_line', 'city', 'google_maps_url', 'location_precision', 'phone', 'state_code', 'website']
  recommendation updated
  publish: {'entity': 'business', 'action': 'create', 'id': '50a2e441-0c4e-4809-9714-d33071c79244', 'slug': 'svoi-tgr-logistics-anatoly-rudnitsky'}

[27/50] Дмитрий Алексеев - Klinger IGI, Inc.
  svoi: webs=1 phones=4 addr=9325 SW Ridder Rd.
  website keys: ['description', 'emails', 'phones']
  fill keys: ['address_line', 'city', 'email', 'google_maps_url', 'location_precision', 'phone', 'website']
  recommendation updated
  publish: {'entity': 'business', 'action': 'create', 'id': '9c3633a6-5c8a-489f-b68b-b992ce9f41cd', 'slug': 'svoi-klinger-igi-inc'}

[28/50] Rocklin Plaza Dental
  svoi: webs=1 phones=1 addr=2160 Sunset Boulevard
  website keys: []
  fill keys: ['address_line', 'city', 'google_maps_url', 'location_precision', 'phone', 'postal_code', 'state_code', 'website']
  recommendation updated
  publish: {'entity': 'business', 'action': 'create', 'id': '5c96a6b1-0f8b-4269-a224-16665ffb4e15', 'slug': 'svoi-rocklin-plaza-dental'}

[29/50] Family Tree Dental
  svoi: webs=0 phones=2 addr=6819 Lonetree Boulevard
  no company website
  fill keys: ['address_line', 'city', 'google_maps_url', 'location_precision', 'phone', 'postal_code', 'state_code']
  recommendation updated
  publish: {'entity': 'business', 'action': 'create', 'id': '7ff28e2f-b070-4c65-bb58-3e4962bbcd6f', 'slug': 'svoi-family-tree-dental'}

[30/50] Folsom Dental Group
  svoi: webs=1 phones=1 addr=1840 Prairie City Rd #200
  website keys: []
  fill keys: ['address_line', 'city', 'google_maps_url', 'location_precision', 'phone', 'postal_code', 'state_code', 'website']
  recommendation updated
  publish: {'entity': 'business', 'action': 'create', 'id': '761c3a2f-5ce9-40f3-abd7-dc39aa2e7a68', 'slug': 'svoi-folsom-dental-group'}

[31/50] Каган Александр
  svoi: webs=0 phones=1 addr=3430 Balmoral Drive
  no company website
  fill keys: ['address_line', 'city', 'google_maps_url', 'location_precision', 'phone', 'postal_code', 'state_code']
  recommendation updated
  publish: {'entity': 'business', 'action': 'create', 'id': '9c60527c-2688-4dce-a2fc-1d9b4e55a159', 'slug': 'svoi-biz-59'}

[32/50] Dr. Svetlana T. Vardanian, MD
  svoi: webs=0 phones=1 addr=2261 Douglas Boulevard
  no company website
  fill keys: ['address_line', 'city', 'google_maps_url', 'location_precision', 'phone', 'postal_code', 'state_code']
  recommendation updated
  publish: {'entity': 'professional', 'action': 'create', 'id': '75ba2118-db15-4f51-83bc-f057993f93fc', 'slug': 'svoi-dr-svetlana-t-vardanian-md'}

[33/50] Dufour Chiropractic
  svoi: webs=0 phones=1 addr=5959 Greenback Lane
  no company website
  fill keys: ['address_line', 'city', 'google_maps_url', 'location_precision', 'phone', 'postal_code', 'state_code']
  recommendation updated
  publish: {'entity': 'business', 'action': 'create', 'id': '04eb28ad-1fc3-45f5-b4fe-b233d2d43d72', 'slug': 'svoi-dufour-chiropractic'}

[34/50] Терапевт Галина Бондар
  svoi: webs=0 phones=1 addr=2310 Van Ufford Lane
  no company website
  fill keys: ['address_line', 'city', 'google_maps_url', 'location_precision', 'phone', 'state_code']
  recommendation updated
  publish: {'entity': 'professional', 'action': 'create', 'id': '83d5445a-035d-4d6d-81a3-57f942161641', 'slug': 'svoi-biz-8'}

[35/50] Victorias Health Products Inc
  svoi: webs=0 phones=1 addr=6041 Greenback Lane
  no company website
  fill keys: ['address_line', 'city', 'google_maps_url', 'location_precision', 'phone', 'state_code']
  recommendation updated
  publish: {'entity': 'business', 'action': 'create', 'id': '8016a251-9b8e-468b-8af9-93069caf51d9', 'slug': 'svoi-victorias-health-products-inc'}

[36/50] Vitamin CA
  svoi: webs=0 phones=1 addr=4207 Elverta Road
  no company website
  fill keys: ['address_line', 'city', 'google_maps_url', 'location_precision', 'phone', 'postal_code', 'state_code']
  recommendation updated
  publish: {'entity': 'business', 'action': 'create', 'id': '558699b5-93f0-42bb-a8c5-3c5f49ae534a', 'slug': 'svoi-vitamin-ca'}

[37/50] Antelope Parmacy
  svoi: webs=0 phones=1 addr=4207 Elverta Road
  no company website
  fill keys: ['address_line', 'city', 'google_maps_url', 'location_precision', 'phone', 'postal_code', 'state_code']
  recommendation updated
  publish: {'entity': 'business', 'action': 'create', 'id': '5a716fbf-57c9-4ea1-b781-3c95d6ecb344', 'slug': 'svoi-antelope-parmacy'}

[38/50] Harbor Medical Supply Co.
  svoi: webs=0 phones=2 addr=2917 West Capitol Avenue
  no company website
  fill keys: ['address_line', 'city', 'google_maps_url', 'location_precision', 'phone', 'postal_code', 'state_code']
  recommendation updated
  publish: {'entity': 'business', 'action': 'create', 'id': '7fbad70c-f701-4c13-a6b2-1efe5ca0957c', 'slug': 'svoi-harbor-medical-supply-co'}

[39/50] TLS Auto Recycling Truly Loyal Service
  svoi: webs=0 phones=4 addr=3811 Recycle Road
  no company website
  fill keys: ['address_line', 'city', 'google_maps_url', 'location_precision', 'phone', 'postal_code', 'state_code']
  recommendation updated
  publish: {'entity': 'business', 'action': 'create', 'id': 'd91e763e-3272-4e9c-92b1-0d84049bff1c', 'slug': 'svoi-tls-auto-recycling-truly-loyal-service'}

[40/50] Vitek Transportation
  svoi: webs=0 phones=1 addr=4585 Pell Drive
  no company website
  fill keys: ['address_line', 'city', 'google_maps_url', 'location_precision', 'phone', 'postal_code', 'state_code']
  recommendation updated
  publish: {'entity': 'business', 'action': 'create', 'id': '96ca2ded-5ef2-431d-b40e-1abe4d8531b9', 'slug': 'svoi-vitek-transportation'}

[41/50] Hanlees Davis Toyota
  svoi: webs=0 phones=1 addr=4202 Chiles Road
  no company website
  fill keys: ['address_line', 'city', 'google_maps_url', 'location_precision', 'phone', 'postal_code', 'state_code']
  recommendation updated
  publish: {'entity': 'business', 'action': 'create', 'id': 'e19fcfdc-3958-434c-af2e-ed7b2f757f6d', 'slug': 'svoi-hanlees-davis-toyota'}

[42/50] Truck Trailer Repair Altex - Used Cars Direct
  svoi: webs=0 phones=1 addr=Sacramento
  weak address skipped: Sacramento
  no company website
  fill keys: ['city', 'google_maps_url', 'phone']
  recommendation updated
  skip publish (entity=business, street=False)

[43/50] Stanick's Auto Parts
  svoi: webs=0 phones=3 addr=3791 Recycle Road Suite A
  no company website
  fill keys: ['address_line', 'city', 'google_maps_url', 'location_precision', 'phone', 'postal_code', 'state_code']
  recommendation updated
  publish: {'entity': 'business', 'action': 'create', 'id': 'a41be35b-7e47-4819-afc3-c3fc552c8fa0', 'slug': 'svoi-stanick-s-auto-parts'}

[44/50] All Trucks
  svoi: webs=0 phones=1 addr=11407 Elks Circle
  no company website
  fill keys: ['address_line', 'city', 'google_maps_url', 'location_precision', 'phone', 'state_code']
  recommendation updated
  publish: {'entity': 'business', 'action': 'create', 'id': '05283819-8b26-4d4f-a920-6e4ee192e2b5', 'slug': 'svoi-all-trucks'}

[45/50] World Auto Parts
  svoi: webs=0 phones=1 addr=3606 Recycle Road
  no company website
  fill keys: ['address_line', 'city', 'google_maps_url', 'location_precision', 'phone', 'postal_code', 'state_code']
  recommendation updated
  publish: {'entity': 'business', 'action': 'create', 'id': '6a1615a0-41f8-4083-93ff-523e2e62331b', 'slug': 'svoi-world-auto-parts'}

[46/50] Safe Driving School
  svoi: webs=0 phones=1 addr=7473 Reese Road
  no company website
  fill keys: ['address_line', 'city', 'google_maps_url', 'location_precision', 'phone', 'postal_code', 'state_code']
  recommendation updated
  publish: {'entity': 'business', 'action': 'create', 'id': '20f55fe3-5956-48a3-82cc-154892c25652', 'slug': 'svoi-safe-driving-school'}

[47/50] Coastal Breeze Limousine
  svoi: webs=0 phones=4 addr=4878 Pasadena Avenue
  no company website
  fill keys: ['address_line', 'city', 'google_maps_url', 'location_precision', 'phone', 'postal_code', 'state_code']
  recommendation updated
  publish: {'entity': 'business', 'action': 'create', 'id': 'b39f37a7-92ec-4a90-b76a-a63ade9dde6c', 'slug': 'svoi-coastal-breeze-limousine'}

[48/50] Tanik Transport
  svoi: webs=0 phones=2 addr=3728 Lenore Way
  no company website
  fill keys: ['address_line', 'city', 'google_maps_url', 'location_precision', 'phone', 'postal_code', 'state_code']
  recommendation updated
  publish: {'entity': 'business', 'action': 'create', 'id': '9d165df2-b375-4895-8b72-d8fed9d70990', 'slug': 'svoi-tanik-transport'}

[49/50] MGM Limousines, LLC
  svoi: webs=1 phones=1 addr=3321 Orange Grove Avenue
  website keys: ['description', 'facebook_url', 'phones']
  fill keys: ['address_line', 'city', 'google_maps_url', 'location_precision', 'phone', 'postal_code', 'state_code', 'website']
  recommendation updated
  publish: {'entity': 'business', 'action': 'create', 'id': '5ecc6aec-3c14-4754-a547-8be661fa28db', 'slug': 'svoi-mgm-limousines-llc'}

[50/50] Zvezdochka Family Child Care
  svoi: webs=0 phones=1 addr=300 Phebe Court
  no company website
  fill keys: ['address_line', 'city', 'google_maps_url', 'location_precision', 'phone', 'postal_code', 'state_code']
  recommendation updated
  publish: {'entity': 'business', 'action': 'create', 'id': 'af533e45-8efe-4654-be39-ea36bffd5201', 'slug': 'svoi-zvezdochka-family-child-care'}

Done. enriched=50 with_address=48 published=48 report=/Users/sammov/Russian business AI/scripts/business-enrich/data/svoi_enrich/batch_20260727T031053Z.json
Last targets=50 exit=0

===== ROUND 6 2026-07-27T03:10:53Z =====
targets=50 dry_run=False publish=True places=True publish_enriched=False

[1/50] Olga's Family Child Care
  svoi: webs=0 phones=1 addr=5625 Melbury Way
  no company website
  places: error
  places quota exhausted — continuing without Places
  fill keys: ['address_line', 'city', 'google_maps_url', 'location_precision', 'phone', 'postal_code', 'state_code']
  recommendation updated
  publish: {'entity': 'business', 'action': 'create', 'id': '4ad8ffd4-df0e-46e1-81ea-a0d80964fba4', 'slug': 'svoi-olga-s-family-child-care'}

[2/50] Always You
  svoi: webs=0 phones=1 addr=3945 Tarmigan Drive
  no company website
  fill keys: ['address_line', 'city', 'google_maps_url', 'location_precision', 'phone', 'state_code']
  recommendation updated
  publish: {'entity': 'business', 'action': 'create', 'id': '6e1c5fd2-9a65-4131-8be8-7e33bfbc0b4c', 'slug': 'svoi-always-you'}

[3/50] Charter School K-8
  svoi: webs=0 phones=1 addr=5325 Engle Road
  no company website
  fill keys: ['address_line', 'city', 'google_maps_url', 'location_precision', 'phone', 'postal_code', 'state_code']
  recommendation updated
  publish: {'entity': 'business', 'action': 'create', 'id': '0335e20a-6beb-4e8d-a653-ccd62b219f53', 'slug': 'svoi-charter-school-k-8'}

[4/50] Школа Русское Наследие
  svoi: webs=0 phones=1 addr=3800 Bolivar Avenue
  no company website
  fill keys: ['address_line', 'city', 'google_maps_url', 'location_precision', 'phone', 'postal_code', 'state_code']
  recommendation updated
  publish: {'entity': 'business', 'action': 'create', 'id': '66903c60-cd4f-46f3-9246-149a6c0948fa', 'slug': 'svoi-biz-60'}

[5/50] Gateway International School
  svoi: webs=0 phones=2 addr=900 Morse Avenue
  no company website
  fill keys: ['address_line', 'city', 'google_maps_url', 'location_precision', 'phone', 'postal_code', 'state_code']
  recommendation updated
  publish: {'entity': 'business', 'action': 'create', 'id': '601c1041-9aff-4e7b-9383-143997f26839', 'slug': 'svoi-gateway-international-school'}

[6/50] Gilah Ellyason Realtor
  svoi: webs=0 phones=2 addr=5930 Granite Lake Drive
  no company website
  fill keys: ['address_line', 'city', 'google_maps_url', 'location_precision', 'phone', 'postal_code', 'state_code']
  recommendation updated
  publish: {'entity': 'professional', 'action': 'create', 'id': 'e064b6d0-49f7-416a-8280-ac644e8fc2a5', 'slug': 'svoi-gilah-ellyason-realtor'}

[7/50] Realty One Group
  svoi: webs=0 phones=2 addr=1150 Sunset Blvd
  no company website
  fill keys: ['address_line', 'city', 'google_maps_url', 'location_precision', 'phone', 'postal_code', 'state_code']
  recommendation updated
  publish: {'entity': 'business', 'action': 'create', 'id': 'a7d81c20-3ecc-4c86-86ca-03bcb2329d2b', 'slug': 'svoi-realty-one-group'}

[8/50] Barbara Sowa Excel Realty Inc.
  svoi: webs=0 phones=4 addr=8300 Sierra College Boulevard
  no company website
  fill keys: ['address_line', 'city', 'google_maps_url', 'location_precision', 'phone', 'state_code']
  recommendation updated
  publish: {'entity': 'business', 'action': 'create', 'id': '1bbae370-0f49-4250-9c06-f0ddb42fa24d', 'slug': 'svoi-barbara-sowa-excel-realty-inc'}

[9/50] All Weather Air Comfort
  svoi: webs=0 phones=1 addr=10107 Iron Rock Way
  no company website
  fill keys: ['address_line', 'city', 'google_maps_url', 'location_precision', 'phone', 'state_code']
  recommendation updated
  publish: {'entity': 'business', 'action': 'create', 'id': '84fc7600-90a7-4a50-a6f7-1b24945026dc', 'slug': 'svoi-all-weather-air-comfort'}

[10/50] Alex’s Company
  svoi: webs=0 phones=1 addr=7650 Sunset Ave
  no company website
  fill keys: ['address_line', 'city', 'google_maps_url', 'location_precision', 'phone', 'postal_code', 'state_code']
  recommendation updated
  publish: {'entity': 'business', 'action': 'create', 'id': 'e5515bae-c2bf-41c2-b54f-b8bb59410471', 'slug': 'svoi-alex-s-company'}

[11/50] High Performance Heating And Air
  svoi: webs=0 phones=1 addr=5338 Elgin Hills Way
  no company website
  fill keys: ['address_line', 'city', 'google_maps_url', 'location_precision', 'phone', 'postal_code', 'state_code']
  recommendation updated
  publish: {'entity': 'business', 'action': 'create', 'id': '895106c2-94c2-4e66-b70a-31cdc4043327', 'slug': 'svoi-high-performance-heating-and-air'}

[12/50] Euro Spa Resort
  svoi: webs=1 phones=1 addr=6848 Five Star Blvd
  website keys: ['address_line', 'city', 'description', 'facebook_url', 'instagram_url', 'opening_hours', 'phones', 'postal_code']
  fill keys: ['address_line', 'city', 'google_maps_url', 'instagram_url', 'location_precision', 'opening_hours', 'phone', 'postal_code', 'state_code', 'website']
  recommendation updated
  publish: {'entity': 'professional', 'action': 'create', 'id': '744708e5-8a31-4f2c-a958-badd78552e60', 'slug': 'svoi-euro-spa-resort'}

[13/50] Creatif Hair Studio
  svoi: webs=0 phones=1 addr=1000 Sunrise Avenue
  no company website
  fill keys: ['address_line', 'city', 'google_maps_url', 'location_precision', 'phone', 'postal_code', 'state_code']
  recommendation updated
  publish: {'entity': 'business', 'action': 'create', 'id': '81b3a235-79f4-4f42-8ee2-438ca10d3c40', 'slug': 'svoi-creatif-hair-studio'}

[14/50] Enigma Spa
  svoi: webs=0 phones=1 addr=6929 Sunrise Boulevard
  no company website
  fill keys: ['address_line', 'city', 'google_maps_url', 'location_precision', 'phone', 'postal_code', 'state_code']
  recommendation updated
  publish: {'entity': 'professional', 'action': 'create', 'id': '4f9354b2-4049-4383-bccd-11c523c677c7', 'slug': 'svoi-enigma-spa'}

[15/50] Ella Pilipovich Insurance Agent
  svoi: webs=0 phones=1 addr=11971 Foundation Pl Rancho
  no company website
  fill keys: ['address_line', 'city', 'google_maps_url', 'location_precision', 'phone', 'postal_code', 'state_code']
  recommendation updated
  publish: {'entity': 'business', 'action': 'create', 'id': '56dd9bab-4406-4509-a9aa-d8ddab4370a7', 'slug': 'svoi-ella-pilipovich-insurance-agent'}

[16/50] Хаштюк Инна
  svoi: webs=0 phones=1 addr=6929 Sunrise Boulevard
  no company website
  fill keys: ['address_line', 'city', 'google_maps_url', 'location_precision', 'phone', 'postal_code', 'state_code']
  recommendation updated
  publish: {'entity': 'business', 'action': 'create', 'id': '8d0f3530-1469-485c-b163-c322de281d4d', 'slug': 'svoi-biz-61'}

[17/50] Valentina Gaiduchik Insurance Agent
  svoi: webs=0 phones=1 addr=8051 Greenback Ln
  no company website
  fill keys: ['address_line', 'city', 'google_maps_url', 'location_precision', 'phone', 'postal_code', 'state_code']
  recommendation updated
  publish: {'entity': 'business', 'action': 'create', 'id': '576344fc-370a-446d-a9cd-17246707f763', 'slug': 'svoi-valentina-gaiduchik-insurance-agent'}

[18/50] Mission Valley Travel, Inc.
  svoi: webs=0 phones=1 addr=5200 Sunrise Boulevard Ste 7
  no company website
  fill keys: ['address_line', 'city', 'google_maps_url', 'location_precision', 'phone', 'postal_code', 'state_code']
  recommendation updated
  publish: {'entity': 'business', 'action': 'create', 'id': 'c924f15b-b6bf-43b1-9bf9-c47e6043b02e', 'slug': 'svoi-mission-valley-travel-inc'}

[19/50] International Travel Agency Avant Travel
  svoi: webs=0 phones=1 addr=6240 San Juan Avenue
  no company website
  fill keys: ['address_line', 'city', 'google_maps_url', 'location_precision', 'phone', 'postal_code', 'state_code']
  recommendation updated
  publish: {'entity': 'business', 'action': 'create', 'id': '4ad6778f-608d-4d9d-9f3f-c7b3ba4c735f', 'slug': 'svoi-international-travel-agency-avant-travel'}

[20/50] YMD Travel
  svoi: webs=0 phones=1 addr=9309 Boxelder Way
  no company website
  fill keys: ['address_line', 'city', 'google_maps_url', 'location_precision', 'phone', 'postal_code', 'state_code']
  recommendation updated
  publish: {'entity': 'business', 'action': 'create', 'id': '86c3f14c-7cf2-4847-9a0d-252cd5dfbbae', 'slug': 'svoi-ymd-travel'}

[21/50] Forest Hill
  svoi: webs=0 phones=1 addr=800 Sunrise Ave
  no company website
  fill keys: ['address_line', 'city', 'google_maps_url', 'location_precision', 'phone', 'state_code']
  recommendation updated
  publish: {'entity': 'business', 'action': 'create', 'id': '19f11259-80f5-4fdb-9018-7a5cebbf3f24', 'slug': 'svoi-forest-hill'}

[22/50] Aleksandra Sokolova Notary Services
  svoi: webs=0 phones=1 addr=7560 Widgeon Way
  no company website
  fill keys: ['address_line', 'city', 'google_maps_url', 'location_precision', 'phone', 'postal_code', 'state_code']
  recommendation updated
  publish: {'entity': 'professional', 'action': 'create', 'id': '48afa91d-2532-482c-b5b3-ad5a13a8e48f', 'slug': 'svoi-aleksandra-sokolova-notary-services'}

[23/50] DV Lottery
  svoi: webs=0 phones=2 addr=Sacramento
  weak address skipped: Sacramento
  no company website
  fill keys: ['city', 'google_maps_url', 'phone']
  recommendation updated
  skip publish (entity=business, street=False)

[24/50] Tims Trucking
  svoi: webs=0 phones=1 addr=6640 Filbert Avenue
  no company website
  fill keys: ['address_line', 'city', 'google_maps_url', 'location_precision', 'phone', 'postal_code', 'state_code']
  recommendation updated
  publish: {'entity': 'business', 'action': 'create', 'id': '9939de4c-57fe-4c05-a475-0b743b76519a', 'slug': 'svoi-tims-trucking'}

[25/50] Baytrans Inc.
  svoi: webs=0 phones=1 addr=1850 Reynolds Way
  no company website
  fill keys: ['address_line', 'city', 'google_maps_url', 'location_precision', 'phone', 'state_code']
  recommendation updated
  publish: {'entity': 'business', 'action': 'create', 'id': '7744a999-1bd0-40ee-8d5e-ce98fdc0a139', 'slug': 'svoi-baytrans-inc'}

[26/50] Cornerstone Transport
  svoi: webs=0 phones=1 addr=4141 Power Inn Road
  no company website
  fill keys: ['address_line', 'city', 'google_maps_url', 'location_precision', 'phone', 'state_code']
  recommendation updated
  publish: {'entity': 'business', 'action': 'create', 'id': '9807cc7c-6c88-48a3-8a5e-f63530439640', 'slug': 'svoi-cornerstone-transport'}

[27/50] Eagle Signs & Graphics
  svoi: webs=0 phones=2 addr=6026 San Juan Avenue
  no company website
  fill keys: ['address_line', 'city', 'google_maps_url', 'location_precision', 'phone', 'postal_code', 'state_code']
  recommendation updated
  publish: {'entity': 'business', 'action': 'create', 'id': 'bac7c6de-ea48-4219-b390-ba9c0aca6866', 'slug': 'svoi-eagle-signs-graphics'}

[28/50] Advance Printing and Signs
  svoi: webs=0 phones=1 addr=3440 Auburn Boulevard
  no company website
  fill keys: ['address_line', 'city', 'google_maps_url', 'location_precision', 'phone', 'postal_code', 'state_code']
  recommendation updated
  publish: {'entity': 'business', 'action': 'create', 'id': 'ecc128a8-20b3-40eb-b3ac-d9a39db9c522', 'slug': 'svoi-advance-printing-and-signs'}

[29/50] Action Printers
  svoi: webs=0 phones=1 addr=3343 Arden Way
  no company website
  fill keys: ['address_line', 'city', 'google_maps_url', 'location_precision', 'phone', 'state_code']
  recommendation updated
  publish: {'entity': 'business', 'action': 'create', 'id': '4213b40e-99df-4e4e-bf29-5d0352e27bb5', 'slug': 'svoi-action-printers'}

[30/50] Bellissimo Tailoring and Alterations
  svoi: webs=0 phones=1 addr=6909 Greenback Lane
  no company website
  fill keys: ['address_line', 'city', 'google_maps_url', 'location_precision', 'phone', 'postal_code', 'state_code']
  recommendation updated
  publish: {'entity': 'business', 'action': 'create', 'id': '9c60e607-da18-404a-afd2-6c98683035e6', 'slug': 'svoi-bellissimo-tailoring-and-alterations'}

[31/50] Dream Design
  svoi: webs=0 phones=1 addr=10150 Coloma Road
  no company website
  fill keys: ['address_line', 'city', 'google_maps_url', 'location_precision', 'phone', 'postal_code', 'state_code']
  recommendation updated
  publish: {'entity': 'business', 'action': 'create', 'id': 'c4968cde-3003-447e-8cae-1b254ededb74', 'slug': 'svoi-dream-design'}

[32/50] Save On Cleaners
  svoi: webs=0 phones=1 addr=5500 Madison Avenue
  no company website
  fill keys: ['address_line', 'city', 'google_maps_url', 'location_precision', 'phone', 'postal_code', 'state_code']
  recommendation updated
  publish: {'entity': 'business', 'action': 'create', 'id': '3198c8bc-9954-4235-ac6f-03ce079c6a56', 'slug': 'svoi-save-on-cleaners'}

[33/50] Global Express
  svoi: webs=0 phones=1 addr=2540 Athens Ave
  no company website
  fill keys: ['address_line', 'city', 'google_maps_url', 'location_precision', 'phone', 'postal_code', 'state_code']
  recommendation updated
  publish: {'entity': 'business', 'action': 'create', 'id': '78e0ec68-a31e-47e8-8c75-ab72d3671a0d', 'slug': 'svoi-global-express'}

[34/50] Славянская Почта
  svoi: webs=0 phones=1 addr=7137 Walerga Road
  no company website
  fill keys: ['address_line', 'city', 'google_maps_url', 'location_precision', 'phone', 'postal_code', 'state_code']
  recommendation updated
  publish: {'entity': 'business', 'action': 'create', 'id': 'ec4400a6-7a1e-4f0a-895a-b79f321a77e3', 'slug': 'svoi-biz-62'}

[35/50] Albatross Express
  svoi: webs=0 phones=1 addr=4811 Chippendale Drive
  no company website
  fill keys: ['address_line', 'city', 'google_maps_url', 'location_precision', 'phone', 'postal_code', 'state_code']
  recommendation updated
  publish: {'entity': 'business', 'action': 'create', 'id': '302f7e31-584f-4a38-84ce-8d0d116fc8e7', 'slug': 'svoi-albatross-express'}

[36/50] Ernie Geefay Productions in El Dorado Hills
  svoi: webs=0 phones=1 addr=4162 Alta Sierra Way
  no company website
  fill keys: ['address_line', 'city', 'google_maps_url', 'location_precision', 'phone', 'state_code']
  recommendation updated
  publish: {'entity': 'business', 'action': 'create', 'id': 'cbb03f51-e877-4884-985b-4c96478cf159', 'slug': 'svoi-ernie-geefay-productions-in-el-dorado-hills'}

[37/50] Videolife Production Studio
  svoi: webs=0 phones=1 addr=6929 Sunrise Boulevard
  no company website
  fill keys: ['address_line', 'city', 'google_maps_url', 'location_precision', 'phone', 'state_code']
  recommendation updated
  publish: {'entity': 'business', 'action': 'create', 'id': 'dc8bb8e6-e494-4929-b31b-bf7e5551523e', 'slug': 'svoi-videolife-production-studio'}

[38/50] Andrey Perepelitsa MC Studios Photography
  svoi: webs=0 phones=1 addr=7820 Shell Beach Drive
  no company website
  fill keys: ['address_line', 'city', 'google_maps_url', 'location_precision', 'phone', 'state_code']
  recommendation updated
  publish: {'entity': 'business', 'action': 'create', 'id': '99c52cb0-e8c1-4c31-b6c9-4f115e3d866e', 'slug': 'svoi-andrey-perepelitsa-mc-studios-photography'}

[39/50] Tax Shark
  svoi: webs=1 phones=1 addr=1700 Eureka Road
  website error: <urlopen error [Errno 8] nodename nor servname provided, or not known>
  fill keys: ['address_line', 'city', 'google_maps_url', 'location_precision', 'phone', 'website']
  recommendation updated
  publish: {'entity': 'business', 'action': 'create', 'id': 'ba3ce4f4-7cc2-4f12-bc58-cbab31380682', 'slug': 'svoi-tax-shark'}

[40/50] SK Tax Service
  svoi: webs=0 phones=1 addr=6381 Auburn Boulevard
  no company website
  fill keys: ['address_line', 'city', 'google_maps_url', 'location_precision', 'phone', 'state_code']
  recommendation updated
  publish: {'entity': 'business', 'action': 'create', 'id': '21f67862-c769-471c-947c-834220f3a7f9', 'slug': 'svoi-sk-tax-service'}

[41/50] Alexander Perepelitsa AGP Financial Services
  svoi: webs=0 phones=1 addr=7820 Shell Beach Drive
  no company website
  fill keys: ['address_line', 'city', 'google_maps_url', 'location_precision', 'phone', 'state_code']
  recommendation updated
  publish: {'entity': 'business', 'action': 'create', 'id': 'ca0743df-95c7-448c-b08a-2156ea2ea72a', 'slug': 'svoi-alexander-perepelitsa-agp-financial-services'}

[42/50] Alpine Mortgage Planing
  svoi: webs=0 phones=2 addr=2281 Lava Ridge Court
  no company website
  fill keys: ['address_line', 'city', 'google_maps_url', 'location_precision', 'phone', 'postal_code', 'state_code']
  recommendation updated
  publish: {'entity': 'business', 'action': 'create', 'id': '086ca1a7-cb67-40c4-a504-4cab05b497d6', 'slug': 'svoi-alpine-mortgage-planing'}

[43/50] Alexander Polyakh
  svoi: webs=0 phones=1 addr=970 Reserve Drive
  no company website
  fill keys: ['address_line', 'city', 'google_maps_url', 'location_precision', 'phone', 'postal_code', 'state_code']
  recommendation updated
  publish: {'entity': 'business', 'action': 'create', 'id': '01acdbb6-d798-47b7-816f-a83d0779e451', 'slug': 'svoi-alexander-polyakh'}

[44/50] Роман Митрос (Prime Time Mortgage Corp.)
  svoi: webs=0 phones=1 addr=6300 Garfield Avenue
  no company website
  fill keys: ['address_line', 'city', 'google_maps_url', 'location_precision', 'phone', 'state_code']
  recommendation updated
  publish: {'entity': 'business', 'action': 'create', 'id': '491a4fb7-1da4-44ae-aa21-f3e9bd743ab1', 'slug': 'svoi-prime-time-mortgage-corp'}

[45/50] Afisha Russian Advertising
  svoi: webs=0 phones=1 addr=4555 Auburn Boulevard
  no company website
  fill keys: ['address_line', 'city', 'google_maps_url', 'location_precision', 'phone', 'postal_code', 'state_code']
  recommendation updated
  publish: {'entity': 'business', 'action': 'create', 'id': '47cc3918-6873-41e2-84ee-af0da191691e', 'slug': 'svoi-afisha-russian-advertising'}

[46/50] Russian Cultural Center
  svoi: webs=0 phones=1 addr=4555 Auburn Boulevard
  no company website
  fill keys: ['address_line', 'city', 'google_maps_url', 'location_precision', 'phone', 'postal_code', 'state_code']
  recommendation updated
  publish: {'entity': 'business', 'action': 'create', 'id': '5182fe68-a221-4503-95ac-a135720f01ab', 'slug': 'svoi-russian-cultural-center'}

[47/50] Beryozka European Market & Deli
  svoi: webs=0 phones=1 addr=6845 Five Star Boulevard
  no company website
  fill keys: ['address_line', 'city', 'google_maps_url', 'location_precision', 'phone', 'state_code']
  recommendation updated
  publish: {'entity': 'business', 'action': 'create', 'id': '6da58cb6-5e5c-4724-971e-d6bf85bdeaa2', 'slug': 'svoi-beryozka-european-market-deli'}

[48/50] Pacific Coast Food
  svoi: webs=0 phones=4 addr=7263 Greenback Lane
  no company website
  fill keys: ['address_line', 'city', 'google_maps_url', 'location_precision', 'phone', 'postal_code', 'state_code']
  recommendation updated
  publish: {'entity': 'business', 'action': 'create', 'id': '38303885-aaab-406c-8f9f-9455329858bc', 'slug': 'svoi-pacific-coast-food'}

[49/50] MNM Food Market
  svoi: webs=0 phones=1 addr=7117 Walerga Road
  no company website
  fill keys: ['address_line', 'city', 'google_maps_url', 'location_precision', 'phone', 'postal_code', 'state_code']
  recommendation updated
  publish: {'entity': 'business', 'action': 'create', 'id': 'd219eff3-61d9-438d-8a4b-9a0254874c49', 'slug': 'svoi-mnm-food-market'}

[50/50] Citrus Plaza Gifts and Books
  svoi: webs=0 phones=1 addr=6240 San Juan Avenue
  no company website
  fill keys: ['address_line', 'city', 'google_maps_url', 'location_precision', 'phone', 'state_code']
  recommendation updated
  publish: {'entity': 'business', 'action': 'create', 'id': 'da4de784-acff-440f-8666-c37c59b84d2e', 'slug': 'svoi-citrus-plaza-gifts-and-books'}

Done. enriched=50 with_address=49 published=49 report=/Users/sammov/Russian business AI/scripts/business-enrich/data/svoi_enrich/batch_20260727T031322Z.json
Last targets=50 exit=0

===== ROUND 7 2026-07-27T03:13:22Z =====
targets=50 dry_run=False publish=True places=True publish_enriched=False

[1/50] Flowers Divine Studio
  svoi: webs=0 phones=1 addr=4400 San Juan Avenue
  no company website
  places: error
  places quota exhausted — continuing without Places
  fill keys: ['address_line', 'city', 'google_maps_url', 'location_precision', 'phone', 'postal_code', 'state_code']
  recommendation updated
  publish: {'entity': 'business', 'action': 'create', 'id': '1ca033c7-780f-444a-ba7c-542c573704b7', 'slug': 'svoi-flowers-divine-studio'}

[2/50] Everest Flowers
  svoi: webs=1 phones=2 addr=7137 Walerga Road
  website keys: ['address_line', 'city', 'emails', 'facebook_url', 'instagram_url', 'phones', 'postal_code', 'state_code', 'yelp_url']
  fill keys: ['address_line', 'city', 'email', 'google_maps_url', 'instagram_url', 'location_precision', 'phone', 'postal_code', 'state_code', 'website', 'yelp_url']
  recommendation updated
  publish: {'entity': 'business', 'action': 'create', 'id': '78215f25-7461-4ec7-a487-89ada197e3ab', 'slug': 'svoi-everest-flowers'}

[3/50] Pizza Guy's
  svoi: webs=0 phones=1 addr=612 East Bidwell Street
  no company website
  fill keys: ['address_line', 'city', 'google_maps_url', 'location_precision', 'phone', 'postal_code', 'state_code']
  recommendation updated
  publish: {'entity': 'business', 'action': 'create', 'id': '064c52d8-1a4c-4a5c-8fbb-b484ef6b8c0f', 'slug': 'svoi-pizza-guy-s'}

[4/50] Royal Kebab
  svoi: webs=0 phones=1 addr=8055 Greenback Lane
  no company website
  fill keys: ['address_line', 'city', 'google_maps_url', 'location_precision', 'phone', 'postal_code', 'state_code']
  recommendation updated
  publish: {'entity': 'business', 'action': 'create', 'id': '06f67b84-a419-48b3-b9dc-9d53431b0d11', 'slug': 'svoi-royal-kebab'}

[5/50] Platinum Palace
  svoi: webs=1 phones=2 addr=11076 Coloma Road
  website keys: []
  fill keys: ['address_line', 'city', 'google_maps_url', 'location_precision', 'phone', 'postal_code', 'state_code', 'website']
  recommendation updated
  publish: {'entity': 'business', 'action': 'create', 'id': '0227218a-6eb6-4eb2-a08c-04776f6c9ff8', 'slug': 'svoi-platinum-palace'}

[6/50] Afisha Magazine
  svoi: webs=0 phones=1 addr=North Highlands
  weak address skipped: North Highlands
  no company website
  fill keys: ['city', 'google_maps_url', 'phone']
  recommendation updated
  skip publish (entity=business, street=False)

[7/50] Russian American Media
  svoi: webs=1 phones=1 addr=2935 Fulton Avenue
  website keys: ['description', 'facebook_url', 'instagram_url', 'opening_hours', 'phones']
  fill keys: ['address_line', 'city', 'google_maps_url', 'instagram_url', 'location_precision', 'opening_hours', 'phone', 'postal_code', 'state_code', 'website']
  recommendation updated
  publish: {'entity': 'business', 'action': 'create', 'id': '2d3b58d5-6961-411b-8212-723382fc21b0', 'slug': 'svoi-russian-american-media'}

[8/50] Russian Time Magazine
  svoi: webs=1 phones=4 addr=2935 Fulton Avenue
  website keys: ['description', 'facebook_url', 'instagram_url', 'phones']
  fill keys: ['address_line', 'city', 'google_maps_url', 'instagram_url', 'location_precision', 'phone', 'postal_code', 'state_code', 'website']
  recommendation updated
  publish: {'entity': 'business', 'action': 'create', 'id': '7a8ffa2e-c6df-4e89-b6b3-f003f448c382', 'slug': 'svoi-russian-time-magazine'}

[9/50] Dr. Irina S. Zaydman, MD
  svoi: webs=0 phones=1 addr=16659 Southwest Freeway
  no company website
  fill keys: ['address_line', 'city', 'google_maps_url', 'location_precision', 'phone', 'postal_code', 'state_code']
  recommendation updated
  publish: {'entity': 'professional', 'action': 'create', 'id': '0b7b98e9-44b4-4843-b8bd-01548bb8935a', 'slug': 'svoi-dr-irina-s-zaydman-md'}

[10/50] NewAge Dentistry
  svoi: webs=0 phones=2 addr=8200 Wednesbury Lane
  no company website
  fill keys: ['address_line', 'city', 'google_maps_url', 'location_precision', 'phone', 'postal_code', 'state_code']
  recommendation updated
  publish: {'entity': 'business', 'action': 'create', 'id': '22eeefae-f56a-456c-8675-46d65fdcc7db', 'slug': 'svoi-newage-dentistry'}

[11/50] Bellaire Smiles Center
  svoi: webs=0 phones=1 addr=6800 West Loop South Freeway
  no company website
  fill keys: ['address_line', 'city', 'google_maps_url', 'location_precision', 'phone', 'postal_code', 'state_code']
  recommendation updated
  publish: {'entity': 'business', 'action': 'create', 'id': '1ca4b645-b76d-4cae-85af-648f080bcf8b', 'slug': 'svoi-bellaire-smiles-center'}

[12/50] Dr. Leila G Vizirov, MD
  svoi: webs=0 phones=1 addr=1631 North Loop West
  no company website
  fill keys: ['address_line', 'city', 'google_maps_url', 'location_precision', 'phone', 'state_code']
  recommendation updated
  publish: {'entity': 'professional', 'action': 'create', 'id': 'b7a0a1bb-3fa4-4603-92b9-725b8c507910', 'slug': 'svoi-dr-leila-g-vizirov-md'}

[13/50] Dr. Luda Kamenetsky, MD at Medical Associates
  svoi: webs=0 phones=1 addr=1315 Saint Joseph Parkway
  no company website
  fill keys: ['address_line', 'city', 'google_maps_url', 'location_precision', 'phone', 'postal_code', 'state_code']
  recommendation updated
  publish: {'entity': 'professional', 'action': 'create', 'id': '1f567738-1846-467f-a82a-569ec5acd506', 'slug': 'svoi-dr-luda-kamenetsky-md-at-medical-associates'}

[14/50] Dr Edward Berzin at Medical Center for Plastic Surgery
  svoi: webs=1 phones=1 addr=6560 Fannin Street
  website keys: ['description']
  fill keys: ['address_line', 'city', 'google_maps_url', 'location_precision', 'phone', 'state_code', 'website']
  recommendation updated
  publish: {'entity': 'business', 'action': 'create', 'id': 'f1533b67-a63b-4b13-8b78-a73ddca0a080', 'slug': 'svoi-dr-edward-berzin-at-medical-center-for-plastic-s'}

[15/50] Beauty Medica, INC
  svoi: webs=0 phones=1 addr=3334 Richmond Avenue
  no company website
  fill keys: ['address_line', 'city', 'google_maps_url', 'location_precision', 'phone', 'postal_code', 'state_code']
  recommendation updated
  publish: {'entity': 'business', 'action': 'create', 'id': 'bdcab865-af3c-419c-9270-a0eac0d22c4a', 'slug': 'svoi-beauty-medica-inc'}

[16/50] HoustonRekiHypnosis LLC
  svoi: webs=0 phones=1 addr=12645 Memorial Drive
  no company website
  fill keys: ['address_line', 'city', 'google_maps_url', 'location_precision', 'phone', 'postal_code', 'state_code']
  recommendation updated
  publish: {'entity': 'business', 'action': 'create', 'id': '94fa5400-52ac-43cd-bcb6-a690c5c75562', 'slug': 'svoi-houstonrekihypnosis-llc'}

[17/50] Д-е Александр Генсон DC
  svoi: webs=0 phones=1 addr=6006 Bellaire Boulevard
  no company website
  fill keys: ['address_line', 'city', 'google_maps_url', 'location_precision', 'phone', 'state_code']
  recommendation updated
  publish: {'entity': 'professional', 'action': 'create', 'id': '3d1e6e8a-3744-4493-8be1-6a9cbc963d1b', 'slug': 'svoi-dc'}

[18/50] Dr. Farah Mamedov, MD at Steeplechase Pediatric Center
  svoi: webs=0 phones=1 addr=13114 FM 1960 Road West
  no company website
  fill keys: ['address_line', 'city', 'google_maps_url', 'location_precision', 'phone', 'postal_code', 'state_code']
  recommendation updated
  publish: {'entity': 'business', 'action': 'create', 'id': 'd684e8e1-77d1-4da9-a243-e2b40b6520dd', 'slug': 'svoi-dr-farah-mamedov-md-at-steeplechase-pediatric-ce'}

[19/50] Трансфер в аэропорт
  svoi: webs=0 phones=1 addr=Houston
  weak address skipped: Houston
  no company website
  fill keys: ['city', 'google_maps_url', 'phone']
  recommendation updated
  skip publish (entity=business, street=False)

[20/50] Russian School and Preschool - детский сад Теремок
  svoi: webs=0 phones=1 addr=The Woodlands
  weak address skipped: The Woodlands
  no company website
  fill keys: ['city', 'google_maps_url', 'phone']
  recommendation updated
  skip publish (entity=business, street=False)

[21/50] Masha Russian Day Care
  svoi: webs=0 phones=3 addr=910 Mill Valley Drive
  no company website
  fill keys: ['address_line', 'city', 'google_maps_url', 'location_precision', 'phone', 'postal_code', 'state_code']
  recommendation updated
  publish: {'entity': 'business', 'action': 'create', 'id': '7eedaa27-304b-44cb-a86f-7186c106ad2e', 'slug': 'svoi-masha-russian-day-care'}

[22/50] RE/MAX The Woodlands & Spring
  svoi: webs=0 phones=1 addr=6620 Woodlands Parkway
  no company website
  fill keys: ['address_line', 'city', 'google_maps_url', 'location_precision', 'phone', 'state_code']
  recommendation updated
  publish: {'entity': 'business', 'action': 'create', 'id': 'b9a2f91b-4923-45f3-ba7e-bfda1c38e422', 'slug': 'svoi-re-max-the-woodlands-spring'}

[23/50] Real Estate Investments & services
  svoi: webs=0 phones=1 addr=Woodstead Court
  no company website
  fill keys: ['address_line', 'city', 'google_maps_url', 'location_precision', 'phone']
  recommendation updated
  publish: {'entity': 'business', 'action': 'create', 'id': '95792da8-85e4-440b-a19b-c71e5632c5dd', 'slug': 'svoi-real-estate-investments-services'}

[24/50] Keller Williams Realty The Woodlands
  svoi: webs=0 phones=2 addr=1401 Woodlands Parkway
  no company website
  fill keys: ['address_line', 'city', 'google_maps_url', 'location_precision', 'phone', 'postal_code', 'state_code']
  recommendation updated
  publish: {'entity': 'business', 'action': 'create', 'id': 'fab058ba-9da8-40b6-b5d8-de3b3f52dd09', 'slug': 'svoi-keller-williams-realty-the-woodlands'}

[25/50] Dextra Air, Inc
  svoi: webs=0 phones=1 addr=Houston
  weak address skipped: Houston
  no company website
  fill keys: ['city', 'google_maps_url', 'phone']
  recommendation updated
  skip publish (entity=business, street=False)

[26/50] ABC Draperies
  svoi: webs=0 phones=1 addr=5815 Elm st
  no company website
  fill keys: ['address_line', 'city', 'google_maps_url', 'location_precision', 'phone', 'postal_code', 'state_code']
  recommendation updated
  publish: {'entity': 'business', 'action': 'create', 'id': 'd7c2e6e1-0303-4171-956a-b446f171c647', 'slug': 'svoi-abc-draperies'}

[27/50] Светлана Кларк - парикмахер - модельер
  svoi: webs=0 phones=1 addr=2650 Pearland Parkway
  no company website
  fill keys: ['address_line', 'city', 'google_maps_url', 'location_precision', 'phone', 'state_code']
  recommendation updated
  publish: {'entity': 'business', 'action': 'create', 'id': '1d4fe805-2cd1-4b9e-8ec9-02e19e65a6dd', 'slug': 'svoi-biz-63'}

[28/50] Piramide Salon
  svoi: webs=0 phones=1 addr=14080 Memorial Drive
  no company website
  fill keys: ['address_line', 'city', 'google_maps_url', 'location_precision', 'phone', 'postal_code', 'state_code']
  recommendation updated
  publish: {'entity': 'business', 'action': 'create', 'id': '0867b309-7ede-42ea-9f64-5491f8204774', 'slug': 'svoi-piramide-salon'}

[29/50] МАНИКЮР И ПЕДИКЮР ХЬЮСТОН
  svoi: webs=0 phones=1 addr=Houston
  weak address skipped: Houston
  no company website
  fill keys: ['city', 'google_maps_url', 'phone']
  recommendation updated
  skip publish (entity=business, street=False)

[30/50] Mokritsky Insurance Agency
  svoi: webs=0 phones=1 addr=Houston
  weak address skipped: Houston
  no company website
  fill keys: ['city', 'google_maps_url', 'phone']
  recommendation updated
  skip publish (entity=business, street=False)

[31/50] HCC Insurance Holdings, Inc.
  svoi: webs=0 phones=1 addr=Houston
  weak address skipped: Houston
  no company website
  fill keys: ['city', 'google_maps_url', 'phone']
  recommendation updated
  skip publish (entity=business, street=False)

[32/50] WESTOR TRAVEL - full service agency
  svoi: webs=0 phones=1 addr=4615 Castlewood Street
  no company website
  fill keys: ['address_line', 'city', 'google_maps_url', 'location_precision', 'phone', 'state_code']
  recommendation updated
  publish: {'entity': 'business', 'action': 'create', 'id': '43ea245c-0226-42d8-b172-210b166f1805', 'slug': 'svoi-westor-travel-full-service-agency'}

[33/50] Flamingo Travel
  svoi: webs=0 phones=1 addr=6006 Bellaire Boulevard
  no company website
  fill keys: ['address_line', 'city', 'google_maps_url', 'location_precision', 'phone', 'postal_code', 'state_code']
  recommendation updated
  publish: {'entity': 'business', 'action': 'create', 'id': '5020e44f-3f6f-4678-8a15-d587a48a6ede', 'slug': 'svoi-flamingo-travel'}

[34/50] MTA Tours & Travel
  svoi: webs=0 phones=1 addr=4738 West Alabama Street
  no company website
  fill keys: ['address_line', 'city', 'google_maps_url', 'location_precision', 'phone', 'state_code']
  recommendation updated
  publish: {'entity': 'business', 'action': 'create', 'id': 'c00072c1-960b-4496-8f17-3b5b619f08a1', 'slug': 'svoi-mta-tours-travel'}

[35/50] Translation and Document Assistance
  svoi: webs=0 phones=2 addr=7142 Lake Paloma Trail
  no company website
  fill keys: ['address_line', 'city', 'google_maps_url', 'location_precision', 'phone', 'postal_code', 'state_code']
  recommendation updated
  publish: {'entity': 'business', 'action': 'create', 'id': 'e664ffae-78c9-4b61-ab0e-18a3820a8306', 'slug': 'svoi-translation-and-document-assistance'}

[36/50] MasterWord Services Inc
  svoi: webs=0 phones=4 addr=303 Stafford Street
  no company website
  fill keys: ['address_line', 'city', 'google_maps_url', 'location_precision', 'phone', 'postal_code', 'state_code']
  recommendation updated
  publish: {'entity': 'business', 'action': 'create', 'id': 'e2ac8cfc-5f70-4c24-b25d-0587cfc51e5e', 'slug': 'svoi-masterword-services-inc'}

[37/50] Produce Pro LLC
  svoi: webs=0 phones=3 addr=2925 Richmond Ave
  no company website
  fill keys: ['address_line', 'city', 'google_maps_url', 'location_precision', 'phone', 'state_code']
  recommendation updated
  publish: {'entity': 'business', 'action': 'create', 'id': '62628663-3054-4b50-bd80-f28bdb227181', 'slug': 'svoi-produce-pro-llc'}

[38/50] KRC Print
  svoi: webs=1 phones=1 addr=19321 Park Row Drive
  website keys: []
  fill keys: ['address_line', 'city', 'google_maps_url', 'location_precision', 'phone', 'postal_code', 'state_code', 'website']
  recommendation updated
  publish: {'entity': 'business', 'action': 'create', 'id': 'ee3ef29b-bb2c-4176-90d8-ab866d63138d', 'slug': 'svoi-krc-print'}

[39/50] Atlantic Express Pasadena
  svoi: webs=0 phones=1 addr=749 Crenshaw Road
  no company website
  fill keys: ['address_line', 'city', 'google_maps_url', 'location_precision', 'phone', 'postal_code', 'state_code']
  recommendation updated
  publish: {'entity': 'business', 'action': 'create', 'id': '1a0cfed9-2cb7-4f11-a899-f5a5853db7c9', 'slug': 'svoi-atlantic-express-pasadena'}

[40/50] Mediterraneo Market and Cafe
  svoi: webs=0 phones=1 addr=18033 Upper Bay Road
  no company website
  fill keys: ['address_line', 'city', 'google_maps_url', 'location_precision', 'phone', 'postal_code', 'state_code']
  recommendation updated
  publish: {'entity': 'business', 'action': 'create', 'id': '8dba937e-602a-445e-9e4d-8eb84521b624', 'slug': 'svoi-mediterraneo-market-and-cafe'}

[41/50] Russian General Store
  svoi: webs=1 phones=1 addr=9629 Hillcroft Avenue
  website keys: []
  fill keys: ['address_line', 'city', 'google_maps_url', 'location_precision', 'phone', 'postal_code', 'state_code', 'website']
  recommendation updated
  publish: {'entity': 'business', 'action': 'create', 'id': '42ee29b1-dab3-4ef1-b9a4-74230056cf70', 'slug': 'svoi-russian-general-store'}

[42/50] Golden grain Russian Groceries and Deli
  svoi: webs=1 phones=1 addr=5406 Birdwood Road
  website keys: ['emails', 'facebook_url']
  fill keys: ['address_line', 'city', 'email', 'google_maps_url', 'location_precision', 'phone', 'state_code', 'website']
  recommendation updated
  publish: {'entity': 'business', 'action': 'create', 'id': '3f8267d8-c061-493d-88c4-df2f41427082', 'slug': 'svoi-golden-grain-russian-groceries-and-deli'}

[43/50] Anna's Cakes and Pastries
  svoi: webs=0 phones=1 addr=Houston
  weak address skipped: Houston
  no company website
  fill keys: ['city', 'google_maps_url', 'phone']
  recommendation updated
  skip publish (entity=business, street=False)

[44/50] Empire Turkish Grill
  svoi: webs=0 phones=1 addr=12448 Memorial Drive
  no company website
  fill keys: ['address_line', 'city', 'google_maps_url', 'location_precision', 'phone', 'postal_code', 'state_code']
  recommendation updated
  publish: {'entity': 'business', 'action': 'create', 'id': '24d1aced-1dd3-4ea6-a5ff-147ec1e2e781', 'slug': 'svoi-empire-turkish-grill'}

[45/50] Polonia Restaurant
  svoi: webs=1 phones=1 addr=1780 Blalock Road
  website keys: ['opening_hours']
  fill keys: ['address_line', 'city', 'google_maps_url', 'location_precision', 'opening_hours', 'phone', 'postal_code', 'state_code', 'website']
  recommendation updated
  publish: {'entity': 'business', 'action': 'create', 'id': 'b53d3b26-9bc0-4eb5-aaa8-df6702725b10', 'slug': 'svoi-polonia-restaurant'}

[46/50] T L Health Management Center
  svoi: webs=0 phones=2 addr=20255 Sunset Ranch Drive
  no company website
  fill keys: ['address_line', 'city', 'google_maps_url', 'location_precision', 'phone', 'postal_code', 'state_code']
  recommendation updated
  publish: {'entity': 'business', 'action': 'create', 'id': '8d73bfef-b7c0-4d23-9202-bbad14b2ae1a', 'slug': 'svoi-t-l-health-management-center'}

[47/50] Газета "Наш Техас"
  svoi: webs=0 phones=1 addr=2337 Bissonnet Street
  no company website
  fill keys: ['address_line', 'city', 'google_maps_url', 'location_precision', 'phone', 'postal_code', 'state_code']
  recommendation updated
  publish: {'entity': 'business', 'action': 'create', 'id': '29372366-ca58-4457-a600-4294ca8a1c4f', 'slug': 'svoi-biz-64'}

[48/50] Newspaper Our Texas
  svoi: webs=0 phones=5 addr=2337 Bissonnet Street
  no company website
  fill keys: ['address_line', 'city', 'google_maps_url', 'location_precision', 'phone', 'postal_code', 'state_code']
  recommendation updated
  publish: {'entity': 'business', 'action': 'create', 'id': '5fb7ae2d-2e0e-45a0-a0b6-7565fffb8a89', 'slug': 'svoi-newspaper-our-texas'}

[49/50] Dr. Boris Braslavsky, DDS
  svoi: webs=1 phones=1 addr=7531 Santa Monica Boulevard
  website keys: ['emails', 'phones']
  fill keys: ['address_line', 'city', 'email', 'google_maps_url', 'location_precision', 'phone', 'postal_code', 'state_code', 'website']
  recommendation updated
  publish: {'entity': 'professional', 'action': 'create', 'id': '6cb27f30-fa6f-4da8-ad75-cf3676e48551', 'slug': 'svoi-dr-boris-braslavsky-dds'}

[50/50] Dr. Victoria Olshansky DDS
  svoi: webs=0 phones=1 addr=1136 North Fairfax Avenue
  no company website
  fill keys: ['address_line', 'city', 'google_maps_url', 'location_precision', 'phone', 'postal_code', 'state_code']
  recommendation updated
  publish: {'entity': 'professional', 'action': 'create', 'id': 'b952e38e-24a4-47b6-8047-5b39f4870add', 'slug': 'svoi-dr-victoria-olshansky-dds'}

Done. enriched=50 with_address=42 published=42 report=/Users/sammov/Russian business AI/scripts/business-enrich/data/svoi_enrich/batch_20260727T031545Z.json
Last targets=50 exit=0

===== ROUND 8 2026-07-27T03:15:45Z =====
targets=50 dry_run=False publish=True places=True publish_enriched=False

[1/50] General Dentistry, Kira Meyerkova, D.D.S, Aleksey Fuks, D.D.S"
  svoi: webs=0 phones=1 addr=8205 Santa Monica Boulevard
  no company website
  places: error
  places quota exhausted — continuing without Places
  fill keys: ['address_line', 'city', 'google_maps_url', 'location_precision', 'phone', 'state_code']
  recommendation updated
  publish: {'entity': 'business', 'action': 'create', 'id': 'ed412580-a65a-43c3-b9db-7267e945a94c', 'slug': 'svoi-general-dentistry-kira-meyerkova-d-d-s-aleksey-f'}

[2/50] Brentview Medical Urgent Care & Walk-In Clinic
  svoi: webs=0 phones=3 addr=8264 Santa Monica Blvd
  no company website
  fill keys: ['address_line', 'city', 'google_maps_url', 'location_precision', 'phone', 'postal_code', 'state_code']
  recommendation updated
  publish: {'entity': 'business', 'action': 'create', 'id': '762e5894-8e5b-47cb-b5f5-b02326e2273f', 'slug': 'svoi-brentview-medical-urgent-care-walk-in-clinic'}

[3/50] Igor Shnayder, M.D.
  svoi: webs=0 phones=3 addr=7737 Santa Monica Boulevard
  no company website
  fill keys: ['address_line', 'city', 'google_maps_url', 'location_precision', 'phone']
  recommendation updated
  publish: {'entity': 'business', 'action': 'create', 'id': '0e5bef86-8217-4bd8-9d23-bf2697be483d', 'slug': 'svoi-igor-shnayder-m-d'}

[4/50] Unity Medical Group- Faina Zlatogorov, M.D.
  svoi: webs=0 phones=2 addr=7531 Santa Monica Boulevard
  no company website
  fill keys: ['address_line', 'city', 'google_maps_url', 'location_precision', 'phone']
  recommendation updated
  publish: {'entity': 'professional', 'action': 'create', 'id': '9eebf065-41ba-402f-8466-9fd8c632b183', 'slug': 'svoi-unity-medical-group-faina-zlatogorov-m-d'}

[5/50] Dr. Boris Shemer MD
  svoi: webs=0 phones=1 addr=7607 Santa Monica Boulevard
  no company website
  fill keys: ['address_line', 'city', 'google_maps_url', 'location_precision', 'phone', 'postal_code', 'state_code']
  recommendation updated
  publish: {'entity': 'professional', 'action': 'create', 'id': 'c19eb314-acc8-437f-a16f-2b56c1d5b53c', 'slug': 'svoi-dr-boris-shemer-md'}

[6/50] Dr. Elena Chetverukhina
  svoi: webs=0 phones=1 addr=7531 Santa Monica Boulevard
  no company website
  fill keys: ['address_line', 'city', 'google_maps_url', 'location_precision', 'phone', 'state_code']
  recommendation updated
  publish: {'entity': 'business', 'action': 'create', 'id': '95ed131e-6f77-4793-93af-4e3a787f2973', 'slug': 'svoi-dr-elena-chetverukhina'}

[7/50] Dr. Galina Makovoz
  svoi: webs=0 phones=1 addr=7607 Santa Monica Boulevard
  no company website
  fill keys: ['address_line', 'city', 'google_maps_url', 'location_precision', 'phone', 'postal_code', 'state_code']
  recommendation updated
  publish: {'entity': 'professional', 'action': 'create', 'id': 'b2594f31-e9a9-4aba-a6b0-3ba70e0091c0', 'slug': 'svoi-dr-galina-makovoz'}

[8/50] Benjamin Eye Institute
  svoi: webs=1 phones=1 addr=9201 Sunset Boulevard
  website keys: ['address_line', 'city', 'description', 'facebook_url', 'opening_hours', 'phones', 'postal_code', 'state_code']
  fill keys: ['address_line', 'city', 'google_maps_url', 'location_precision', 'opening_hours', 'phone', 'postal_code', 'state_code', 'website']
  recommendation updated
  publish: {'entity': 'business', 'action': 'create', 'id': '044d0d31-d764-4617-bb7b-ad3be1ff108d', 'slug': 'svoi-benjamin-eye-institute'}

[9/50] Dr. Arthur Benjamin
  svoi: webs=1 phones=1 addr=9201 Sunset Boulevard
  website keys: ['address_line', 'city', 'description', 'facebook_url', 'opening_hours', 'phones', 'postal_code', 'state_code']
  fill keys: ['address_line', 'city', 'google_maps_url', 'location_precision', 'opening_hours', 'phone', 'postal_code', 'state_code', 'website']
  recommendation updated
  publish: {'entity': 'business', 'action': 'create', 'id': '0882ba7d-bc03-47aa-9c8b-07eabbc72d97', 'slug': 'svoi-dr-arthur-benjamin'}

[10/50] Eye Care Medical Center
  svoi: webs=0 phones=1 addr=7739 Santa Monica Boulevard
  no company website
  fill keys: ['address_line', 'city', 'google_maps_url', 'location_precision', 'phone', 'postal_code', 'state_code']
  recommendation updated
  publish: {'entity': 'business', 'action': 'create', 'id': 'd8600342-631b-4ac6-ae88-d5e834ef247d', 'slug': 'svoi-eye-care-medical-center'}

[11/50] Yuri Ovchinnikov, LAC
  svoi: webs=0 phones=1 addr=8205 Santa Monica Boulevard
  no company website
  fill keys: ['address_line', 'city', 'google_maps_url', 'location_precision', 'phone', 'postal_code', 'state_code']
  recommendation updated
  publish: {'entity': 'business', 'action': 'create', 'id': '5c1affad-7585-407e-9da5-b035e18306f3', 'slug': 'svoi-yuri-ovchinnikov-lac'}

[12/50] Zaytzev Victor
  svoi: webs=0 phones=1 addr=7531 Santa Monica Boulevard
  no company website
  fill keys: ['address_line', 'city', 'google_maps_url', 'location_precision', 'phone', 'postal_code', 'state_code']
  recommendation updated
  publish: {'entity': 'business', 'action': 'create', 'id': '1bfaf8fa-e60e-487c-b4ba-7cf474a15560', 'slug': 'svoi-zaytzev-victor'}

[13/50] Benjamin Institute
  svoi: webs=1 phones=3 addr=Sunset Boulevard
  weak address skipped: Sunset Boulevard
  website keys: ['address_line', 'city', 'description', 'facebook_url', 'opening_hours', 'phones', 'postal_code', 'state_code']
  fill keys: ['address_line', 'city', 'google_maps_url', 'location_precision', 'opening_hours', 'phone', 'postal_code', 'state_code', 'website']
  recommendation updated
  publish: {'entity': 'business', 'action': 'merge', 'id': '044d0d31-d764-4617-bb7b-ad3be1ff108d'}

[14/50] Dr. Elena Vaynerov
  svoi: webs=0 phones=1 addr=7559 Santa Monica Boulevard
  no company website
  fill keys: ['address_line', 'city', 'google_maps_url', 'location_precision', 'phone', 'postal_code', 'state_code']
  recommendation updated
  publish: {'entity': 'professional', 'action': 'create', 'id': '09a91983-eba3-443d-9c17-d1745524242a', 'slug': 'svoi-dr-elena-vaynerov'}

[15/50] Dr. Galina Sobolev
  svoi: webs=0 phones=1 addr=7531 Santa Monica Blvd
  no company website
  fill keys: ['address_line', 'city', 'google_maps_url', 'location_precision', 'phone', 'postal_code', 'state_code']
  recommendation updated
  publish: {'entity': 'business', 'action': 'create', 'id': 'bff2bac2-dc3f-46be-9008-cc29b7d49dd1', 'slug': 'svoi-dr-galina-sobolev'}

[16/50] Affordable Vision Center
  svoi: webs=0 phones=1 addr=7976 Santa Monica Boulevard
  no company website
  fill keys: ['address_line', 'city', 'google_maps_url', 'location_precision', 'phone', 'postal_code', 'state_code']
  recommendation updated
  publish: {'entity': 'business', 'action': 'create', 'id': '7e50ce86-8a1d-4261-9664-fc81d12ec4a8', 'slug': 'svoi-affordable-vision-center'}

[17/50] Care Plus Pharmacy
  svoi: webs=0 phones=1 addr=8607 Santa Monica Boulevard
  no company website
  fill keys: ['address_line', 'city', 'google_maps_url', 'location_precision', 'phone', 'state_code']
  recommendation updated
  publish: {'entity': 'business', 'action': 'create', 'id': 'b1330dd4-4925-4058-b8fa-87f8ea08a963', 'slug': 'svoi-care-plus-pharmacy'}

[18/50] Curson Pharmacy
  svoi: webs=0 phones=2 addr=7559 Santa Monica Boulevard
  no company website
  fill keys: ['address_line', 'city', 'google_maps_url', 'location_precision', 'phone', 'postal_code', 'state_code']
  recommendation updated
  publish: {'entity': 'business', 'action': 'create', 'id': 'd3684fe6-f091-4df4-8810-1c71e7329db3', 'slug': 'svoi-curson-pharmacy'}

[19/50] Star Medical & Surgical Supplies
  svoi: webs=0 phones=1 addr=7768 Santa Monica Boulevard
  no company website
  fill keys: ['address_line', 'city', 'google_maps_url', 'location_precision', 'phone', 'postal_code', 'state_code']
  recommendation updated
  publish: {'entity': 'business', 'action': 'create', 'id': 'e58dc74f-09bb-4f80-a341-5815a5dbdb64', 'slug': 'svoi-star-medical-surgical-supplies'}

[20/50] Vine Medical Supplies
  svoi: webs=0 phones=1 addr=7406 Santa Monica Boulevard
  no company website
  fill keys: ['address_line', 'city', 'google_maps_url', 'location_precision', 'phone', 'postal_code', 'state_code']
  recommendation updated
  publish: {'entity': 'business', 'action': 'create', 'id': '3bff85d9-3795-489d-b3a8-cd4c6dbec605', 'slug': 'svoi-vine-medical-supplies'}

[21/50] Affordable West Hollywood
  svoi: webs=1 phones=2 addr=1040 North La Brea Avenue
  website error: <urlopen error [Errno 8] nodename nor servname provided, or not known>
  fill keys: ['address_line', 'city', 'google_maps_url', 'location_precision', 'phone', 'state_code', 'website']
  recommendation updated
  publish: {'entity': 'business', 'action': 'create', 'id': 'bb1e8180-4b74-47ae-9775-c395688d546b', 'slug': 'svoi-affordable-west-hollywood'}

[22/50] ABC Little Schools West Hollywood
  svoi: webs=0 phones=1 addr=927 North Fairfax Avenue
  no company website
  fill keys: ['address_line', 'city', 'google_maps_url', 'location_precision', 'phone', 'postal_code', 'state_code']
  recommendation updated
  publish: {'entity': 'business', 'action': 'create', 'id': 'ae691648-57c7-4734-96de-d03acb41aa27', 'slug': 'svoi-abc-little-schools-west-hollywood'}

[23/50] Happyland Child Day Care
  svoi: webs=0 phones=1 addr=1204 N Detroit St
  no company website
  fill keys: ['address_line', 'city', 'google_maps_url', 'location_precision', 'phone', 'postal_code', 'state_code']
  recommendation updated
  publish: {'entity': 'business', 'action': 'create', 'id': '641314b3-ca10-4119-8164-8df37d312bd1', 'slug': 'svoi-happyland-child-day-care'}

[24/50] WEST HOLLYWOOD CHILDREN'S ACADEMY
  svoi: webs=1 phones=1 addr=1030 North Vista Street
  website keys: ['description', 'facebook_url', 'instagram_url']
  fill keys: ['address_line', 'city', 'google_maps_url', 'instagram_url', 'location_precision', 'phone', 'postal_code', 'state_code', 'website']
  recommendation updated
  publish: {'entity': 'business', 'action': 'create', 'id': '90d54139-28af-4868-ba50-3986e258ee3d', 'slug': 'svoi-west-hollywood-children-s-academy'}

[25/50] Dvorskaya Alternative School
  svoi: webs=1 phones=2 addr=1317 N. CRESENT HEIGHTS BLVD.
  website keys: ['description']
  fill keys: ['address_line', 'city', 'google_maps_url', 'location_precision', 'phone', 'state_code', 'website']
  recommendation updated
  publish: {'entity': 'business', 'action': 'create', 'id': '71b4a77c-ce1f-4ea7-ad0b-ff019dfbe4d7', 'slug': 'svoi-dvorskaya-alternative-school'}

[26/50] Alex Gritsenko
  svoi: webs=0 phones=1 addr=8159 Santa Monica Boulevard
  no company website
  fill keys: ['address_line', 'city', 'google_maps_url', 'location_precision', 'phone', 'postal_code', 'state_code']
  recommendation updated
  publish: {'entity': 'business', 'action': 'create', 'id': '1c4e9b1d-8f0a-44a6-b7dc-d317c2a62cf6', 'slug': 'svoi-alex-gritsenko'}

[27/50] European Beauty Salon
  svoi: webs=0 phones=1 addr=7858 Santa Monica Blvd
  no company website
  fill keys: ['address_line', 'city', 'google_maps_url', 'location_precision', 'phone', 'postal_code', 'state_code']
  recommendation updated
  publish: {'entity': 'business', 'action': 'create', 'id': 'c8ad8985-9155-456b-9341-e35de6660cc1', 'slug': 'svoi-european-beauty-salon'}

[28/50] Star Nails Co.
  svoi: webs=0 phones=1 addr=7854 Santa Monica Blvd
  no company website
  fill keys: ['address_line', 'city', 'google_maps_url', 'location_precision', 'phone', 'postal_code', 'state_code']
  recommendation updated
  publish: {'entity': 'business', 'action': 'create', 'id': '91ed45e5-60e2-4792-a10b-f350366d7e01', 'slug': 'svoi-star-nails-co'}

[29/50] Tease Hair Salon
  svoi: webs=0 phones=2 addr=8149 Santa Monica Boulevard
  no company website
  fill keys: ['address_line', 'city', 'google_maps_url', 'location_precision', 'phone', 'postal_code', 'state_code']
  recommendation updated
  publish: {'entity': 'business', 'action': 'create', 'id': 'dfb4fc30-8102-4457-93dc-83062cd8aa69', 'slug': 'svoi-tease-hair-salon'}

[30/50] MP Insurance Service
  svoi: webs=1 phones=2 addr=7607 Santa Monica Boulevard
  website keys: []
  fill keys: ['address_line', 'city', 'google_maps_url', 'location_precision', 'phone', 'website']
  recommendation updated
  publish: {'entity': 'business', 'action': 'create', 'id': '59900db3-e7dd-47f5-b915-f74e85c36b71', 'slug': 'svoi-mp-insurance-service'}

[31/50] Asap Travel Deals
  svoi: webs=0 phones=1 addr=7856 Santa Monica Boulevard
  no company website
  fill keys: ['address_line', 'city', 'google_maps_url', 'location_precision', 'phone', 'postal_code', 'state_code']
  recommendation updated
  publish: {'entity': 'business', 'action': 'create', 'id': '5c836747-9c3a-413f-8559-31b02be94a1c', 'slug': 'svoi-asap-travel-deals'}

[32/50] Golden Star Tour, Inc.
  svoi: webs=0 phones=1 addr=7925 Santa Monica Boulevard
  no company website
  fill keys: ['address_line', 'city', 'google_maps_url', 'location_precision', 'phone', 'postal_code', 'state_code']
  recommendation updated
  publish: {'entity': 'business', 'action': 'create', 'id': '95c8e127-6dbb-4603-a41f-8217469f83b1', 'slug': 'svoi-golden-star-tour-inc'}

[33/50] Golden Star Travel
  svoi: webs=0 phones=2 addr=7925 Santa Monica Boulevard
  no company website
  fill keys: ['address_line', 'city', 'google_maps_url', 'location_precision', 'phone']
  recommendation updated
  publish: {'entity': 'business', 'action': 'create', 'id': '5988c462-0ed9-49dc-8430-1dde6a0ab259', 'slug': 'svoi-golden-star-travel'}

[34/50] Agency California
  svoi: webs=0 phones=3 addr=7547 Santa Monica Boulevard
  no company website
  fill keys: ['address_line', 'city', 'google_maps_url', 'location_precision', 'phone', 'postal_code', 'state_code']
  recommendation updated
  publish: {'entity': 'business', 'action': 'create', 'id': 'fb4fd93f-813a-4196-a0dc-b1b9f66a2825', 'slug': 'svoi-agency-california'}

[35/50] Rush In Documentation Center
  svoi: webs=0 phones=1 addr=1001 N Fairfax Ave
  no company website
  fill keys: ['address_line', 'city', 'google_maps_url', 'location_precision', 'phone', 'state_code']
  recommendation updated
  publish: {'entity': 'business', 'action': 'create', 'id': '25ea44aa-50ff-4b89-9546-36ecf4496069', 'slug': 'svoi-rush-in-documentation-center'}

[36/50] TodayConsult
  svoi: webs=1 phones=1 addr=7703 Santa Monica Blvd
  website keys: ['description', 'emails', 'facebook_url', 'instagram_url', 'phones', 'yelp_url']
  fill keys: ['address_line', 'city', 'email', 'google_maps_url', 'instagram_url', 'location_precision', 'phone', 'postal_code', 'state_code', 'website', 'yelp_url']
  recommendation updated
  publish: {'entity': 'business', 'action': 'create', 'id': 'b6479dcd-30d6-4c72-bf62-5f15129f2961', 'slug': 'svoi-todayconsult'}

[37/50] General Moving Group
  svoi: webs=0 phones=1 addr=7545 Santa Monica Boulevard
  no company website
  fill keys: ['address_line', 'city', 'google_maps_url', 'location_precision', 'phone', 'postal_code', 'state_code']
  recommendation updated
  publish: {'entity': 'business', 'action': 'create', 'id': '4cb5b2a4-a24c-4ba8-bb7e-7da7687523da', 'slug': 'svoi-general-moving-group'}

[38/50] Lanas Alterations
  svoi: webs=0 phones=1 addr=7551 Santa Monica Boulevard
  no company website
  fill keys: ['address_line', 'city', 'google_maps_url', 'location_precision', 'phone', 'state_code']
  recommendation updated
  publish: {'entity': 'business', 'action': 'create', 'id': '878b6a42-7963-46d8-bfc4-a3917feff813', 'slug': 'svoi-lanas-alterations'}

[39/50] Услуги по ремонту одежды
  svoi: webs=0 phones=1 addr=7748 Santa Monica Boulevard
  no company website
  fill keys: ['address_line', 'city', 'google_maps_url', 'location_precision', 'phone', 'state_code']
  recommendation updated
  publish: {'entity': 'business', 'action': 'create', 'id': '477f8fa9-90ea-4e73-a7d9-fa7c5666a191', 'slug': 'svoi-biz-65'}

[40/50] K & M Temporary Employment Services
  svoi: webs=0 phones=1 addr=7822 Santa Monica Boulevard
  no company website
  fill keys: ['address_line', 'city', 'google_maps_url', 'location_precision', 'phone', 'postal_code', 'state_code']
  recommendation updated
  publish: {'entity': 'business', 'action': 'create', 'id': 'dacae188-93e6-46ee-9852-df99252eb9c3', 'slug': 'svoi-k-m-temporary-employment-services'}

[41/50] Absolute Caviar
  svoi: webs=1 phones=1 addr=7740 Santa Monica Blvd
  website keys: ['address_line', 'city', 'description', 'emails', 'instagram_url', 'postal_code', 'state_code']
  fill keys: ['address_line', 'city', 'email', 'google_maps_url', 'instagram_url', 'location_precision', 'phone', 'postal_code', 'state_code', 'website']
  recommendation updated
  publish: {'entity': 'business', 'action': 'create', 'id': '1afb00f8-95d3-4a34-ad45-fc27a51f6ba2', 'slug': 'svoi-absolute-caviar'}

[42/50] Arbat Deli
  svoi: webs=0 phones=1 addr=7868 Santa Monica Boulevard
  no company website
  fill keys: ['address_line', 'city', 'google_maps_url', 'location_precision', 'phone', 'postal_code', 'state_code']
  recommendation updated
  publish: {'entity': 'business', 'action': 'create', 'id': 'cc98a321-4823-4e56-b71d-d82c11ee2750', 'slug': 'svoi-arbat-deli'}

[43/50] Cherry Garden Market
  svoi: webs=0 phones=1 addr=7820 Santa Monica Boulevard
  no company website
  fill keys: ['address_line', 'city', 'google_maps_url', 'location_precision', 'phone', 'postal_code', 'state_code']
  recommendation updated
  publish: {'entity': 'business', 'action': 'create', 'id': '0e5d8b6c-407d-484a-a3ab-99b73d57ef3f', 'slug': 'svoi-cherry-garden-market'}

[44/50] Quality Imports Gift Shop
  svoi: webs=0 phones=1 addr=7742 Santa Monica Boulevard
  no company website
  fill keys: ['address_line', 'city', 'google_maps_url', 'location_precision', 'phone', 'postal_code', 'state_code']
  recommendation updated
  publish: {'entity': 'business', 'action': 'create', 'id': '8c1025b5-5251-4a9a-ab08-b2f168a71d46', 'slug': 'svoi-quality-imports-gift-shop'}

[45/50] Victorias Jewelry
  svoi: webs=1 phones=1 addr=7857 Santa Monica Boulevard
  website keys: ['emails']
  fill keys: ['address_line', 'city', 'email', 'google_maps_url', 'location_precision', 'phone', 'postal_code', 'state_code', 'website']
  recommendation updated
  publish: {'entity': 'business', 'action': 'create', 'id': 'f109d973-d4f0-42f7-ad69-ac4729207ba3', 'slug': 'svoi-victorias-jewelry'}

[46/50] West Hollywood Florist
  svoi: webs=1 phones=1 addr=8205 Santa Monica Boulevard
  website keys: ['address_line', 'city', 'description', 'facebook_url', 'instagram_url', 'phones', 'postal_code', 'yelp_url']
  fill keys: ['address_line', 'city', 'google_maps_url', 'instagram_url', 'location_precision', 'phone', 'postal_code', 'state_code', 'website', 'yelp_url']
  recommendation updated
  publish: {'entity': 'business', 'action': 'create', 'id': '00021ed6-aceb-429a-a44e-6b9ad44ef307', 'slug': 'svoi-west-hollywood-florist'}

[47/50] Big Mama's & Papa's Pizza West Hollywood
  svoi: webs=0 phones=1 addr=8424 Santa Monica Boulevard
  no company website
  fill keys: ['address_line', 'city', 'google_maps_url', 'location_precision', 'phone', 'postal_code', 'state_code']
  recommendation updated
  publish: {'entity': 'business', 'action': 'create', 'id': '0712bb2c-4958-4793-ae11-b4b7b34f270d', 'slug': 'svoi-big-mama-s-papa-s-pizza-west-hollywood'}

[48/50] Crystal
  svoi: webs=0 phones=1 addr=7901 Santa Monica Boulevard
  no company website
  fill keys: ['address_line', 'city', 'google_maps_url', 'location_precision', 'phone', 'postal_code', 'state_code']
  recommendation updated
  publish: {'entity': 'business', 'action': 'create', 'id': '896ea530-b8ff-4ce4-9599-ef67d0aae090', 'slug': 'svoi-crystal'}

[49/50] Flavor of India West Hollywood
  svoi: webs=0 phones=4 addr=9045 Santa Monica Boulevard
  no company website
  fill keys: ['address_line', 'city', 'google_maps_url', 'location_precision', 'phone', 'postal_code', 'state_code']
  recommendation updated
  publish: {'entity': 'business', 'action': 'create', 'id': '978e0007-58ad-4a6d-a20e-182987442a22', 'slug': 'svoi-flavor-of-india-west-hollywood'}

[50/50] Sunny Medical Center
  svoi: webs=0 phones=1 addr=17070 Collins Avenue
  no company website
  fill keys: ['address_line', 'city', 'google_maps_url', 'location_precision', 'phone', 'postal_code', 'state_code']
  recommendation updated
  publish: {'entity': 'business', 'action': 'create', 'id': 'd7498fbf-99e5-4663-b2fa-01571815e1d1', 'slug': 'svoi-sunny-medical-center'}

Done. enriched=50 with_address=50 published=50 report=/Users/sammov/Russian business AI/scripts/business-enrich/data/svoi_enrich/batch_20260727T031758Z.json
Last targets=50 exit=0

===== ROUND 9 2026-07-27T03:17:58Z =====
targets=50 dry_run=False publish=True places=True publish_enriched=False

[1/50] Зельцман Марат
  svoi: webs=0 phones=1 addr=21097 Northeast 27th Court
  no company website
  places: error
  places quota exhausted — continuing without Places
  fill keys: ['address_line', 'city', 'google_maps_url', 'location_precision', 'phone', 'postal_code', 'state_code']
  recommendation updated
  publish: {'entity': 'professional', 'action': 'create', 'id': '65a3ee4e-c61a-448e-a1fc-ab793fb9d6c8', 'slug': 'svoi-biz-9'}

[2/50] Polo Dental
  svoi: webs=0 phones=1 addr=5030 Champion Boulevard
  no company website
  fill keys: ['address_line', 'city', 'google_maps_url', 'location_precision', 'phone', 'postal_code', 'state_code']
  recommendation updated
  publish: {'entity': 'business', 'action': 'create', 'id': 'd5b24dfa-1dd4-43e6-8b30-5eb728f75096', 'slug': 'svoi-polo-dental'}

[3/50] Dr. Dennis Sierra D.M.D.- General Practice & Cosmetic Dentistry
  svoi: webs=1 phones=3 addr=20283 North State Road 7
  website error: HTTP Error 403: Forbidden
  fill keys: ['address_line', 'city', 'google_maps_url', 'location_precision', 'phone', 'state_code', 'website']
  recommendation updated
  publish: {'entity': 'business', 'action': 'create', 'id': '84ca61b8-a602-4852-bd1d-9653ac78aa1e', 'slug': 'svoi-dr-dennis-sierra-d-m-d-general-practice-cosmetic'}

[4/50] ANGELA BERKOVICH
  svoi: webs=1 phones=1 addr=1348 East Hillsboro Boulevard
  website keys: ['address_line', 'city', 'description', 'facebook_url', 'instagram_url', 'opening_hours', 'phones', 'postal_code', 'state_code', 'yelp_url']
  fill keys: ['address_line', 'city', 'google_maps_url', 'instagram_url', 'location_precision', 'opening_hours', 'phone', 'postal_code', 'state_code', 'website', 'yelp_url']
  recommendation updated
  publish: {'entity': 'business', 'action': 'create', 'id': '88bcf001-05b5-461a-bf49-343b9e889929', 'slug': 'svoi-angela-berkovich'}

[5/50] Sofia Art Academy
  svoi: webs=1 phones=2 addr=17070 Collins Ave.
  website keys: ['description', 'emails', 'facebook_url', 'instagram_url', 'phones']
  fill keys: ['address_line', 'city', 'email', 'google_maps_url', 'instagram_url', 'location_precision', 'phone', 'postal_code', 'state_code', 'website']
  recommendation updated
  publish: {'entity': 'business', 'action': 'create', 'id': '76400e88-9c32-4e47-b00c-aa86542f3848', 'slug': 'svoi-sofia-art-academy'}

[6/50] Delta Psychological Group
  svoi: webs=0 phones=1 addr=17501 Biscayne Boulevard
  no company website
  fill keys: ['address_line', 'city', 'google_maps_url', 'location_precision', 'phone', 'postal_code', 'state_code']
  recommendation updated
  publish: {'entity': 'business', 'action': 'create', 'id': 'db6bbf34-363b-453b-a2c6-387ee872df2f', 'slug': 'svoi-delta-psychological-group'}

[7/50] Alina Gershonov
  svoi: webs=0 phones=1 addr=1380 NE Miami Gardens Drive
  no company website
  fill keys: ['address_line', 'city', 'google_maps_url', 'location_precision', 'phone', 'postal_code', 'state_code']
  recommendation updated
  publish: {'entity': 'business', 'action': 'create', 'id': 'd807f3cf-1bfc-484b-a53e-a2888e158891', 'slug': 'svoi-alina-gershonov'}

[8/50] UroMedix /Борис Клопух, MD
  svoi: webs=0 phones=1 addr=400 West 41st Street
  no company website
  fill keys: ['address_line', 'city', 'google_maps_url', 'location_precision', 'phone', 'postal_code', 'state_code']
  recommendation updated
  publish: {'entity': 'professional', 'action': 'create', 'id': '445b1da3-cfa2-46e6-bc08-7f51a3e2890c', 'slug': 'svoi-uromedix-md'}

[9/50] UroMedix / Борис Клопух, MD
  svoi: webs=1 phones=1 addr=21150 Biscayne Boulevard
  website error: HTTP Error 404: Not Found
  fill keys: ['address_line', 'city', 'google_maps_url', 'location_precision', 'phone', 'postal_code', 'state_code', 'website']
  recommendation updated
  publish: {'entity': 'professional', 'action': 'create', 'id': 'd7a40163-c639-4497-9474-0a71d1521fc4', 'slug': 'svoi-uromedix-md-2'}

[10/50] Dr. Svetlana Maslyak, MD
  svoi: webs=0 phones=1 addr=3990 Sheridan Street
  no company website
  fill keys: ['address_line', 'city', 'google_maps_url', 'location_precision', 'phone', 'postal_code', 'state_code']
  recommendation updated
  publish: {'entity': 'professional', 'action': 'create', 'id': '36d819ed-c669-4b27-9867-0b1a43cc2ad6', 'slug': 'svoi-dr-svetlana-maslyak-md'}

[11/50] Dr. Alexander M Chaplik MD
  svoi: webs=0 phones=1 addr=6238 West Atlantic Avenue
  no company website
  fill keys: ['address_line', 'city', 'google_maps_url', 'location_precision', 'phone', 'postal_code', 'state_code']
  recommendation updated
  publish: {'entity': 'professional', 'action': 'create', 'id': '958cf940-669d-4f49-ad7d-05c827ea9959', 'slug': 'svoi-dr-alexander-m-chaplik-md'}

[12/50] Alexander Chaplik, M.D.
  svoi: webs=1 phones=1 addr=W Atlantic Ave
  website error: <urlopen error [Errno 8] nodename nor servname provided, or not known>
  fill keys: ['address_line', 'city', 'google_maps_url', 'location_precision', 'phone', 'website']
  recommendation updated
  publish: {'entity': 'professional', 'action': 'create', 'id': 'c982388b-efc9-40c8-8831-7784033df90c', 'slug': 'svoi-alexander-chaplik-m-d'}

[13/50] Генадий ВЕНГЕРОВИЧ
  svoi: webs=0 phones=1 addr=840 NW 144 St
  no company website
  fill keys: ['address_line', 'city', 'google_maps_url', 'location_precision', 'phone', 'postal_code', 'state_code']
  recommendation updated
  publish: {'entity': 'business', 'action': 'create', 'id': '04ccc233-2817-4823-b808-c9a102b9ec4e', 'slug': 'svoi-biz-66'}

[14/50] JHONNY SALOMON
  svoi: webs=0 phones=1 addr=6705 Red Road
  no company website
  fill keys: ['address_line', 'city', 'google_maps_url', 'location_precision', 'phone', 'postal_code', 'state_code']
  recommendation updated
  publish: {'entity': 'business', 'action': 'create', 'id': '51f9d0d5-2b76-45b1-81fb-7c1cc512d3bf', 'slug': 'svoi-jhonny-salomon'}

[15/50] Услуги косметолога. Майами
  svoi: webs=0 phones=0 addr=Miami
  weak address skipped: Miami
  no company website
  fill keys: ['city', 'google_maps_url']
  recommendation updated
  skip publish (entity=business, street=False)

[16/50] Baumann Cosmetic & Research Institute
  svoi: webs=0 phones=1 addr=4500 Biscayne Boulevard
  no company website
  fill keys: ['address_line', 'city', 'google_maps_url', 'location_precision', 'phone', 'postal_code', 'state_code']
  recommendation updated
  publish: {'entity': 'business', 'action': 'create', 'id': 'c1636979-dc91-4d04-a222-0e721ccb4bb1', 'slug': 'svoi-baumann-cosmetic-research-institute'}

[17/50] Marianna Blyumin-Karasik, MD
  svoi: webs=0 phones=1 addr=3501 S University Dr
  no company website
  fill keys: ['address_line', 'city', 'google_maps_url', 'location_precision', 'phone', 'postal_code', 'state_code']
  recommendation updated
  publish: {'entity': 'professional', 'action': 'create', 'id': 'ab2b6b60-6609-4ab6-a54e-4f0c1f109388', 'slug': 'svoi-marianna-blyumin-karasik-md'}

[18/50] Dr. Yelena Vidgop, MD
  svoi: webs=0 phones=1 addr=21097 Northeast 27th Court
  no company website
  fill keys: ['address_line', 'city', 'google_maps_url', 'location_precision', 'phone', 'state_code']
  recommendation updated
  publish: {'entity': 'professional', 'action': 'create', 'id': '5b9cc609-27d3-40d7-af60-85ca7325b500', 'slug': 'svoi-dr-yelena-vidgop-md'}

[19/50] Minsu Healing Oasis
  svoi: webs=0 phones=1 addr=260 Palermo Avenue
  no company website
  fill keys: ['address_line', 'city', 'google_maps_url', 'location_precision', 'phone', 'postal_code', 'state_code']
  recommendation updated
  publish: {'entity': 'professional', 'action': 'create', 'id': '267ab56b-752c-4868-8b62-d72352870ccc', 'slug': 'svoi-minsu-healing-oasis'}

[20/50] Ismael E. Caicedo, DI, Hom, MPH
  svoi: webs=0 phones=1 addr=1730 Weston Road
  no company website
  fill keys: ['address_line', 'city', 'google_maps_url', 'location_precision', 'phone', 'postal_code', 'state_code']
  recommendation updated
  publish: {'entity': 'business', 'action': 'create', 'id': 'a2fbe415-7e37-42cd-9ef4-0ef87d8ba60f', 'slug': 'svoi-ismael-e-caicedo-di-hom-mph'}

[21/50] Surfside Pain Control Center
  svoi: webs=0 phones=1 addr=95th Street 260
  no company website
  fill keys: ['address_line', 'city', 'google_maps_url', 'location_precision', 'phone', 'postal_code', 'state_code']
  recommendation updated
  publish: {'entity': 'business', 'action': 'create', 'id': '30046ec5-ee6c-4d35-b46d-0d104bb5025b', 'slug': 'svoi-surfside-pain-control-center'}

[22/50] Dr. Larisa B Elberg MD
  svoi: webs=0 phones=1 addr=2801 Northwest 87th Avenue
  no company website
  fill keys: ['address_line', 'city', 'google_maps_url', 'location_precision', 'phone', 'state_code']
  recommendation updated
  publish: {'entity': 'professional', 'action': 'create', 'id': '2c0ae187-72f5-4f1d-80e8-550e24e61ec7', 'slug': 'svoi-dr-larisa-b-elberg-md'}

[23/50] Angels Care Home Health
  svoi: webs=0 phones=1 addr=2260 Southwest 8th Street
  no company website
  fill keys: ['address_line', 'city', 'google_maps_url', 'location_precision', 'phone', 'postal_code', 'state_code']
  recommendation updated
  publish: {'entity': 'business', 'action': 'create', 'id': 'c8ff1094-bd6c-4338-a07e-4b35ffd1ec60', 'slug': 'svoi-angels-care-home-health'}

[24/50] Miami-Mama
  svoi: webs=0 phones=1 addr=Miami
  weak address skipped: Miami
  no company website
  fill keys: ['city', 'google_maps_url', 'phone']
  recommendation updated
  skip publish (entity=business, street=False)

[25/50] RX MELI Pharmacy & Supplies
  svoi: webs=0 phones=1 addr=1432 East 4th Avenue
  no company website
  fill keys: ['address_line', 'city', 'google_maps_url', 'location_precision', 'phone', 'state_code']
  recommendation updated
  publish: {'entity': 'business', 'action': 'create', 'id': '9d909f92-d37e-485b-9a69-780bc751289d', 'slug': 'svoi-rx-meli-pharmacy-supplies'}

[26/50] CareMed Pharmacy, LLC
  svoi: webs=0 phones=1 addr=15450 New Barn Road
  no company website
  fill keys: ['address_line', 'city', 'google_maps_url', 'location_precision', 'phone', 'postal_code', 'state_code']
  recommendation updated
  publish: {'entity': 'business', 'action': 'create', 'id': 'f0ee4217-5fb1-48a0-9608-3dedadb1a738', 'slug': 'svoi-caremed-pharmacy-llc'}

[27/50] Solutions Pharmacy L.L.C.
  svoi: webs=0 phones=1 addr=Collins Avenue
  no company website
  fill keys: ['address_line', 'city', 'google_maps_url', 'location_precision', 'phone', 'postal_code', 'state_code']
  recommendation updated
  publish: {'entity': 'business', 'action': 'create', 'id': '09f991ff-46bd-414a-a304-f06bdbd40a80', 'slug': 'svoi-solutions-pharmacy-l-l-c'}

[28/50] National Medical Equipment, Inc.
  svoi: webs=1 phones=1 addr=2675 W 76th st
  website keys: ['address_line', 'city', 'description', 'facebook_url', 'opening_hours', 'postal_code', 'state_code']
  fill keys: ['address_line', 'city', 'google_maps_url', 'location_precision', 'opening_hours', 'phone', 'postal_code', 'state_code', 'website']
  recommendation updated
  publish: {'entity': 'business', 'action': 'create', 'id': '459f4fdc-b220-4d28-9c0c-ed5f6b0cb408', 'slug': 'svoi-national-medical-equipment-inc'}

[29/50] Eco Deco Pet Hospital
  svoi: webs=0 phones=1 addr=1539 Alton Road
  no company website
  fill keys: ['address_line', 'city', 'google_maps_url', 'location_precision', 'phone', 'postal_code', 'state_code']
  recommendation updated
  publish: {'entity': 'business', 'action': 'create', 'id': 'e40fb46e-f25e-460e-a9a3-064325452aa7', 'slug': 'svoi-eco-deco-pet-hospital'}

[30/50] Animal Hospital of Hallandale
  svoi: webs=1 phones=1 addr=904 Hallandale Beach Boulevard
  website keys: ['description', 'facebook_url', 'instagram_url']
  fill keys: ['address_line', 'city', 'google_maps_url', 'instagram_url', 'location_precision', 'phone', 'state_code', 'website']
  recommendation updated
  publish: {'entity': 'business', 'action': 'create', 'id': '363f991f-bcee-4e8d-8ea2-f9bab726801d', 'slug': 'svoi-animal-hospital-of-hallandale'}

[31/50] Hallandale Pet salon
  svoi: webs=0 phones=1 addr=1025 East Hallandale Beach Boulevard
  no company website
  fill keys: ['address_line', 'city', 'google_maps_url', 'location_precision', 'phone', 'state_code']
  recommendation updated
  publish: {'entity': 'business', 'action': 'create', 'id': '9da4c567-9c16-456b-a926-3b6e972b7915', 'slug': 'svoi-hallandale-pet-salon'}

[32/50] VIP CAR RENTAL
  svoi: webs=0 phones=1 addr=Miami
  weak address skipped: Miami
  no company website
  fill keys: ['city', 'google_maps_url', 'phone']
  recommendation updated
  skip publish (entity=business, street=False)

[33/50] РЕНТ ЛЕГКОВЫХ АВТОМОБИЛЕЙ
  svoi: webs=0 phones=1 addr=Miami
  weak address skipped: Miami
  no company website
  fill keys: ['city', 'google_maps_url', 'phone']
  recommendation updated
  skip publish (entity=business, street=False)

[34/50] Super Cars of Miami
  svoi: webs=1 phones=1 addr=420 Lincoln Road
  website keys: ['description', 'facebook_url', 'instagram_url', 'phones', 'yelp_url']
  fill keys: ['address_line', 'city', 'google_maps_url', 'instagram_url', 'location_precision', 'phone', 'state_code', 'website', 'yelp_url']
  recommendation updated
  publish: {'entity': 'business', 'action': 'create', 'id': 'bdb670fd-a69f-4a66-a00f-b1a2ac7fa598', 'slug': 'svoi-super-cars-of-miami'}

[35/50] Vista BMW
  svoi: webs=0 phones=1 addr=4401 West Sample Road
  no company website
  fill keys: ['address_line', 'city', 'google_maps_url', 'location_precision', 'phone', 'postal_code', 'state_code']
  recommendation updated
  publish: {'entity': 'business', 'action': 'create', 'id': '4f9a6ba2-c2c1-4b9e-b57f-055577ef3b3b', 'slug': 'svoi-vista-bmw'}

[36/50] Champion Porsche
  svoi: webs=0 phones=2 addr=500 West Copans Road
  no company website
  fill keys: ['address_line', 'city', 'google_maps_url', 'location_precision', 'phone', 'postal_code', 'state_code']
  recommendation updated
  publish: {'entity': 'business', 'action': 'create', 'id': 'b99c80b4-c297-4980-8552-7c016b58a86b', 'slug': 'svoi-champion-porsche'}

[37/50] Pembroke Pines Lexus
  svoi: webs=0 phones=2 addr=Pembroke Pines
  weak address skipped: Pembroke Pines
  no company website
  fill keys: ['city', 'google_maps_url', 'phone']
  recommendation updated
  skip publish (entity=business, street=False)

[38/50] MAZEL AUTO REPAIR
  svoi: webs=0 phones=1 addr=802 North Dixie Highway
  no company website
  fill keys: ['address_line', 'city', 'google_maps_url', 'location_precision', 'phone', 'state_code']
  recommendation updated
  publish: {'entity': 'business', 'action': 'create', 'id': '8ff9b54c-9da4-433a-b661-0fdf6f28ce70', 'slug': 'svoi-mazel-auto-repair'}

[39/50] Kib Engineering
  svoi: webs=0 phones=1 addr=Miami
  weak address skipped: Miami
  no company website
  fill keys: ['city', 'google_maps_url', 'phone']
  recommendation updated
  skip publish (entity=business, street=False)

[40/50] Miami Cardoctor
  svoi: webs=1 phones=1 addr=Miami
  weak address skipped: Miami
  website error: <urlopen error [Errno 8] nodename nor servname provided, or not known>
  fill keys: ['city', 'google_maps_url', 'phone', 'website']
  recommendation updated
  skip publish (entity=business, street=False)

[41/50] Admiral Limousine Service
  svoi: webs=0 phones=1 addr=13255 West Dixie Highway
  no company website
  fill keys: ['address_line', 'city', 'google_maps_url', 'location_precision', 'phone', 'postal_code', 'state_code']
  recommendation updated
  publish: {'entity': 'business', 'action': 'create', 'id': '7fb326fb-0c2d-4184-aa9d-189499000ad0', 'slug': 'svoi-admiral-limousine-service'}

[42/50] услуги водителя FL
  svoi: webs=0 phones=1 addr=Hollywood
  weak address skipped: Hollywood
  no company website
  fill keys: ['city', 'google_maps_url', 'phone']
  recommendation updated
  skip publish (entity=business, street=False)

[43/50] Транспорт - Автобус Мерседес Спринтер с водителем (Олег Лапшин)
  svoi: webs=0 phones=3 addr=Hollywood
  weak address skipped: Hollywood
  no company website
  fill keys: ['city', 'google_maps_url', 'phone']
  recommendation updated
  skip publish (entity=business, street=False)

[44/50] Vunder kid
  svoi: webs=1 phones=3 addr=Sunny Isles Beach
  weak address skipped: Sunny Isles Beach
  website error: <urlopen error [Errno 8] nodename nor servname provided, or not known>
  fill keys: ['city', 'google_maps_url', 'phone', 'website']
  recommendation updated
  skip publish (entity=business, street=False)

[45/50] Sunny Isles Kids Club
  svoi: webs=0 phones=1 addr=17395 North Bay Road
  no company website
  fill keys: ['address_line', 'city', 'google_maps_url', 'location_precision', 'phone', 'state_code']
  recommendation updated
  publish: {'entity': 'business', 'action': 'create', 'id': '77b32b99-de2e-4b91-802e-1df447b31617', 'slug': 'svoi-sunny-isles-kids-club'}

[46/50] Smart Kids
  svoi: webs=0 phones=1 addr=18260 Collins Avenue
  no company website
  fill keys: ['address_line', 'city', 'google_maps_url', 'location_precision', 'phone', 'postal_code', 'state_code']
  recommendation updated
  publish: {'entity': 'business', 'action': 'create', 'id': '77623851-5b57-4037-be6e-ac40e44f59bb', 'slug': 'svoi-smart-kids'}

[47/50] BIS - Elite Arts School
  svoi: webs=0 phones=1 addr=2298 Northwest Boca Raton Boulevard
  no company website
  fill keys: ['address_line', 'city', 'google_maps_url', 'location_precision', 'phone', 'state_code']
  recommendation updated
  publish: {'entity': 'business', 'action': 'create', 'id': '93bc3577-b81f-4f97-a1af-df98b142c455', 'slug': 'svoi-bis-elite-arts-school'}

[48/50] FLORIDA PREP школа-пансион
  svoi: webs=1 phones=1 addr=Miami
  weak address skipped: Miami
  website keys: ['emails', 'facebook_url', 'instagram_url', 'phones']
  fill keys: ['city', 'email', 'google_maps_url', 'instagram_url', 'phone', 'website']
  recommendation updated
  skip publish (entity=business, street=False)

[49/50] Open Hearts Language Academy
  svoi: webs=0 phones=1 addr=825 Brickell Bay Drive
  no company website
  fill keys: ['address_line', 'city', 'google_maps_url', 'location_precision', 'phone', 'postal_code', 'state_code']
  recommendation updated
  publish: {'entity': 'business', 'action': 'create', 'id': '4a8c8acd-a41e-46b4-9fe9-702257d9ee07', 'slug': 'svoi-open-hearts-language-academy'}

[50/50] Театрально-Музыкальная Студия ЭТЮД
  svoi: webs=0 phones=3 addr=Hallandale Beach Blvd 780 E
  no company website
  fill keys: ['address_line', 'city', 'google_maps_url', 'location_precision', 'phone', 'state_code']
  recommendation updated
  publish: {'entity': 'business', 'action': 'create', 'id': '56e0f9a8-637a-4d77-bf5a-e22db2e5c2ce', 'slug': 'svoi-biz-67'}

Done. enriched=50 with_address=39 published=39 report=/Users/sammov/Russian business AI/scripts/business-enrich/data/svoi_enrich/batch_20260727T032015Z.json
Last targets=50 exit=0

===== ROUND 10 2026-07-27T03:20:15Z =====
targets=50 dry_run=False publish=True places=True publish_enriched=False

[1/50] Elena Voronkova Realty
  svoi: webs=0 phones=2 addr=6070 North Federal Highway
  no company website
  places: error
  places quota exhausted — continuing without Places
  fill keys: ['address_line', 'city', 'google_maps_url', 'location_precision', 'phone', 'postal_code', 'state_code']
  recommendation updated
  publish: {'entity': 'business', 'action': 'create', 'id': 'ff5d5817-6900-43f1-b41e-be4821a29e5c', 'slug': 'svoi-elena-voronkova-realty'}

[2/50] Realty World International Gateway - Елена Кужильная Эдвардс
  svoi: webs=0 phones=3 addr=11430 North Kendall Drive
  no company website
  fill keys: ['address_line', 'city', 'google_maps_url', 'location_precision', 'phone', 'state_code']
  recommendation updated
  publish: {'entity': 'business', 'action': 'create', 'id': '1892ad44-58d8-49b8-a738-8f7169ff201e', 'slug': 'svoi-realty-world-international-gateway'}

[3/50] Владимир Бугера / Vladimir Bugera
  svoi: webs=0 phones=3 addr=11420 North Kendall Drive
  no company website
  fill keys: ['address_line', 'city', 'google_maps_url', 'location_precision', 'phone', 'state_code']
  recommendation updated
  publish: {'entity': 'business', 'action': 'create', 'id': 'a7ae8953-2050-4385-bc37-1ae2bd9fd550', 'slug': 'svoi-vladimir-bugera'}

[4/50] Alex general contractor
  svoi: webs=0 phones=1 addr=Miami
  weak address skipped: Miami
  no company website
  fill keys: ['city', 'google_maps_url', 'phone']
  recommendation updated
  skip publish (entity=business, street=False)

[5/50] “Mr. Air”
  svoi: webs=1 phones=1 addr=4650 Powerline Road
  website error: <urlopen error [Errno 8] nodename nor servname provided, or not known>
  fill keys: ['address_line', 'city', 'google_maps_url', 'location_precision', 'phone', 'postal_code', 'state_code', 'website']
  recommendation updated
  publish: {'entity': 'business', 'action': 'create', 'id': '06c6c9bb-5450-4d84-be99-0747c3dd5b35', 'slug': 'svoi-mr-air'}

[6/50] “Mr. Air”, Яков
  svoi: webs=0 phones=1 addr=Miami
  weak address skipped: Miami
  no company website
  fill keys: ['city', 'google_maps_url', 'phone']
  recommendation updated
  skip publish (entity=business, street=False)

[7/50] Design Studio by Natalia
  svoi: webs=1 phones=1 addr=242 Southwest 5th Street
  website error: <urlopen error [Errno 8] nodename nor servname provided, or not known>
  fill keys: ['address_line', 'city', 'google_maps_url', 'location_precision', 'phone', 'postal_code', 'state_code', 'website']
  recommendation updated
  publish: {'entity': 'business', 'action': 'create', 'id': 'cf54a455-716b-4913-85bc-bc3c9b1d21ae', 'slug': 'svoi-design-studio-by-natalia'}

[8/50] Mariya Interior Decor, Inc
  svoi: webs=0 phones=2 addr=2715 East Commercial Boulevard
  no company website
  fill keys: ['address_line', 'city', 'google_maps_url', 'location_precision', 'phone', 'postal_code', 'state_code']
  recommendation updated
  publish: {'entity': 'business', 'action': 'create', 'id': '0e0fe057-d4fd-4743-b8d4-77371ddbaa4c', 'slug': 'svoi-mariya-interior-decor-inc'}

[9/50] Rafael Davila Design Studio
  svoi: webs=0 phones=1 addr=11844 Griffing Boulevard
  no company website
  fill keys: ['address_line', 'city', 'google_maps_url', 'location_precision', 'phone', 'postal_code', 'state_code']
  recommendation updated
  publish: {'entity': 'business', 'action': 'create', 'id': '47950a24-ece6-41ba-886a-f4df6b935663', 'slug': 'svoi-rafael-davila-design-studio'}

[10/50] k.d.lashes
  svoi: webs=0 phones=1 addr=Miami
  weak address skipped: Miami
  no company website
  fill keys: ['city', 'google_maps_url', 'phone']
  recommendation updated
  skip publish (entity=business, street=False)

[11/50] Shugaring by Maria Miami
  svoi: webs=0 phones=1 addr=Miami
  weak address skipped: Miami
  no company website
  fill keys: ['city', 'google_maps_url', 'phone']
  recommendation updated
  skip publish (entity=business, street=False)

[12/50] Ирина наращивание ресниц
  svoi: webs=0 phones=1 addr=Miami
  weak address skipped: Miami
  no company website
  fill keys: ['city', 'google_maps_url', 'phone']
  recommendation updated
  skip publish (entity=business, street=False)

[13/50] Андрей Соколов
  svoi: webs=0 phones=1 addr=Miami
  weak address skipped: Miami
  no company website
  fill keys: ['city', 'google_maps_url', 'phone']
  recommendation updated
  publish: {'entity': 'professional', 'action': 'create', 'id': '929ee507-6eaa-4a1b-9848-0beef909ce54', 'slug': 'svoi-biz-10'}

[14/50] Тайский массаж - Лилия
  svoi: webs=0 phones=1 addr=Miami
  weak address skipped: Miami
  no company website
  fill keys: ['city', 'google_maps_url', 'phone']
  recommendation updated
  publish: {'entity': 'professional', 'action': 'create', 'id': 'a810a448-247c-494a-ad2f-9eca373fe86b', 'slug': 'svoi-biz-11'}

[15/50] Массаж & Аппаратная косметология
  svoi: webs=0 phones=1 addr=3800 S Osean Dr
  no company website
  fill keys: ['address_line', 'city', 'google_maps_url', 'location_precision', 'phone', 'state_code']
  recommendation updated
  publish: {'entity': 'professional', 'action': 'create', 'id': 'ecd3e4df-a6fc-4c96-a83f-a8492bcf03cd', 'slug': 'svoi-biz-12'}

[16/50] Royal Florida Insurance
  svoi: webs=1 phones=1 addr=2900 North Military Trail
  website keys: ['description', 'facebook_url', 'opening_hours']
  fill keys: ['address_line', 'city', 'google_maps_url', 'location_precision', 'opening_hours', 'phone', 'postal_code', 'state_code', 'website']
  recommendation updated
  publish: {'entity': 'business', 'action': 'create', 'id': '452966c3-655e-42ce-bdff-3afc85124efb', 'slug': 'svoi-royal-florida-insurance'}

[17/50] Royal Florida Insurance
  svoi: webs=0 phones=1 addr=2900 North Military Trail
  no company website
  fill keys: ['address_line', 'city', 'google_maps_url', 'location_precision', 'phone', 'postal_code', 'state_code']
  recommendation updated
  publish: {'entity': 'business', 'action': 'create', 'id': '1da8855b-bb9d-467f-badd-235caffc03e7', 'slug': 'svoi-royal-florida-insurance-2'}

[18/50] ELENA KISELGOF INSURANCE AGENCY
  svoi: webs=1 phones=1 addr=299 Camino Gardens Boulevard
  website keys: ['emails', 'facebook_url']
  fill keys: ['address_line', 'city', 'email', 'google_maps_url', 'location_precision', 'phone', 'postal_code', 'state_code', 'website']
  recommendation updated
  publish: {'entity': 'business', 'action': 'create', 'id': 'd63bbb9e-6f6e-4b58-968d-e6bb059e1749', 'slug': 'svoi-elena-kiselgof-insurance-agency'}

[19/50] Netsphere Travel, Inc.
  svoi: webs=1 phones=2 addr=11753 Preservation Lane
  website keys: []
  fill keys: ['address_line', 'city', 'google_maps_url', 'location_precision', 'phone', 'postal_code', 'state_code', 'website']
  recommendation updated
  publish: {'entity': 'business', 'action': 'create', 'id': 'c1c2e317-9c48-4f2a-97e9-82ebafc0bbce', 'slug': 'svoi-netsphere-travel-inc'}

[20/50] Экскурсии по Майами и туры по Флориде
  svoi: webs=0 phones=2 addr=Miami
  weak address skipped: Miami
  no company website
  fill keys: ['city', 'google_maps_url', 'phone']
  recommendation updated
  skip publish (entity=business, street=False)

[21/50] O.S. Tour
  svoi: webs=0 phones=1 addr=Miami
  weak address skipped: Miami
  no company website
  fill keys: ['city', 'google_maps_url', 'phone']
  recommendation updated
  skip publish (entity=business, street=False)

[22/50] Нотариальные услуги/ Апостиль/Переводчик
  svoi: webs=0 phones=1 addr=908 North Dixie Highway
  no company website
  fill keys: ['address_line', 'city', 'google_maps_url', 'location_precision', 'phone', 'postal_code', 'state_code']
  recommendation updated
  publish: {'entity': 'business', 'action': 'create', 'id': '4276b727-7b6c-4025-92e8-05b4273439ac', 'slug': 'svoi-biz-68'}

[23/50] Профессиональные переводы
  svoi: webs=0 phones=1 addr=Miami
  weak address skipped: Miami
  no company website
  fill keys: ['city', 'google_maps_url', 'phone']
  recommendation updated
  skip publish (entity=business, street=False)

[24/50] Нотариус русскоязычный
  svoi: webs=0 phones=3 addr=Pompano Beach
  weak address skipped: Pompano Beach
  no company website
  fill keys: ['city', 'google_maps_url', 'phone']
  recommendation updated
  publish: {'entity': 'professional', 'action': 'create', 'id': '9c94c65f-7340-4654-a9fd-dae78109c7c1', 'slug': 'svoi-biz-13'}

[25/50] Brickell Key Moving and Storage
  svoi: webs=1 phones=1 addr=1652 Brickell Avenue
  website keys: ['description', 'phones']
  fill keys: ['address_line', 'city', 'google_maps_url', 'location_precision', 'phone', 'postal_code', 'state_code', 'website']
  recommendation updated
  publish: {'entity': 'business', 'action': 'create', 'id': 'c5a00641-1631-4c9d-b013-7ecbc929353d', 'slug': 'svoi-brickell-key-moving-and-storage'}

[26/50] Furniture transportation
  svoi: webs=0 phones=2 addr=Miami
  weak address skipped: Miami
  no company website
  fill keys: ['city', 'google_maps_url', 'phone']
  recommendation updated
  skip publish (entity=business, street=False)

[27/50] Услуги по переезду - Виктор
  svoi: webs=0 phones=1 addr=Miami
  weak address skipped: Miami
  no company website
  fill keys: ['city', 'google_maps_url', 'phone']
  recommendation updated
  skip publish (entity=business, street=False)

[28/50] Graphic Design & Print Miami
  svoi: webs=0 phones=2 addr=Miami
  weak address skipped: Miami
  no company website
  fill keys: ['city', 'google_maps_url', 'phone']
  recommendation updated
  skip publish (entity=business, street=False)

[29/50] Signs One Inc.
  svoi: webs=0 phones=1 addr=101 Southeast 3rd Avenue
  no company website
  fill keys: ['address_line', 'city', 'google_maps_url', 'location_precision', 'phone', 'postal_code', 'state_code']
  recommendation updated
  publish: {'entity': 'business', 'action': 'create', 'id': '4f5be8f8-4189-4d3e-9398-ccdba89e31a4', 'slug': 'svoi-signs-one-inc'}

[30/50] Tonya Tailor Shop
  svoi: webs=0 phones=1 addr=105 South Federal Highway
  no company website
  fill keys: ['address_line', 'city', 'google_maps_url', 'location_precision', 'phone', 'postal_code', 'state_code']
  recommendation updated
  publish: {'entity': 'business', 'action': 'create', 'id': '255bc87b-67a4-4ccd-83a4-8a1da8456c73', 'slug': 'svoi-tonya-tailor-shop'}

[31/50] Miami Best Movers Moving Company
  svoi: webs=0 phones=1 addr=270 East Flagler Street
  no company website
  fill keys: ['address_line', 'city', 'google_maps_url', 'location_precision', 'phone', 'postal_code', 'state_code']
  recommendation updated
  publish: {'entity': 'business', 'action': 'create', 'id': '1bba83dc-25df-448e-896f-e4d4d4f222ef', 'slug': 'svoi-miami-best-movers-moving-company'}

[32/50] Atlantic Express
  svoi: webs=1 phones=1 addr=3601 Northwest 60th Street
  website keys: ['description', 'facebook_url']
  fill keys: ['address_line', 'city', 'google_maps_url', 'location_precision', 'phone', 'postal_code', 'state_code', 'website']
  recommendation updated
  publish: {'entity': 'business', 'action': 'create', 'id': 'b780c2fc-e3e4-4e99-817d-4bc331e08521', 'slug': 'svoi-atlantic-express-2'}

[33/50] World Wide Express
  svoi: webs=1 phones=1 addr=6000 Northwest 32nd Court
  website error: Remote end closed connection without response
  fill keys: ['address_line', 'city', 'google_maps_url', 'location_precision', 'phone', 'state_code', 'website']
  recommendation updated
  publish: {'entity': 'business', 'action': 'create', 'id': 'babf343d-0c40-456e-93a6-6bccbd914c8e', 'slug': 'svoi-world-wide-express'}

[34/50] HelpDetected
  svoi: webs=1 phones=1 addr=17555 Collins Avenue #404
  website keys: ['facebook_url', 'phones']
  fill keys: ['address_line', 'city', 'google_maps_url', 'location_precision', 'phone', 'website']
  recommendation updated
  publish: {'entity': 'business', 'action': 'create', 'id': '888dfde2-8a66-470e-8b79-365e8e2d7961', 'slug': 'svoi-helpdetected'}

[35/50] Employment Services LLC
  svoi: webs=0 phones=3 addr=Harrison St
  no company website
  fill keys: ['address_line', 'city', 'google_maps_url', 'location_precision', 'phone']
  recommendation updated
  publish: {'entity': 'business', 'action': 'create', 'id': '23131a7d-df6b-4cf4-b998-a4a7fcdbfe90', 'slug': 'svoi-employment-services-llc'}

[36/50] Alex R Photography
  svoi: webs=1 phones=1 addr=Miami
  weak address skipped: Miami
  website error: HTTP Error 404: Not Found
  fill keys: ['city', 'google_maps_url', 'phone', 'website']
  recommendation updated
  skip publish (entity=business, street=False)

[37/50] Byilus
  svoi: webs=1 phones=1 addr=Miami
  weak address skipped: Miami
  website keys: ['description', 'emails', 'facebook_url']
  fill keys: ['city', 'email', 'google_maps_url', 'phone', 'website']
  recommendation updated
  skip publish (entity=business, street=False)

[38/50] elenadarikophotography.com
  svoi: webs=1 phones=1 addr=Miami
  weak address skipped: Miami
  website error: <urlopen error [Errno 8] nodename nor servname provided, or not known>
  fill keys: ['city', 'google_maps_url', 'phone', 'website']
  recommendation updated
  skip publish (entity=business, street=False)

[39/50] Hernandez & Company
  svoi: webs=0 phones=2 addr=2320 Ponce De Leon Blvd
  no company website
  fill keys: ['address_line', 'city', 'google_maps_url', 'location_precision', 'phone', 'postal_code', 'state_code']
  recommendation updated
  publish: {'entity': 'business', 'action': 'create', 'id': '08ebb2f1-38fc-4bc9-b9ea-f8cbf2af3a17', 'slug': 'svoi-hernandez-company'}

[40/50] Елена Сосновская
  svoi: webs=0 phones=1 addr=Miami
  weak address skipped: Miami
  no company website
  fill keys: ['city', 'google_maps_url', 'phone']
  recommendation updated
  skip publish (entity=business, street=False)

[41/50] FINCOM Group USA
  svoi: webs=0 phones=1 addr=Miami
  weak address skipped: Miami
  no company website
  fill keys: ['city', 'google_maps_url', 'phone']
  recommendation updated
  skip publish (entity=business, street=False)

[42/50] Bridge Real Estate
  svoi: webs=0 phones=1 addr=7284 W. Palmetto Park Rd
  no company website
  fill keys: ['address_line', 'city', 'google_maps_url', 'location_precision', 'phone']
  recommendation updated
  publish: {'entity': 'business', 'action': 'create', 'id': '81f011a8-b1c3-4d5d-bef9-b7e56002356c', 'slug': 'svoi-bridge-real-estate'}

[43/50] THE MORTGAGE FIRM
  svoi: webs=0 phones=1 addr=Miami
  weak address skipped: Miami
  no company website
  fill keys: ['city', 'google_maps_url', 'phone']
  recommendation updated
  skip publish (entity=business, street=False)

[44/50] Kenneth Arena - Senior Financial Consultant
  svoi: webs=0 phones=1 addr=101 North Riverside Drive
  no company website
  fill keys: ['address_line', 'city', 'google_maps_url', 'location_precision', 'phone', 'postal_code', 'state_code']
  recommendation updated
  publish: {'entity': 'business', 'action': 'create', 'id': '3197dbef-59a1-4a95-ba7f-6b296c2a3165', 'slug': 'svoi-kenneth-arena-senior-financial-consultant'}

[45/50] InfoEmpire Inc.
  svoi: webs=0 phones=1 addr=301 Yamato Road
  no company website
  fill keys: ['address_line', 'city', 'google_maps_url', 'location_precision', 'phone', 'state_code']
  recommendation updated
  publish: {'entity': 'business', 'action': 'create', 'id': '3f5203e2-bf98-477d-9c0e-c6663b738d7f', 'slug': 'svoi-infoempire-inc'}

[46/50] Mobile Billboard Advertising
  svoi: webs=0 phones=1 addr=Miami Beach
  weak address skipped: Miami Beach
  no company website
  fill keys: ['city', 'google_maps_url', 'phone']
  recommendation updated
  skip publish (entity=business, street=False)

[47/50] Hughes Group
  svoi: webs=0 phones=2 addr=16850 Collins Ave #106-B
  no company website
  fill keys: ['address_line', 'city', 'google_maps_url', 'location_precision', 'phone', 'postal_code', 'state_code']
  recommendation updated
  publish: {'entity': 'business', 'action': 'create', 'id': 'd2c6cb59-0a09-49f3-a17a-57556c4c254c', 'slug': 'svoi-hughes-group'}

[48/50] Russian & International Market
  svoi: webs=0 phones=1 addr=8903 Glades Road
  no company website
  fill keys: ['address_line', 'city', 'google_maps_url', 'location_precision', 'phone', 'postal_code', 'state_code']
  recommendation updated
  publish: {'entity': 'business', 'action': 'create', 'id': '0f64d9c7-1767-4fc8-8a0d-dda2834af319', 'slug': 'svoi-russian-international-market'}

[49/50] INTERNATIONAL FOOD MARKET FL
  svoi: webs=0 phones=1 addr=422 East Sample Road
  no company website
  fill keys: ['address_line', 'city', 'google_maps_url', 'location_precision', 'phone', 'postal_code', 'state_code']
  recommendation updated
  publish: {'entity': 'business', 'action': 'create', 'id': '8b4d7ad3-2ad3-4508-a07e-f051a37386a7', 'slug': 'svoi-international-food-market-fl'}

[50/50] Brickell
  svoi: webs=0 phones=1 addr=Miami
  weak address skipped: Miami
  no company website
  fill keys: ['city', 'google_maps_url', 'phone']
  recommendation updated
  skip publish (entity=business, street=False)

Done. enriched=50 with_address=28 published=31 report=/Users/sammov/Russian business AI/scripts/business-enrich/data/svoi_enrich/batch_20260727T032216Z.json
Last targets=50 exit=0

===== ROUND 11 2026-07-27T03:22:16Z =====
targets=50 dry_run=False publish=True places=True publish_enriched=False

[1/50] USA Tile and Marble
  svoi: webs=0 phones=1 addr=14700 Biscayne Boulevard
  no company website
  places: error
  places quota exhausted — continuing without Places
  fill keys: ['address_line', 'city', 'google_maps_url', 'location_precision', 'phone', 'postal_code', 'state_code']
  recommendation updated
  publish: {'entity': 'business', 'action': 'create', 'id': 'bd97546d-cd3c-42ec-918f-1a199d889649', 'slug': 'svoi-usa-tile-and-marble'}

[2/50] Fleur Flower Boutique
  svoi: webs=0 phones=1 addr=16167 Biscayne Boulevard
  no company website
  fill keys: ['address_line', 'city', 'google_maps_url', 'location_precision', 'phone', 'postal_code', 'state_code']
  recommendation updated
  publish: {'entity': 'business', 'action': 'create', 'id': '2f146669-87a8-492f-9729-85d18eae9c57', 'slug': 'svoi-fleur-flower-boutique'}

[3/50] Ahead of Time Miami
  svoi: webs=0 phones=1 addr=18090 Collins Avenue
  no company website
  fill keys: ['address_line', 'city', 'google_maps_url', 'location_precision', 'phone', 'postal_code', 'state_code']
  recommendation updated
  publish: {'entity': 'business', 'action': 'create', 'id': '5a0ddf08-d264-458c-8015-9707210eb8cd', 'slug': 'svoi-ahead-of-time-miami'}

[4/50] Provence Cafe & Shop
  svoi: webs=0 phones=1 addr=209 Southeast 1st Avenue
  no company website
  fill keys: ['address_line', 'city', 'google_maps_url', 'location_precision', 'phone', 'postal_code', 'state_code']
  recommendation updated
  publish: {'entity': 'business', 'action': 'create', 'id': '7d92cee8-53c7-4f3d-927c-e6c75242d74f', 'slug': 'svoi-provence-cafe-shop'}

[5/50] The Village
  svoi: webs=0 phones=1 addr=7128 Beracasa Way
  no company website
  fill keys: ['address_line', 'city', 'google_maps_url', 'location_precision', 'phone', 'postal_code', 'state_code']
  recommendation updated
  publish: {'entity': 'business', 'action': 'create', 'id': 'a4389978-2621-4f38-baff-e72d525329cc', 'slug': 'svoi-the-village'}

[6/50] Havana 1957
  svoi: webs=0 phones=1 addr=1451 South Miami Avenue
  no company website
  fill keys: ['address_line', 'city', 'google_maps_url', 'location_precision', 'phone', 'postal_code', 'state_code']
  recommendation updated
  publish: {'entity': 'business', 'action': 'create', 'id': '470c01d2-7b34-4068-9496-51718b263dd0', 'slug': 'svoi-havana-1957'}

[7/50] РУССКИЕ и ТУРЕЦКИЕ БАНИ
  svoi: webs=1 phones=3 addr=5445 Collins Avenue
  website keys: ['description', 'emails', 'facebook_url', 'instagram_url']
  fill keys: ['address_line', 'city', 'email', 'google_maps_url', 'instagram_url', 'location_precision', 'phone', 'postal_code', 'state_code', 'website']
  recommendation updated
  publish: {'entity': 'professional', 'action': 'create', 'id': '4d88d12e-ae02-4bb0-a398-8f8bab5ecc4c', 'slug': 'svoi-biz-14'}

[8/50] Miami Shores Country Club
  svoi: webs=0 phones=1 addr=10000 Biscayne Boulevard
  no company website
  fill keys: ['address_line', 'city', 'google_maps_url', 'location_precision', 'phone', 'postal_code', 'state_code']
  recommendation updated
  publish: {'entity': 'business', 'action': 'create', 'id': '0a585100-513d-4e51-a027-1a613ba8a0e7', 'slug': 'svoi-miami-shores-country-club'}

[9/50] Hollywood Health Spa
  svoi: webs=0 phones=1 addr=230 North Broadwalk
  no company website
  fill keys: ['address_line', 'city', 'google_maps_url', 'location_precision', 'phone', 'postal_code', 'state_code']
  recommendation updated
  publish: {'entity': 'business', 'action': 'create', 'id': '7d780bb5-3c5d-4d68-b1ab-7ea8fedb0001', 'slug': 'svoi-hollywood-health-spa'}

[10/50] LiteMiami: 101.5 LITE FM Radio
  svoi: webs=0 phones=1 addr=Miami
  weak address skipped: Miami
  no company website
  fill keys: ['city', 'google_maps_url', 'phone']
  recommendation updated
  skip publish (entity=business, street=False)

[11/50] газета РЕКЛАМА МАЙАМИ
  svoi: webs=1 phones=1 addr=Miami
  weak address skipped: Miami
  website keys: ['facebook_url']
  fill keys: ['city', 'google_maps_url', 'phone', 'website']
  recommendation updated
  skip publish (entity=business, street=False)

[12/50] журнал КОНТУР/The Russian Magazine “Contour”
  svoi: webs=1 phones=4 addr=Coral Springs
  weak address skipped: Coral Springs
  website keys: []
  fill keys: ['city', 'google_maps_url', 'phone', 'website']
  recommendation updated
  skip publish (entity=business, street=False)

[13/50] Arthur Gulesserian DDS Dentist
  svoi: webs=1 phones=1 addr=539 North Glenoaks Boulevard
  website keys: ['description', 'emails', 'facebook_url', 'instagram_url', 'opening_hours', 'phones', 'yelp_url']
  fill keys: ['address_line', 'city', 'email', 'google_maps_url', 'instagram_url', 'location_precision', 'opening_hours', 'phone', 'postal_code', 'state_code', 'website', 'yelp_url']
  recommendation updated
  publish: {'entity': 'professional', 'action': 'create', 'id': '001a573d-1910-409f-a65d-9f11f75f67aa', 'slug': 'svoi-arthur-gulesserian-dds-dentist'}

[14/50] Brenn Orthodontics
  svoi: webs=0 phones=1 addr=Olive Ave
  no company website
  fill keys: ['address_line', 'city', 'google_maps_url', 'location_precision', 'phone']
  recommendation updated
  publish: {'entity': 'business', 'action': 'create', 'id': 'c5bc84c7-0111-4d6b-be7e-8c5ba937acb5', 'slug': 'svoi-brenn-orthodontics'}

[15/50] Demerjian Gary DDS Dentist
  svoi: webs=0 phones=4 addr=2701 W. Alameda Ave
  no company website
  fill keys: ['address_line', 'city', 'google_maps_url', 'location_precision', 'phone', 'postal_code', 'state_code']
  recommendation updated
  publish: {'entity': 'professional', 'action': 'create', 'id': '06d1d607-6423-4c69-9479-ad1a96027fcc', 'slug': 'svoi-demerjian-gary-dds-dentist'}

[16/50] Abdulian Misak H MD Physicians-Thoracic & Cardiovascular Surgery
  svoi: webs=0 phones=1 addr=2701 West Alameda Avenue
  no company website
  fill keys: ['address_line', 'city', 'google_maps_url', 'location_precision', 'phone', 'postal_code', 'state_code']
  recommendation updated
  publish: {'entity': 'professional', 'action': 'create', 'id': '5e228648-36b3-4cc0-9eed-f18cadeee359', 'slug': 'svoi-abdulian-misak-h-md-physicians-thoracic-cardiova'}

[17/50] Dr. Sofya B. Tsyganovskaya, MD
  svoi: webs=1 phones=1 addr=1411 W.Olive Ave
  website error: <urlopen error [Errno 8] nodename nor servname provided, or not known>
  fill keys: ['address_line', 'city', 'google_maps_url', 'location_precision', 'phone', 'postal_code', 'state_code', 'website']
  recommendation updated
  publish: {'entity': 'professional', 'action': 'create', 'id': '67c4b195-ae7c-48c8-a8b7-7c4c964841ba', 'slug': 'svoi-dr-sofya-b-tsyganovskaya-md'}

[18/50] Zakari Victor MD Physicians-Obstetrics &Gynecology
  svoi: webs=0 phones=1 addr=2625 West Alameda Avenue
  no company website
  fill keys: ['address_line', 'city', 'google_maps_url', 'location_precision', 'phone', 'state_code']
  recommendation updated
  publish: {'entity': 'professional', 'action': 'create', 'id': '6b7a4cb0-32ee-4379-8892-4314c3fffa58', 'slug': 'svoi-zakari-victor-md-physicians-obstetrics-gynecolog'}

[19/50] Burbank Treatment Center
  svoi: webs=0 phones=1 addr=716 South Victory Boulevard
  no company website
  fill keys: ['address_line', 'city', 'google_maps_url', 'location_precision', 'phone', 'postal_code', 'state_code']
  recommendation updated
  publish: {'entity': 'business', 'action': 'create', 'id': '96a496e2-eb70-4624-8d56-4a63a7f39da7', 'slug': 'svoi-burbank-treatment-center'}

[20/50] Glenoaks Pharmacy and Medical Supply
  svoi: webs=1 phones=1 addr=303 South Glenoaks Boulevard
  website keys: ['description', 'phones']
  fill keys: ['address_line', 'city', 'google_maps_url', 'location_precision', 'phone', 'postal_code', 'state_code', 'website']
  recommendation updated
  publish: {'entity': 'business', 'action': 'create', 'id': 'f3750ed0-5adc-4a41-90c9-9133b9498713', 'slug': 'svoi-glenoaks-pharmacy-and-medical-supply'}

[21/50] GLENOAKS PHARMACY AND SUPPLY
  svoi: webs=0 phones=1 addr=303 South Glenoaks Boulevard
  no company website
  fill keys: ['address_line', 'city', 'google_maps_url', 'location_precision', 'phone', 'postal_code', 'state_code']
  recommendation updated
  publish: {'entity': 'business', 'action': 'create', 'id': '6ffc4085-0b3b-4a03-9862-735f2647f735', 'slug': 'svoi-glenoaks-pharmacy-and-supply'}

[22/50] KD Pharmacy Inc
  svoi: webs=0 phones=1 addr=10970 Sherman Way
  no company website
  fill keys: ['address_line', 'city', 'google_maps_url', 'location_precision', 'phone', 'state_code']
  recommendation updated
  publish: {'entity': 'business', 'action': 'create', 'id': 'd68ed00b-09c9-4599-b344-8a066cbb3787', 'slug': 'svoi-kd-pharmacy-inc'}

[23/50] P&D Auto Body Shop
  svoi: webs=0 phones=1 addr=825 North Hollywood Way
  no company website
  fill keys: ['address_line', 'city', 'google_maps_url', 'location_precision', 'phone', 'state_code']
  recommendation updated
  publish: {'entity': 'business', 'action': 'create', 'id': 'efa76f31-fc5a-45c0-acfa-b2eb0ccbb23c', 'slug': 'svoi-p-d-auto-body-shop'}

[24/50] Hay Tracking School
  svoi: webs=0 phones=1 addr=3615 North San Fernando Boulevard
  no company website
  fill keys: ['address_line', 'city', 'google_maps_url', 'location_precision', 'phone', 'postal_code', 'state_code']
  recommendation updated
  publish: {'entity': 'business', 'action': 'create', 'id': 'fb50bc11-a64b-4a86-8492-260dfd39e100', 'slug': 'svoi-hay-tracking-school'}

[25/50] Star Driving and Traffic School
  svoi: webs=0 phones=1 addr=239 East Alameda Avenue
  no company website
  fill keys: ['address_line', 'city', 'google_maps_url', 'location_precision', 'phone', 'postal_code', 'state_code']
  recommendation updated
  publish: {'entity': 'business', 'action': 'create', 'id': '81a5ac49-8fcc-45c2-834d-e81b0f3198a7', 'slug': 'svoi-star-driving-and-traffic-school'}

[26/50] Автошкола STAR
  svoi: webs=1 phones=2 addr=239 E Alameda Ave
  website keys: ['description']
  fill keys: ['address_line', 'city', 'google_maps_url', 'location_precision', 'phone', 'state_code', 'website']
  recommendation updated
  publish: {'entity': 'business', 'action': 'merge', 'id': '81a5ac49-8fcc-45c2-834d-e81b0f3198a7'}

[27/50] Five Star Limousine of LA Burbank
  svoi: webs=0 phones=1 addr=150 East Angeleno Avenue
  no company website
  fill keys: ['address_line', 'city', 'google_maps_url', 'location_precision', 'phone', 'postal_code', 'state_code']
  recommendation updated
  publish: {'entity': 'business', 'action': 'create', 'id': 'e68d71fb-f265-45e0-bc05-1a51679d4eca', 'slug': 'svoi-five-star-limousine-of-la-burbank'}

[28/50] Muse Dental Group
  svoi: webs=0 phones=3 addr=Riverside Dr
  no company website
  fill keys: ['address_line', 'city', 'google_maps_url', 'location_precision', 'phone']
  recommendation updated
  publish: {'entity': 'business', 'action': 'create', 'id': '31e4f4e8-d2e9-4a21-b46e-fe511cd32842', 'slug': 'svoi-muse-dental-group'}

[29/50] Scholars Preparatory School
  svoi: webs=1 phones=1 addr=1001 South Glenoaks Boulevard
  website error: HTTP Error 308: Permanent Redirect
  fill keys: ['address_line', 'city', 'google_maps_url', 'location_precision', 'phone', 'state_code', 'website']
  recommendation updated
  publish: {'entity': 'business', 'action': 'create', 'id': '54221f77-a19e-4a6f-91a8-7a13b9ab2375', 'slug': 'svoi-scholars-preparatory-school'}

[30/50] CashNvestor
  svoi: webs=0 phones=1 addr=Burbank
  weak address skipped: Burbank
  no company website
  fill keys: ['city', 'google_maps_url', 'phone']
  recommendation updated
  skip publish (entity=business, street=False)

[31/50] Fred Sands Realtors - Gary Papoport
  svoi: webs=1 phones=1 addr=3500 W Olive Ave
  website keys: ['phones']
  fill keys: ['address_line', 'city', 'google_maps_url', 'location_precision', 'phone', 'state_code', 'website']
  recommendation updated
  publish: {'entity': 'business', 'action': 'create', 'id': '1eca3e9b-cb4c-4ec4-be6e-b728d7d24016', 'slug': 'svoi-fred-sands-realtors-gary-papoport'}

[32/50] JohnHart Real Estate - Lily Galadzhyan
  svoi: webs=1 phones=2 addr=1415 W. Magnolia Blvd. Suite 101
  website keys: ['address_line', 'city', 'facebook_url', 'instagram_url', 'phones', 'postal_code', 'state_code']
  fill keys: ['address_line', 'city', 'google_maps_url', 'instagram_url', 'location_precision', 'phone', 'postal_code', 'state_code', 'website']
  recommendation updated
  publish: {'entity': 'business', 'action': 'create', 'id': '08771b0b-d5e4-4797-8fca-485db3a7d24d', 'slug': 'svoi-johnhart-real-estate-lily-galadzhyan'}

[33/50] Levon Gyonjyan Electricians
  svoi: webs=0 phones=1 addr=630 South Lake Street
  no company website
  fill keys: ['address_line', 'city', 'google_maps_url', 'location_precision', 'phone', 'postal_code', 'state_code']
  recommendation updated
  publish: {'entity': 'business', 'action': 'create', 'id': '2c4bcde2-5a63-4ad4-b668-570b5cdb7b1e', 'slug': 'svoi-levon-gyonjyan-electricians'}

[34/50] Passion Beauty Salon Hair Salons
  svoi: webs=0 phones=1 addr=539 North Glenoaks Boulevard
  no company website
  fill keys: ['address_line', 'city', 'google_maps_url', 'location_precision', 'phone', 'postal_code', 'state_code']
  recommendation updated
  publish: {'entity': 'business', 'action': 'create', 'id': '301d84b3-d055-4ccb-8f6f-cf31f81f512f', 'slug': 'svoi-passion-beauty-salon-hair-salons'}

[35/50] Sophia Beauty Salon
  svoi: webs=0 phones=2 addr=2128 North Glenoaks Boulevard
  no company website
  fill keys: ['address_line', 'city', 'google_maps_url', 'location_precision', 'phone', 'state_code']
  recommendation updated
  publish: {'entity': 'business', 'action': 'create', 'id': 'e56ea15f-fe10-4ed3-9012-c6244ea30a2f', 'slug': 'svoi-sophia-beauty-salon'}

[36/50] Anush Insurance Services
  svoi: webs=0 phones=1 addr=132 South Glenoaks Boulevard
  no company website
  fill keys: ['address_line', 'city', 'google_maps_url', 'location_precision', 'phone', 'state_code']
  recommendation updated
  publish: {'entity': 'business', 'action': 'create', 'id': '6a596e58-0c30-4168-87a9-03424b097457', 'slug': 'svoi-anush-insurance-services'}

[37/50] Calico Insurance Services, Inc.
  svoi: webs=0 phones=1 addr=10970 Sherman Way
  no company website
  fill keys: ['address_line', 'city', 'google_maps_url', 'location_precision', 'phone', 'postal_code', 'state_code']
  recommendation updated
  publish: {'entity': 'business', 'action': 'create', 'id': 'ac1a07c0-4c12-4d4e-988f-0d17f04b4ef0', 'slug': 'svoi-calico-insurance-services-inc'}

[38/50] Doug Auzat State Farm Insurance .-A
  svoi: webs=0 phones=1 addr=4421 Riverside Drive
  no company website
  fill keys: ['address_line', 'city', 'google_maps_url', 'location_precision', 'phone', 'postal_code', 'state_code']
  recommendation updated
  publish: {'entity': 'business', 'action': 'create', 'id': '5567e30b-33be-4dcf-a3d9-bcf0ae38448e', 'slug': 'svoi-doug-auzat-state-farm-insurance-a'}

[39/50] Armko Travel Travel Agencies
  svoi: webs=0 phones=2 addr=178 S Victory Blvd # 207
  no company website
  fill keys: ['address_line', 'city', 'google_maps_url', 'location_precision', 'phone', 'postal_code', 'state_code']
  recommendation updated
  publish: {'entity': 'business', 'action': 'create', 'id': '446a4b4c-d94a-4f8b-b180-8d945e64f3f3', 'slug': 'svoi-armko-travel-travel-agencies'}

[40/50] INES TOURS AND TRAVEL
  svoi: webs=1 phones=1 addr=1010 West Magnolia Boulevard
  website keys: ['emails', 'facebook_url', 'instagram_url', 'phones', 'yelp_url']
  fill keys: ['address_line', 'city', 'email', 'google_maps_url', 'instagram_url', 'location_precision', 'phone', 'state_code', 'website', 'yelp_url']
  recommendation updated
  publish: {'entity': 'business', 'action': 'create', 'id': '0b05ca89-093c-4ad8-a42b-1227d79ebf3c', 'slug': 'svoi-ines-tours-and-travel'}

[41/50] M.S. Travel & Tours
  svoi: webs=0 phones=1 addr=1911 West Magnolia Boulevard
  no company website
  fill keys: ['address_line', 'city', 'google_maps_url', 'location_precision', 'phone', 'postal_code', 'state_code']
  recommendation updated
  publish: {'entity': 'business', 'action': 'create', 'id': '77feddda-0164-46f3-a7fc-e971b18dbd88', 'slug': 'svoi-m-s-travel-tours'}

[42/50] Yulia Tailoring
  svoi: webs=0 phones=1 addr=Burbank
  weak address skipped: Burbank
  no company website
  fill keys: ['city', 'google_maps_url', 'phone']
  recommendation updated
  skip publish (entity=business, street=False)

[43/50] Royal Gor Photo & Video Studio
  svoi: webs=0 phones=1 addr=1631 Maria Street
  no company website
  fill keys: ['address_line', 'city', 'google_maps_url', 'location_precision', 'phone', 'postal_code', 'state_code']
  recommendation updated
  publish: {'entity': 'business', 'action': 'create', 'id': '5c79aa6f-ed7c-40ec-9764-36399b00da44', 'slug': 'svoi-royal-gor-photo-video-studio'}

[44/50] Der Sarkissian Roubina Real Estate Loans
  svoi: webs=0 phones=1 addr=150 East Olive Avenue
  no company website
  fill keys: ['address_line', 'city', 'google_maps_url', 'location_precision', 'phone', 'postal_code', 'state_code']
  recommendation updated
  publish: {'entity': 'business', 'action': 'create', 'id': 'a0f6c112-892c-464e-8cdf-40860ce4e3e0', 'slug': 'svoi-der-sarkissian-roubina-real-estate-loans'}

[45/50] Gefer Farms Market
  svoi: webs=0 phones=1 addr=822 S San Fernando Blvd
  no company website
  fill keys: ['address_line', 'city', 'google_maps_url', 'location_precision', 'phone', 'postal_code', 'state_code']
  recommendation updated
  publish: {'entity': 'business', 'action': 'create', 'id': '330bdad1-1e44-4535-a70c-0b3afd1040b2', 'slug': 'svoi-gefer-farms-market'}

[46/50] Magnolia Fresh Market
  svoi: webs=0 phones=1 addr=418 North Glenoaks Boulevard
  no company website
  fill keys: ['address_line', 'city', 'google_maps_url', 'location_precision', 'phone', 'postal_code', 'state_code']
  recommendation updated
  publish: {'entity': 'business', 'action': 'create', 'id': 'e6b4074d-8eb9-4314-a9c6-fb4ae23dcbb2', 'slug': 'svoi-magnolia-fresh-market'}

[47/50] Raffi's Market
  svoi: webs=0 phones=1 addr=324 North Glenoaks Boulevard
  no company website
  fill keys: ['address_line', 'city', 'google_maps_url', 'location_precision', 'phone', 'postal_code', 'state_code']
  recommendation updated
  publish: {'entity': 'business', 'action': 'create', 'id': '82325e1a-fe2e-4cdb-b8db-7fef29d9ee65', 'slug': 'svoi-raffi-s-market'}

[48/50] Burbank Florist & Gifts
  svoi: webs=1 phones=1 addr=3515 West Burbank Boulevard
  website error: <urlopen error [Errno 8] nodename nor servname provided, or not known>
  fill keys: ['address_line', 'city', 'google_maps_url', 'location_precision', 'phone', 'postal_code', 'state_code', 'website']
  recommendation updated
  publish: {'entity': 'business', 'action': 'create', 'id': 'e8ea8822-b203-4499-bb40-5a8e28ca3586', 'slug': 'svoi-burbank-florist-gifts'}

[49/50] Gianni Deloro Jewelry Planner
  svoi: webs=1 phones=1 addr=Alameda Ave. 124 E.
  website keys: ['description', 'instagram_url']
  fill keys: ['address_line', 'city', 'google_maps_url', 'instagram_url', 'location_precision', 'phone', 'postal_code', 'state_code', 'website']
  recommendation updated
  publish: {'entity': 'business', 'action': 'create', 'id': 'f6dc6cd5-8058-46ef-b59e-a28905de691e', 'slug': 'svoi-gianni-deloro-jewelry-planner'}

[50/50] Speaking Roses
  svoi: webs=0 phones=1 addr=711 South San Fernando Boulevard
  no company website
  fill keys: ['address_line', 'city', 'google_maps_url', 'location_precision', 'phone', 'postal_code', 'state_code']
  recommendation updated
  publish: {'entity': 'business', 'action': 'create', 'id': 'ad98902d-3d98-47fe-931a-121be022249f', 'slug': 'svoi-speaking-roses'}

Done. enriched=50 with_address=45 published=45 report=/Users/sammov/Russian business AI/scripts/business-enrich/data/svoi_enrich/batch_20260727T032416Z.json
Last targets=50 exit=0

===== ROUND 12 2026-07-27T03:24:16Z =====
targets=50 dry_run=False publish=True places=True publish_enriched=False

[1/50] Arbat Golden Palace Restaurant
  svoi: webs=1 phones=1 addr=711 South San Fernando Boulevard
  website keys: ['facebook_url', 'instagram_url', 'phones', 'yelp_url']
  places: error
  places quota exhausted — continuing without Places
  fill keys: ['address_line', 'city', 'google_maps_url', 'instagram_url', 'location_precision', 'phone', 'postal_code', 'state_code', 'website', 'yelp_url']
  recommendation updated
  publish: {'entity': 'business', 'action': 'create', 'id': 'c6aff7fc-bb8d-4f5d-a1dd-9f40cc8e7065', 'slug': 'svoi-arbat-golden-palace-restaurant'}

[2/50] Big Mama's & Papa's Pizza Burbank
  svoi: webs=0 phones=1 addr=312 North Glenoaks Boulevard
  no company website
  fill keys: ['address_line', 'city', 'google_maps_url', 'location_precision', 'phone', 'state_code']
  recommendation updated
  publish: {'entity': 'business', 'action': 'create', 'id': '0eeb84a9-0afa-4082-a674-0a3ce69dc6d4', 'slug': 'svoi-big-mama-s-papa-s-pizza-burbank'}

[3/50] Castaway
  svoi: webs=0 phones=1 addr=1250 East Harvard Road
  no company website
  fill keys: ['address_line', 'city', 'google_maps_url', 'location_precision', 'phone', 'postal_code', 'state_code']
  recommendation updated
  publish: {'entity': 'business', 'action': 'create', 'id': '20c63606-d59a-4a7f-a1af-73d9cb08984c', 'slug': 'svoi-castaway'}

[4/50] Studio ALPHA Услуги Студии Звукозаписи
  svoi: webs=1 phones=2 addr=826 S Victory Blvd
  website keys: ['description', 'facebook_url', 'instagram_url']
  fill keys: ['address_line', 'city', 'google_maps_url', 'instagram_url', 'location_precision', 'phone', 'state_code', 'website']
  recommendation updated
  publish: {'entity': 'business', 'action': 'create', 'id': '4ffc46e7-8e77-403b-805c-91e6a37ca0cf', 'slug': 'svoi-studio-alpha'}

[5/50] AristaVisa
  svoi: webs=1 phones=4 addr=2217 W Olive Ave
  website keys: ['description', 'emails', 'opening_hours', 'phones']
  fill keys: ['address_line', 'city', 'email', 'google_maps_url', 'location_precision', 'opening_hours', 'phone', 'state_code', 'website']
  recommendation updated
  publish: {'entity': 'business', 'action': 'create', 'id': 'd1bfe522-ff65-40ac-8b91-5a97747407f6', 'slug': 'svoi-aristavisa'}

[6/50] A.J. Boyajian, D.M.D. Cosmetic Dentists
  svoi: webs=0 phones=1 addr=9400 Brighton Way
  no company website
  fill keys: ['address_line', 'city', 'google_maps_url', 'location_precision', 'phone', 'postal_code', 'state_code']
  recommendation updated
  publish: {'entity': 'professional', 'action': 'create', 'id': '2cfecbc5-c548-487f-b661-143b31e3c19f', 'slug': 'svoi-a-j-boyajian-d-m-d-cosmetic-dentists'}

[7/50] Dr. Joseph Stan DDS
  svoi: webs=0 phones=1 addr=448 North Bedford Drive
  no company website
  fill keys: ['address_line', 'city', 'google_maps_url', 'location_precision', 'phone', 'postal_code', 'state_code']
  recommendation updated
  publish: {'entity': 'professional', 'action': 'create', 'id': '2dfce6f4-6f7d-4193-b1a2-b9361c3ce9f8', 'slug': 'svoi-dr-joseph-stan-dds'}

[8/50] Dr. Lilia Agadganian DDS
  svoi: webs=0 phones=1 addr=8500 Wilshire Boulevard
  no company website
  fill keys: ['address_line', 'city', 'google_maps_url', 'location_precision', 'phone', 'postal_code', 'state_code']
  recommendation updated
  publish: {'entity': 'professional', 'action': 'create', 'id': '627c864d-5eda-4a7c-a1c4-507fab8f5f3c', 'slug': 'svoi-dr-lilia-agadganian-dds'}

[9/50] Alexander Gantman
  svoi: webs=0 phones=1 addr=315 South Beverly Drive
  no company website
  fill keys: ['address_line', 'city', 'google_maps_url', 'location_precision', 'phone', 'postal_code', 'state_code']
  recommendation updated
  publish: {'entity': 'business', 'action': 'create', 'id': 'aae76e44-0a02-4805-b7ff-6a00d0ec5184', 'slug': 'svoi-alexander-gantman'}

[10/50] Dr. Eleanor Lavretsky
  svoi: webs=0 phones=1 addr=462 N Linden Dr
  no company website
  fill keys: ['address_line', 'city', 'google_maps_url', 'location_precision', 'phone', 'postal_code', 'state_code']
  recommendation updated
  publish: {'entity': 'professional', 'action': 'create', 'id': '593d2471-4e70-49a3-b68d-6999c8829027', 'slug': 'svoi-dr-eleanor-lavretsky'}

[11/50] EMMANUEL BRANDICE
  svoi: webs=0 phones=1 addr=292 LaCienega Blvd
  no company website
  fill keys: ['address_line', 'city', 'google_maps_url', 'location_precision', 'phone', 'postal_code', 'state_code']
  recommendation updated
  publish: {'entity': 'business', 'action': 'create', 'id': '47119760-6f9c-4645-a68b-cb3a0f26066d', 'slug': 'svoi-emmanuel-brandice'}

[12/50] Mariya Kriv
  svoi: webs=1 phones=2 addr=315 South Beverly Drive
  website keys: ['address_line', 'city', 'description', 'phones', 'postal_code', 'state_code']
  fill keys: ['address_line', 'city', 'google_maps_url', 'location_precision', 'phone', 'postal_code', 'state_code', 'website']
  recommendation updated
  publish: {'entity': 'business', 'action': 'create', 'id': '3e65091f-d668-4106-b438-ad21b4b270dc', 'slug': 'svoi-mariya-kriv'}

[13/50] Yuri S. Oleynikov MD PhD
  svoi: webs=1 phones=1 addr=50 North La Cienega Boulevard
  website keys: ['description']
  fill keys: ['address_line', 'city', 'google_maps_url', 'location_precision', 'phone', 'postal_code', 'state_code', 'website']
  recommendation updated
  publish: {'entity': 'professional', 'action': 'create', 'id': 'dd9f363a-0b56-47cf-aaf4-eb82b1eee19d', 'slug': 'svoi-yuri-s-oleynikov-md-phd'}

[14/50] Yuri S. Oleynikov, MD, PhD
  svoi: webs=1 phones=1 addr=415 North Crescent Drive
  website keys: ['description']
  fill keys: ['address_line', 'city', 'google_maps_url', 'location_precision', 'phone', 'postal_code', 'state_code', 'website']
  recommendation updated
  publish: {'entity': 'professional', 'action': 'create', 'id': '707bc11e-b0e1-4a5d-97e1-ff7bbc8ee3c4', 'slug': 'svoi-yuri-s-oleynikov-md-phd-2'}

[15/50] Aluna Vein Center
  svoi: webs=0 phones=1 addr=8500 Wilshire Boulevard  #518
  no company website
  fill keys: ['address_line', 'city', 'google_maps_url', 'location_precision', 'phone', 'postal_code', 'state_code']
  recommendation updated
  publish: {'entity': 'business', 'action': 'create', 'id': '8fc2643e-8803-47fa-8659-249f64cd1ee0', 'slug': 'svoi-aluna-vein-center'}

[16/50] Boris Zaks, M.D.
  svoi: webs=1 phones=1 addr=435 North Roxbury Drive
  website error: HTTP Error 404: Not Found
  fill keys: ['address_line', 'city', 'google_maps_url', 'location_precision', 'phone', 'postal_code', 'state_code', 'website']
  recommendation updated
  publish: {'entity': 'business', 'action': 'create', 'id': 'a9dd6ec2-158f-44b9-b7a0-c9543230f97f', 'slug': 'svoi-boris-zaks-m-d'}

[17/50] Churukian Michael M MD Physicians-Plastic and Reconstructive Surgery
  svoi: webs=0 phones=1 addr=414 North Camden Drive
  no company website
  fill keys: ['address_line', 'city', 'google_maps_url', 'location_precision', 'phone', 'postal_code', 'state_code']
  recommendation updated
  publish: {'entity': 'professional', 'action': 'create', 'id': '2ae32be0-4f68-40b4-a99a-a41b57c6b772', 'slug': 'svoi-churukian-michael-m-md-physicians-plastic-and-re'}

[18/50] Behrooz A. Torkian, MD - Facial Plastic Surgery- Lasky Clinic Beverly Hills
  svoi: webs=0 phones=2 addr=Lasky Dr  201 S
  no company website
  fill keys: ['address_line', 'city', 'google_maps_url', 'location_precision', 'phone', 'postal_code', 'state_code']
  recommendation updated
  publish: {'entity': 'business', 'action': 'create', 'id': 'b91765d5-81f3-4d78-b7a3-07d39500a4f6', 'slug': 'svoi-behrooz-a-torkian-md-facial-plastic-surgery-lask'}

[19/50] Beverly Tower Women's Center
  svoi: webs=0 phones=1 addr=465 North Roxbury Drive
  no company website
  fill keys: ['address_line', 'city', 'google_maps_url', 'location_precision', 'phone', 'postal_code', 'state_code']
  recommendation updated
  publish: {'entity': 'business', 'action': 'create', 'id': '67833e5a-11d1-4842-88c3-5fc5c8c8502e', 'slug': 'svoi-beverly-tower-women-s-center'}

[20/50] Boris Zaks MD
  svoi: webs=0 phones=1 addr=435 North Roxbury Drive
  no company website
  fill keys: ['address_line', 'city', 'google_maps_url', 'location_precision', 'phone']
  recommendation updated
  publish: {'entity': 'professional', 'action': 'create', 'id': '7f025249-44e8-48cf-8263-3ee3ec41a20c', 'slug': 'svoi-boris-zaks-md'}

[21/50] Compounding Pharmacy-Beverly
  svoi: webs=0 phones=1 addr=9629 West Olympic Boulevard
  no company website
  fill keys: ['address_line', 'city', 'google_maps_url', 'location_precision', 'phone', 'state_code']
  recommendation updated
  publish: {'entity': 'business', 'action': 'create', 'id': 'e411ffee-af65-48f9-9420-624521976dc4', 'slug': 'svoi-compounding-pharmacy-beverly'}

[22/50] Family Discount Pharmacy of Beverly Hills
  svoi: webs=1 phones=1 addr=8314 Wilshire Boulevard
  website keys: ['emails', 'opening_hours', 'phones']
  fill keys: ['address_line', 'city', 'email', 'google_maps_url', 'location_precision', 'opening_hours', 'phone', 'postal_code', 'state_code', 'website']
  recommendation updated
  publish: {'entity': 'business', 'action': 'create', 'id': '0e9bb615-d9c5-4d13-97db-cb6c5c48fadc', 'slug': 'svoi-family-discount-pharmacy-of-beverly-hills'}

[23/50] Robertson Center Pharmacy
  svoi: webs=0 phones=1 addr=250 North Robertson Boulevard
  no company website
  fill keys: ['address_line', 'city', 'google_maps_url', 'location_precision', 'phone', 'state_code']
  recommendation updated
  publish: {'entity': 'business', 'action': 'create', 'id': '6a8c37fe-09dd-4f5c-83a0-219b9320c57c', 'slug': 'svoi-robertson-center-pharmacy'}

[24/50] MLS Limousine Service
  svoi: webs=0 phones=1 addr=9663 South Santa Monica Boulevard
  no company website
  fill keys: ['address_line', 'city', 'google_maps_url', 'location_precision', 'phone', 'postal_code', 'state_code']
  recommendation updated
  publish: {'entity': 'business', 'action': 'create', 'id': '07e30b2a-6c6f-4b40-8728-ebcf180900e6', 'slug': 'svoi-mls-limousine-service'}

[25/50] Aaron Kelman Real Estate Agent
  svoi: webs=0 phones=1 addr=417 Shirley Place
  no company website
  fill keys: ['address_line', 'city', 'google_maps_url', 'location_precision', 'phone', 'state_code']
  recommendation updated
  publish: {'entity': 'business', 'action': 'create', 'id': 'f7a1f929-90f3-40c8-a1e9-70d2d80f5c70', 'slug': 'svoi-aaron-kelman-real-estate-agent'}

[26/50] Alexandra Pugachoff
  svoi: webs=0 phones=1 addr=9454 Wilshire Boulevard
  no company website
  fill keys: ['address_line', 'city', 'google_maps_url', 'location_precision', 'phone', 'state_code']
  recommendation updated
  publish: {'entity': 'business', 'action': 'create', 'id': '0e6a3ab7-272e-487a-bd6a-16eaf8d82c42', 'slug': 'svoi-alexandra-pugachoff'}

[27/50] Alla Vinnik - Rodeo Realty
  svoi: webs=1 phones=3 addr=202 N.Canon Drive Beverly Hills
  website error: <urlopen error [Errno 8] nodename nor servname provided, or not known>
  fill keys: ['address_line', 'city', 'google_maps_url', 'location_precision', 'phone', 'state_code', 'website']
  recommendation updated
  publish: {'entity': 'business', 'action': 'create', 'id': '3379b5c6-dbe3-4fec-9f46-281e582ac820', 'slug': 'svoi-alla-vinnik-rodeo-realty'}

[28/50] Anastasia Beverly Hills Salon
  svoi: webs=0 phones=1 addr=438 North Bedford Drive
  no company website
  fill keys: ['address_line', 'city', 'google_maps_url', 'location_precision', 'phone', 'state_code']
  recommendation updated
  publish: {'entity': 'business', 'action': 'create', 'id': '63a79081-683e-470e-81d8-b7ac277dfbeb', 'slug': 'svoi-anastasia-beverly-hills-salon'}

[29/50] Magic Touch Waxing Salon
  svoi: webs=0 phones=1 addr=321 South Beverly Drive
  no company website
  fill keys: ['address_line', 'city', 'google_maps_url', 'location_precision', 'phone', 'postal_code', 'state_code']
  recommendation updated
  publish: {'entity': 'business', 'action': 'create', 'id': '1f375b3d-73f2-4a15-ae39-70eaf3d88306', 'slug': 'svoi-magic-touch-waxing-salon'}

[30/50] Mauro Hair Studio ON ROREO DR
  svoi: webs=0 phones=1 addr=421 North Rodeo Drive
  no company website
  fill keys: ['address_line', 'city', 'google_maps_url', 'location_precision', 'phone', 'postal_code', 'state_code']
  recommendation updated
  publish: {'entity': 'business', 'action': 'create', 'id': '9588c372-7a40-4495-8553-faafccef85b3', 'slug': 'svoi-mauro-hair-studio-on-roreo-dr'}

[31/50] Boris Prilutsky
  svoi: webs=1 phones=1 addr=9033 Wilshire Boulevard
  website keys: ['address_line', 'city', 'description', 'emails', 'facebook_url', 'postal_code', 'state_code']
  fill keys: ['address_line', 'city', 'email', 'google_maps_url', 'location_precision', 'phone', 'postal_code', 'state_code', 'website']
  recommendation updated
  publish: {'entity': 'professional', 'action': 'create', 'id': '918fa820-e04e-42ae-910b-3de4c98b6a45', 'slug': 'svoi-boris-prilutsky'}

[32/50] ALEXANDER MARMUREN
  svoi: webs=0 phones=1 addr=1075 CAROLYN WAY
  no company website
  fill keys: ['address_line', 'city', 'google_maps_url', 'location_precision', 'phone', 'postal_code', 'state_code']
  recommendation updated
  publish: {'entity': 'business', 'action': 'create', 'id': '99e2e7d3-9839-40ab-9aaf-6798f06fc872', 'slug': 'svoi-alexander-marmuren'}

[33/50] Станислав и Алиса Пау
  svoi: webs=0 phones=1 addr=9190 W Olympic Blvd
  no company website
  fill keys: ['address_line', 'city', 'google_maps_url', 'location_precision', 'phone']
  recommendation updated
  publish: {'entity': 'business', 'action': 'create', 'id': 'a82631d7-d68c-4350-8acd-c71b7ebacf9b', 'slug': 'svoi-biz-69'}

[34/50] Larissa Alterations
  svoi: webs=0 phones=1 addr=427 North Camden Drive
  no company website
  fill keys: ['address_line', 'city', 'google_maps_url', 'location_precision', 'phone', 'postal_code', 'state_code']
  recommendation updated
  publish: {'entity': 'business', 'action': 'create', 'id': '8d0e3c36-f2a8-4893-a652-22c1ed3241c1', 'slug': 'svoi-larissa-alterations'}

[35/50] JD Financial Services
  svoi: webs=0 phones=1 addr=8501 Wilshire Blvd
  no company website
  fill keys: ['address_line', 'city', 'google_maps_url', 'location_precision', 'phone', 'postal_code', 'state_code']
  recommendation updated
  publish: {'entity': 'business', 'action': 'create', 'id': '5eb65f22-75c0-47af-868e-bcd955cf9c15', 'slug': 'svoi-jd-financial-services'}

[36/50] Jeff Ratner and Associates Inc
  svoi: webs=0 phones=1 addr=8501 Wilshire Boulevard
  no company website
  fill keys: ['address_line', 'city', 'google_maps_url', 'location_precision', 'phone', 'postal_code', 'state_code']
  recommendation updated
  publish: {'entity': 'business', 'action': 'create', 'id': 'f96c4e01-582d-4e6c-884e-ced597262fc1', 'slug': 'svoi-jeff-ratner-and-associates-inc'}

[37/50] Gardenia Flower Art Florists
  svoi: webs=0 phones=1 addr=8685 Wilshire Boulevard
  no company website
  fill keys: ['address_line', 'city', 'google_maps_url', 'location_precision', 'phone', 'state_code']
  recommendation updated
  publish: {'entity': 'business', 'action': 'create', 'id': '6ed141df-3b8e-47dc-888e-68b45557e0a4', 'slug': 'svoi-gardenia-flower-art-florists'}

[38/50] M Cafe De Chaya
  svoi: webs=0 phones=4 addr=9433 Brighton Way
  no company website
  fill keys: ['address_line', 'city', 'google_maps_url', 'location_precision', 'phone', 'postal_code', 'state_code']
  recommendation updated
  publish: {'entity': 'business', 'action': 'create', 'id': 'd30d4373-6036-4dea-b2c7-bc90b93ff67c', 'slug': 'svoi-m-cafe-de-chaya'}

[39/50] A PLUS Dentistry
  svoi: webs=0 phones=1 addr=1616 Beacon Street
  no company website
  fill keys: ['address_line', 'city', 'google_maps_url', 'location_precision', 'phone', 'postal_code', 'state_code']
  recommendation updated
  publish: {'entity': 'business', 'action': 'create', 'id': 'ee3e1dcb-50a4-4a0c-8a9b-7dd660e0e983', 'slug': 'svoi-a-plus-dentistry'}

[40/50] Alice Dental Center
  svoi: webs=0 phones=1 addr=1415 Beacon Street
  no company website
  fill keys: ['address_line', 'city', 'google_maps_url', 'location_precision', 'phone', 'postal_code', 'state_code']
  recommendation updated
  publish: {'entity': 'business', 'action': 'create', 'id': '4e0c9913-4f89-415f-a25f-2e0bba316277', 'slug': 'svoi-alice-dental-center'}

[41/50] Alpha Plus Dental Center
  svoi: webs=0 phones=1 addr=185 Harvard Street
  no company website
  fill keys: ['address_line', 'city', 'google_maps_url', 'location_precision', 'phone', 'postal_code', 'state_code']
  recommendation updated
  publish: {'entity': 'business', 'action': 'create', 'id': '6c27a3e2-46c7-47b6-84d7-6bc11e7a2c45', 'slug': 'svoi-alpha-plus-dental-center'}

[42/50] The Mad Russian - Yefim Shubentsov
  svoi: webs=0 phones=1 addr=1680 Beacon Street
  no company website
  fill keys: ['address_line', 'city', 'google_maps_url', 'location_precision', 'phone', 'postal_code', 'state_code']
  recommendation updated
  publish: {'entity': 'business', 'action': 'create', 'id': '4744f700-2c47-4986-a0a1-a4a0cb357f59', 'slug': 'svoi-the-mad-russian-yefim-shubentsov'}

[43/50] Boris Orkin, MD
  svoi: webs=1 phones=1 addr=1180 Beacon Street
  website keys: []
  fill keys: ['address_line', 'city', 'google_maps_url', 'location_precision', 'phone', 'state_code', 'website']
  recommendation updated
  publish: {'entity': 'professional', 'action': 'create', 'id': '2d207862-4faa-4452-ab68-9a870c632fae', 'slug': 'svoi-boris-orkin-md'}

[44/50] Boston Eye Group
  svoi: webs=0 phones=1 addr=1101 Beacon Street
  no company website
  fill keys: ['address_line', 'city', 'google_maps_url', 'location_precision', 'phone', 'state_code']
  recommendation updated
  publish: {'entity': 'business', 'action': 'create', 'id': '811f8b91-f6a9-44f9-8733-11b2bf31df15', 'slug': 'svoi-boston-eye-group'}

[45/50] BostonEye Physicians and Surgeons
  svoi: webs=1 phones=1 addr=44 Washington Street
  website keys: ['address_line', 'city', 'description', 'facebook_url', 'instagram_url', 'opening_hours', 'phones', 'postal_code', 'state_code']
  fill keys: ['address_line', 'city', 'google_maps_url', 'instagram_url', 'location_precision', 'opening_hours', 'phone', 'postal_code', 'state_code', 'website']
  recommendation updated
  publish: {'entity': 'business', 'action': 'create', 'id': '96a9ec5d-3530-478a-b9ce-502dab7d0453', 'slug': 'svoi-bostoneye-physicians-and-surgeons'}

[46/50] Lubov Palmina
  svoi: webs=0 phones=1 addr=1101 Beacon Street
  no company website
  fill keys: ['address_line', 'city', 'google_maps_url', 'location_precision', 'phone', 'postal_code', 'state_code']
  recommendation updated
  publish: {'entity': 'business', 'action': 'create', 'id': 'a165a7e2-deb7-4701-aa58-41e59d2c170f', 'slug': 'svoi-lubov-palmina'}

[47/50] Svetlana Kaufman, M.D., Ph.D.
  svoi: webs=0 phones=1 addr=1180 Beacon Street
  no company website
  fill keys: ['address_line', 'city', 'google_maps_url', 'location_precision', 'phone', 'postal_code', 'state_code']
  recommendation updated
  publish: {'entity': 'business', 'action': 'create', 'id': '9e3e60a3-c06a-4142-9230-14c787877303', 'slug': 'svoi-svetlana-kaufman-m-d-ph-d'}

[48/50] Astra Natural Healing
  svoi: webs=0 phones=1 addr=1368 Beacon Street
  no company website
  fill keys: ['address_line', 'city', 'google_maps_url', 'location_precision', 'phone', 'postal_code', 'state_code']
  recommendation updated
  publish: {'entity': 'business', 'action': 'create', 'id': '62499174-ffe2-4007-ac28-74f2b91bccbd', 'slug': 'svoi-astra-natural-healing'}

[49/50] Institute of Russian Healing Arts
  svoi: webs=0 phones=1 addr=1693 Beacon Street
  no company website
  fill keys: ['address_line', 'city', 'google_maps_url', 'location_precision', 'phone', 'postal_code', 'state_code']
  recommendation updated
  publish: {'entity': 'business', 'action': 'create', 'id': '22287d22-362f-4803-83bd-d4cdd5252b03', 'slug': 'svoi-institute-of-russian-healing-arts'}

[50/50] Борис Бальсон, M.D.
  svoi: webs=0 phones=2 addr=1180 Beacon Street
  no company website
  fill keys: ['address_line', 'city', 'google_maps_url', 'location_precision', 'phone', 'state_code']
  recommendation updated
  publish: {'entity': 'business', 'action': 'create', 'id': '5955322c-9c85-4508-953f-49177761d2bf', 'slug': 'svoi-m-d'}

Done. enriched=50 with_address=50 published=50 report=/Users/sammov/Russian business AI/scripts/business-enrich/data/svoi_enrich/batch_20260727T032627Z.json
Last targets=50 exit=0

===== ROUND 13 2026-07-27T03:26:27Z =====
targets=50 dry_run=False publish=True places=True publish_enriched=False

[1/50] Orthosports and Aquatic Physical Therapy
  svoi: webs=0 phones=1 addr=637 Washington Street
  no company website
  places: error
  places quota exhausted — continuing without Places
  fill keys: ['address_line', 'city', 'google_maps_url', 'location_precision', 'phone', 'postal_code', 'state_code']
  recommendation updated
  publish: {'entity': 'professional', 'action': 'create', 'id': 'e1ae31f6-f62a-4338-877c-7e24ad79f1fb', 'slug': 'svoi-orthosports-and-aquatic-physical-therapy'}

[2/50] Medi-Health Care
  svoi: webs=0 phones=1 addr=694 Washington Street
  no company website
  fill keys: ['address_line', 'city', 'google_maps_url', 'location_precision', 'phone', 'postal_code', 'state_code']
  recommendation updated
  publish: {'entity': 'business', 'action': 'create', 'id': '71c48013-0b4f-4e6e-8603-37c6ba8ae6be', 'slug': 'svoi-medi-health-care'}

[3/50] Brookiline Driving School
  svoi: webs=0 phones=3 addr=374 Boylston
  no company website
  fill keys: ['address_line', 'city', 'google_maps_url', 'location_precision', 'phone', 'postal_code', 'state_code']
  recommendation updated
  publish: {'entity': 'business', 'action': 'create', 'id': '44129cd8-785a-4c44-9b28-728b7e43d7e1', 'slug': 'svoi-brookiline-driving-school'}

[4/50] Our Cool School
  svoi: webs=0 phones=1 addr=115 Marion Street
  no company website
  fill keys: ['address_line', 'city', 'google_maps_url', 'location_precision', 'phone']
  recommendation updated
  publish: {'entity': 'business', 'action': 'create', 'id': '0d144204-2958-4793-9061-8e3421760405', 'slug': 'svoi-our-cool-school'}

[5/50] Maimonides School
  svoi: webs=1 phones=1 addr=2 Clark Road
  website keys: ['facebook_url', 'instagram_url']
  fill keys: ['address_line', 'city', 'google_maps_url', 'instagram_url', 'location_precision', 'phone', 'postal_code', 'state_code', 'website']
  recommendation updated
  publish: {'entity': 'business', 'action': 'create', 'id': '591cd179-abfd-4522-82ef-f90dfed45b0a', 'slug': 'svoi-maimonides-school'}

[6/50] Julie Agarkov, Hammond Residential
  svoi: webs=0 phones=1 addr=826 Boylston Street
  no company website
  fill keys: ['address_line', 'city', 'google_maps_url', 'location_precision', 'phone', 'postal_code', 'state_code']
  recommendation updated
  publish: {'entity': 'business', 'action': 'create', 'id': '7c12ff43-34f0-4cc9-bba0-c0223e0122ec', 'slug': 'svoi-julie-agarkov-hammond-residential'}

[7/50] Michael Fiman, ANS Associates
  svoi: webs=0 phones=1 addr=355 Boylston
  no company website
  fill keys: ['address_line', 'city', 'google_maps_url', 'location_precision', 'phone', 'postal_code', 'state_code']
  recommendation updated
  publish: {'entity': 'business', 'action': 'create', 'id': 'f60a0f9e-f408-4b3e-9235-04f2d66e0657', 'slug': 'svoi-michael-fiman-ans-associates'}

[8/50] My Boston Realtor, Karina
  svoi: webs=0 phones=2 addr=420 Harvard Street
  no company website
  fill keys: ['address_line', 'city', 'google_maps_url', 'location_precision', 'phone', 'state_code']
  recommendation updated
  publish: {'entity': 'professional', 'action': 'create', 'id': '3244f158-9442-4d66-baab-ddb336d79de5', 'slug': 'svoi-my-boston-realtor-karina'}

[9/50] Alexandra Salon
  svoi: webs=1 phones=1 addr=318 Harvard Street
  website error: HTTP Error 404: Not Found
  fill keys: ['address_line', 'city', 'google_maps_url', 'location_precision', 'phone', 'postal_code', 'state_code', 'website']
  recommendation updated
  publish: {'entity': 'business', 'action': 'create', 'id': '6c736685-dcda-4d8a-889f-4aed03c63eee', 'slug': 'svoi-alexandra-salon'}

[10/50] Domain Hair Design
  svoi: webs=0 phones=1 addr=475 Harvard Street
  no company website
  fill keys: ['address_line', 'city', 'google_maps_url', 'location_precision', 'phone', 'postal_code', 'state_code']
  recommendation updated
  publish: {'entity': 'business', 'action': 'create', 'id': '57e4244f-ead3-40ea-856f-4a50d72d4542', 'slug': 'svoi-domain-hair-design'}

[11/50] G.A, Electrolysis and Skin Care Center
  svoi: webs=1 phones=1 addr=364 Harvard Street
  website error: <urlopen error [Errno 8] nodename nor servname provided, or not known>
  fill keys: ['address_line', 'city', 'google_maps_url', 'location_precision', 'phone', 'postal_code', 'state_code', 'website']
  recommendation updated
  publish: {'entity': 'business', 'action': 'create', 'id': '599dd952-f08a-4601-8b3a-9d492411f7d5', 'slug': 'svoi-g-a-electrolysis-and-skin-care-center'}

[12/50] Citywide Insurance Agency
  svoi: webs=0 phones=1 addr=1842 Beacon Street
  no company website
  fill keys: ['address_line', 'city', 'google_maps_url', 'location_precision', 'phone', 'postal_code', 'state_code']
  recommendation updated
  publish: {'entity': 'business', 'action': 'create', 'id': '04b2939d-7c4c-4498-8e5c-d8a681ab06a0', 'slug': 'svoi-citywide-insurance-agency'}

[13/50] Sheldon Marram Insurance Agency
  svoi: webs=0 phones=1 addr=2 Summit Avenue
  no company website
  fill keys: ['address_line', 'city', 'google_maps_url', 'location_precision', 'phone', 'postal_code', 'state_code']
  recommendation updated
  publish: {'entity': 'business', 'action': 'create', 'id': '749a9302-4450-4d3d-a15a-23d7d7d515f9', 'slug': 'svoi-sheldon-marram-insurance-agency'}

[14/50] Academic Travel
  svoi: webs=0 phones=2 addr=68 Harvard Street
  no company website
  fill keys: ['address_line', 'city', 'google_maps_url', 'location_precision', 'phone', 'postal_code', 'state_code']
  recommendation updated
  publish: {'entity': 'business', 'action': 'create', 'id': '31c4dfe3-abf2-4c1c-80af-12a7940f0678', 'slug': 'svoi-academic-travel'}

[15/50] BLER Travel Agency
  svoi: webs=0 phones=1 addr=420 Harvard Street
  no company website
  fill keys: ['address_line', 'city', 'google_maps_url', 'location_precision', 'phone', 'postal_code', 'state_code']
  recommendation updated
  publish: {'entity': 'business', 'action': 'create', 'id': 'bf6a809d-7b4c-4ea5-9dd3-8ec52b8b57ee', 'slug': 'svoi-bler-travel-agency'}

[16/50] Citywide Travel Inc.
  svoi: webs=0 phones=1 addr=1842 Beacon Street
  no company website
  fill keys: ['address_line', 'city', 'google_maps_url', 'location_precision', 'phone', 'postal_code', 'state_code']
  recommendation updated
  publish: {'entity': 'business', 'action': 'create', 'id': '138873d0-ed04-4926-8f9e-710b1de5c668', 'slug': 'svoi-citywide-travel-inc'}

[17/50] Daleko Express
  svoi: webs=0 phones=2 addr=358 Boylston Street
  no company website
  fill keys: ['address_line', 'city', 'google_maps_url', 'location_precision', 'phone', 'postal_code', 'state_code']
  recommendation updated
  publish: {'entity': 'business', 'action': 'create', 'id': 'ca7428af-9c4d-4df1-aba6-31aae2059af7', 'slug': 'svoi-daleko-express'}

[18/50] Boris Gutman
  svoi: webs=0 phones=1 addr=Brooklyn
  weak address skipped: Brooklyn
  no company website
  fill keys: ['city', 'google_maps_url', 'phone']
  recommendation updated
  skip publish (entity=business, street=False)

[19/50] Shaknovich Svetlana
  svoi: webs=0 phones=1 addr=157 Winthrop Road
  no company website
  fill keys: ['address_line', 'city', 'google_maps_url', 'location_precision', 'phone', 'postal_code', 'state_code']
  recommendation updated
  publish: {'entity': 'business', 'action': 'create', 'id': '217f9dcc-b7a5-4cac-baad-6a17b80cd8f0', 'slug': 'svoi-shaknovich-svetlana'}

[20/50] Bazaar International Gourmet
  svoi: webs=0 phones=1 addr=1432 Beacon Street
  no company website
  fill keys: ['address_line', 'city', 'google_maps_url', 'location_precision', 'phone', 'postal_code', 'state_code']
  recommendation updated
  publish: {'entity': 'business', 'action': 'create', 'id': 'f433302b-75e3-4fde-9b3d-beac3547247e', 'slug': 'svoi-bazaar-international-gourmet'}

[21/50] Jewelry Express Work
  svoi: webs=0 phones=1 addr=211 Washington St
  no company website
  fill keys: ['address_line', 'city', 'google_maps_url', 'location_precision', 'phone', 'postal_code', 'state_code']
  recommendation updated
  publish: {'entity': 'business', 'action': 'create', 'id': '656fa554-b923-49b6-8c44-cfb1afdb5d77', 'slug': 'svoi-jewelry-express-work'}

[22/50] Jewelry Express Works
  svoi: webs=0 phones=1 addr=211 Washington Street
  no company website
  fill keys: ['address_line', 'city', 'google_maps_url', 'location_precision', 'phone', 'postal_code', 'state_code']
  recommendation updated
  publish: {'entity': 'business', 'action': 'create', 'id': '0a6bdab4-10af-4805-bbf6-e16b5c24852c', 'slug': 'svoi-jewelry-express-works'}

[23/50] Walters Jewelry Inc.
  svoi: webs=0 phones=1 addr=236 Harvard Street
  no company website
  fill keys: ['address_line', 'city', 'google_maps_url', 'location_precision', 'phone', 'postal_code', 'state_code']
  recommendation updated
  publish: {'entity': 'business', 'action': 'create', 'id': 'a641b5d7-92a6-4187-886e-cb5f67ff8392', 'slug': 'svoi-walters-jewelry-inc'}

[24/50] Victor`s catering
  svoi: webs=0 phones=2 addr=1379 Beacon Street
  no company website
  fill keys: ['address_line', 'city', 'google_maps_url', 'location_precision', 'phone', 'state_code']
  recommendation updated
  publish: {'entity': 'business', 'action': 'create', 'id': '71073c66-1a70-4e1a-af88-34551df3f471', 'slug': 'svoi-victor-s-catering'}

[25/50] CONTACT
  svoi: webs=0 phones=4 addr=Brooklyn
  weak address skipped: Brooklyn
  no company website
  fill keys: ['city', 'google_maps_url', 'phone']
  recommendation updated
  skip publish (entity=business, street=False)

[26/50] Нина Каштелян
  svoi: webs=0 phones=2 addr=4000 Old Court Road
  no company website
  fill keys: ['address_line', 'city', 'google_maps_url', 'location_precision', 'phone']
  recommendation updated
  publish: {'entity': 'business', 'action': 'create', 'id': '8f3ac096-4539-4719-9f2c-5f8b11df0a75', 'slug': 'svoi-biz-70'}

[27/50] Dr. Elena Balakirsky
  svoi: webs=0 phones=1 addr=1401 Reisterstown Road
  no company website
  fill keys: ['address_line', 'city', 'google_maps_url', 'location_precision', 'phone', 'postal_code', 'state_code']
  recommendation updated
  publish: {'entity': 'business', 'action': 'create', 'id': 'ec664121-a4f2-4f70-8d72-af0c1623bddb', 'slug': 'svoi-dr-elena-balakirsky'}

[28/50] Dr. Kelly Robert
  svoi: webs=1 phones=1 addr=10339 Kensington Parkway
  website error: HTTP Error 403: Forbidden
  fill keys: ['address_line', 'city', 'google_maps_url', 'location_precision', 'phone', 'postal_code', 'state_code', 'website']
  recommendation updated
  publish: {'entity': 'business', 'action': 'create', 'id': '6f3e9f7e-886e-4e0c-91c9-b89025f00456', 'slug': 'svoi-dr-kelly-robert'}

[29/50] Доктор Лилия Ризберг, Whiteeth Esthetic Dentistry.
  svoi: webs=1 phones=2 addr=7861 Belle Point Drive
  website error: <urlopen error [Errno 8] nodename nor servname provided, or not known>
  fill keys: ['address_line', 'city', 'google_maps_url', 'location_precision', 'phone', 'postal_code', 'state_code', 'website']
  recommendation updated
  publish: {'entity': 'professional', 'action': 'create', 'id': '83c2a5d6-c5d7-4f20-a4e9-7a879f27aae3', 'slug': 'svoi-whiteeth-esthetic-dentistry'}

[30/50] Dr. Gary Reznik
  svoi: webs=1 phones=1 addr=2015 Old Emmorton Road
  website keys: ['address_line', 'city', 'description', 'facebook_url', 'phones', 'postal_code', 'state_code']
  fill keys: ['address_line', 'city', 'google_maps_url', 'location_precision', 'phone', 'postal_code', 'state_code', 'website']
  recommendation updated
  publish: {'entity': 'business', 'action': 'create', 'id': '1e20ec54-850e-478d-b2b9-9bd1f92f4101', 'slug': 'svoi-dr-gary-reznik'}

[31/50] Dr. Malikova, Galina
  svoi: webs=0 phones=1 addr=600 Reisterstown Road
  no company website
  fill keys: ['address_line', 'city', 'google_maps_url', 'location_precision', 'phone', 'postal_code', 'state_code']
  recommendation updated
  publish: {'entity': 'business', 'action': 'create', 'id': 'ac27c548-24b2-40ba-969d-aa590a29f42b', 'slug': 'svoi-dr-malikova-galina'}

[32/50] Dr. Elena Lubman, OB/GYN
  svoi: webs=0 phones=1 addr=23 Crossroads Drive
  no company website
  fill keys: ['address_line', 'city', 'google_maps_url', 'location_precision', 'phone', 'postal_code', 'state_code']
  recommendation updated
  publish: {'entity': 'business', 'action': 'create', 'id': 'b89c22c9-c755-46e3-b0bf-ee33e014b296', 'slug': 'svoi-dr-elena-lubman-ob-gyn'}

[33/50] Eleonora Gokoyeva, MD / MedStar Health
  svoi: webs=1 phones=2 addr=200 E 33rd Street
  website keys: ['description', 'emails', 'facebook_url', 'instagram_url']
  fill keys: ['address_line', 'city', 'email', 'google_maps_url', 'instagram_url', 'location_precision', 'phone', 'website']
  recommendation updated
  publish: {'entity': 'professional', 'action': 'create', 'id': 'e3abe23f-85c0-4baf-8101-29ec68a917e7', 'slug': 'svoi-eleonora-gokoyeva-md-medstar-health'}

[34/50] Доктор Олег Шпак
  svoi: webs=1 phones=2 addr=9470 Annapolis Road
  no company website
  fill keys: ['address_line', 'city', 'google_maps_url', 'location_precision', 'phone']
  recommendation updated
  publish: {'entity': 'professional', 'action': 'create', 'id': '41219e99-5eb1-4dfa-af2d-90b9096a82a4', 'slug': 'svoi-biz-15'}

[35/50] Виталий Брейзер доктор
  svoi: webs=0 phones=1 addr=3655 Old Court Road
  no company website
  fill keys: ['address_line', 'city', 'google_maps_url', 'location_precision', 'phone']
  recommendation updated
  publish: {'entity': 'professional', 'action': 'create', 'id': 'cb24984c-6dc8-49ce-ade8-d8dac1b5564f', 'slug': 'svoi-biz-16'}

[36/50] Dr. Alexander Pokov
  svoi: webs=0 phones=1 addr=6821 Reisterstown Road
  no company website
  fill keys: ['address_line', 'city', 'google_maps_url', 'location_precision', 'phone', 'postal_code', 'state_code']
  recommendation updated
  publish: {'entity': 'professional', 'action': 'create', 'id': '3c74ff05-c14b-47bc-8784-dd05aa1bc4b1', 'slug': 'svoi-dr-alexander-pokov'}

[37/50] Dr. Gruen, Richard
  svoi: webs=0 phones=1 addr=10 Crossroads Drive
  no company website
  fill keys: ['address_line', 'city', 'google_maps_url', 'location_precision', 'phone', 'postal_code', 'state_code']
  recommendation updated
  publish: {'entity': 'business', 'action': 'create', 'id': '8a5fabc7-89be-47bb-9ecd-70042ef872cd', 'slug': 'svoi-dr-gruen-richard'}

[38/50] Eye to Eye in Timonium
  svoi: webs=0 phones=1 addr=1819 York Road
  no company website
  fill keys: ['address_line', 'city', 'google_maps_url', 'location_precision', 'phone', 'state_code']
  recommendation updated
  publish: {'entity': 'business', 'action': 'create', 'id': '1f4bc6ae-3c7e-469e-b40c-0bab0ecb160e', 'slug': 'svoi-eye-to-eye-in-timonium'}

[39/50] Charm City Optical Ctr
  svoi: webs=0 phones=1 addr=6412 Reisterstown Road
  no company website
  fill keys: ['address_line', 'city', 'google_maps_url', 'location_precision', 'phone', 'postal_code', 'state_code']
  recommendation updated
  publish: {'entity': 'business', 'action': 'create', 'id': 'adbda078-f9c7-4a39-93f0-05421ff9b8b4', 'slug': 'svoi-charm-city-optical-ctr'}

[40/50] Advanced Physical Therapy, LLC
  svoi: webs=0 phones=1 addr=4000 Old Court Road
  no company website
  fill keys: ['address_line', 'city', 'google_maps_url', 'location_precision', 'phone', 'postal_code', 'state_code']
  recommendation updated
  publish: {'entity': 'business', 'action': 'create', 'id': 'b4ae04a1-494a-4fc7-a31c-70a7ed5552aa', 'slug': 'svoi-advanced-physical-therapy-llc'}

[41/50] Ruxton Health & Rehabilitation Center
  svoi: webs=0 phones=1 addr=7 Sudbrook Lane
  no company website
  fill keys: ['address_line', 'city', 'google_maps_url', 'location_precision', 'phone', 'postal_code', 'state_code']
  recommendation updated
  publish: {'entity': 'business', 'action': 'create', 'id': 'a88bd3dd-a474-4bdf-b587-8d110689297a', 'slug': 'svoi-ruxton-health-rehabilitation-center'}

[42/50] Татьяна Абрамова, Борис Абрамов
  svoi: webs=0 phones=2 addr=114 Slade Avenue
  no company website
  fill keys: ['address_line', 'city', 'google_maps_url', 'location_precision', 'phone']
  recommendation updated
  publish: {'entity': 'business', 'action': 'create', 'id': '1b152011-e3da-463f-b37e-aebaea841aa9', 'slug': 'svoi-biz-71'}

[43/50] HEALTH WAY PHARMACY
  svoi: webs=1 phones=2 addr=1503 Bedford Avenue
  no company website
  fill keys: ['address_line', 'city', 'google_maps_url', 'location_precision', 'phone', 'postal_code', 'state_code']
  recommendation updated
  publish: {'entity': 'business', 'action': 'create', 'id': '2a25fc9d-a3ec-403d-b3e6-3a3fd6e5669b', 'slug': 'svoi-health-way-pharmacy'}

[44/50] Pikesville Pharmacy-MD
  svoi: webs=0 phones=1 addr=201 Reisterstown Road
  no company website
  fill keys: ['address_line', 'city', 'google_maps_url', 'location_precision', 'phone', 'postal_code', 'state_code']
  recommendation updated
  publish: {'entity': 'business', 'action': 'create', 'id': '69576686-5500-4d1a-9ee7-ffeea373adeb', 'slug': 'svoi-pikesville-pharmacy-md'}

[45/50] B.W. Medical Supply, Inc
  svoi: webs=1 phones=4 addr=10556 Metropolitan Avenue
  website keys: ['emails', 'facebook_url', 'opening_hours']
  fill keys: ['address_line', 'city', 'email', 'google_maps_url', 'location_precision', 'opening_hours', 'phone', 'postal_code', 'state_code', 'website']
  recommendation updated
  publish: {'entity': 'business', 'action': 'create', 'id': '8e4b21ce-6737-4823-bfa2-91ca83873ad6', 'slug': 'svoi-b-w-medical-supply-inc'}

[46/50] American Home Care Equipment
  svoi: webs=1 phones=1 addr=11460 Cherry Hill Road
  no company website
  fill keys: ['address_line', 'city', 'google_maps_url', 'location_precision', 'phone', 'postal_code', 'state_code']
  recommendation updated
  publish: {'entity': 'business', 'action': 'create', 'id': 'd8d99f4c-4e72-4307-b446-52c98c578a63', 'slug': 'svoi-american-home-care-equipment'}

[47/50] Modern Medical Supply
  svoi: webs=0 phones=1 addr=11610 Reisterstown Road
  no company website
  fill keys: ['address_line', 'city', 'google_maps_url', 'location_precision', 'phone', 'postal_code', 'state_code']
  recommendation updated
  publish: {'entity': 'business', 'action': 'create', 'id': '04a0dc4b-024d-4948-baff-75978cff2fe2', 'slug': 'svoi-modern-medical-supply'}

[48/50] Euro-Tech
  svoi: webs=0 phones=2 addr=5937 Belair Road
  no company website
  fill keys: ['address_line', 'city', 'google_maps_url', 'location_precision', 'phone', 'postal_code', 'state_code']
  recommendation updated
  publish: {'entity': 'business', 'action': 'create', 'id': '8e3fcf95-42cf-401f-b4c8-d5b6a079c44f', 'slug': 'svoi-euro-tech'}

[49/50] Meineke Car Care
  svoi: webs=1 phones=2 addr=8027 Snouffer School Road
  website keys: []
  fill keys: ['address_line', 'city', 'google_maps_url', 'location_precision', 'phone', 'state_code', 'website']
  recommendation updated
  publish: {'entity': 'business', 'action': 'create', 'id': '2b3ba75f-0624-4085-a91b-915710b82401', 'slug': 'svoi-meineke-car-care'}

[50/50] Darcars Mazda
  svoi: webs=1 phones=2 addr=12214 Cherry Hill Road
  no company website
  fill keys: ['address_line', 'city', 'google_maps_url', 'location_precision', 'phone', 'state_code']
  recommendation updated
  publish: {'entity': 'business', 'action': 'create', 'id': '47841533-c238-4c3f-a5ae-17860039c701', 'slug': 'svoi-darcars-mazda'}

Done. enriched=50 with_address=48 published=48 report=/Users/sammov/Russian business AI/scripts/business-enrich/data/svoi_enrich/batch_20260727T032901Z.json
Last targets=50 exit=0

===== ROUND 14 2026-07-27T03:29:01Z =====
targets=50 dry_run=False publish=True places=True publish_enriched=False

[1/50] GT Performance Inc.
  svoi: webs=1 phones=1 addr=2113 Columbia Park Drive
  website keys: []
  places: error
  places quota exhausted — continuing without Places
  fill keys: ['address_line', 'city', 'google_maps_url', 'location_precision', 'phone', 'postal_code', 'state_code', 'website']
  recommendation updated
  publish: {'entity': 'business', 'action': 'create', 'id': '5d998fbb-ddc9-44a8-9424-da1970473aa2', 'slug': 'svoi-gt-performance-inc'}

[2/50] Access Driving Academy
  svoi: webs=1 phones=5 addr=3460 Olney Laytonsville Road
  website error: <urlopen error [Errno 8] nodename nor servname provided, or not known>
  fill keys: ['address_line', 'city', 'google_maps_url', 'location_precision', 'phone', 'postal_code', 'state_code', 'website']
  recommendation updated
  publish: {'entity': 'business', 'action': 'create', 'id': '171c163c-a6f8-4d3f-9436-0cdb3f5a6164', 'slug': 'svoi-access-driving-academy'}

[3/50] Nataly Transportation
  svoi: webs=0 phones=1 addr=7 Tartan Court
  no company website
  fill keys: ['address_line', 'city', 'google_maps_url', 'location_precision', 'phone', 'postal_code', 'state_code']
  recommendation updated
  publish: {'entity': 'business', 'action': 'create', 'id': '01c4e55e-7cc0-418a-a1c2-e24abc1973af', 'slug': 'svoi-nataly-transportation'}

[4/50] V and L Van Services Co Inc
  svoi: webs=0 phones=1 addr=7620 Carla Road
  no company website
  fill keys: ['address_line', 'city', 'google_maps_url', 'location_precision', 'phone', 'postal_code', 'state_code']
  recommendation updated
  publish: {'entity': 'business', 'action': 'create', 'id': '32f14ced-a576-4360-9dda-cf1c40b1af21', 'slug': 'svoi-v-and-l-van-services-co-inc'}

[5/50] Sky Star Inc.
  svoi: webs=1 phones=1 addr=Baltimore
  weak address skipped: Baltimore
  website error: <urlopen error [Errno 8] nodename nor servname provided, or not known>
  fill keys: ['city', 'google_maps_url', 'phone', 'website']
  recommendation updated
  skip publish (entity=business, street=False)

[6/50] Простоквашино
  svoi: webs=1 phones=2 addr=5412 Marlin Street
  website keys: ['emails']
  fill keys: ['address_line', 'city', 'email', 'google_maps_url', 'location_precision', 'phone', 'postal_code', 'state_code', 'website']
  recommendation updated
  publish: {'entity': 'business', 'action': 'create', 'id': 'bef72c9d-9c94-431d-a46a-064d3b001005', 'slug': 'svoi-biz-72'}

[7/50] Russian Maryland Cultural Center (RMCC) Matryoshka
  svoi: webs=1 phones=1 addr=6151 Day Long Lane
  no company website
  fill keys: ['address_line', 'city', 'google_maps_url', 'location_precision', 'phone', 'state_code']
  recommendation updated
  publish: {'entity': 'business', 'action': 'create', 'id': 'f6d74573-4a0b-4f88-b247-46314017531f', 'slug': 'svoi-russian-maryland-cultural-center-rmcc-matryoshka'}

[8/50] Emilia's Acrobatics & Gymnastics Training Center
  svoi: webs=1 phones=3 addr=9525 Berger Road
  website keys: ['address_line', 'city', 'description', 'emails', 'facebook_url', 'instagram_url', 'opening_hours', 'phones', 'postal_code', 'state_code']
  fill keys: ['address_line', 'city', 'email', 'google_maps_url', 'instagram_url', 'location_precision', 'opening_hours', 'phone', 'postal_code', 'state_code', 'website']
  recommendation updated
  publish: {'entity': 'business', 'action': 'create', 'id': '85a5a428-1197-4ba7-94de-f10194431fa0', 'slug': 'svoi-emilia-s-acrobatics-gymnastics-training-center'}

[9/50] Lebowitz & Mzhen
  svoi: webs=1 phones=1 addr=9 Park Center Ct
  website keys: ['address_line', 'city', 'facebook_url', 'phones', 'postal_code', 'state_code']
  fill keys: ['address_line', 'city', 'google_maps_url', 'location_precision', 'phone', 'postal_code', 'state_code', 'website']
  recommendation updated
  publish: {'entity': 'business', 'action': 'create', 'id': '50087291-1820-4ccb-95cd-49b29d35c3a3', 'slug': 'svoi-lebowitz-mzhen'}

[10/50] Long & Foster Realtors
  svoi: webs=1 phones=1 addr=8737 COLESVILLE RD
  website error: HTTP Error 403: Forbidden
  fill keys: ['address_line', 'city', 'google_maps_url', 'location_precision', 'phone', 'postal_code', 'state_code', 'website']
  recommendation updated
  publish: {'entity': 'business', 'action': 'create', 'id': '0ca228c2-d63a-41cf-b6b1-71a049408093', 'slug': 'svoi-long-foster-realtors'}

[11/50] AmericanRealtor - Vitaly Petrov
  svoi: webs=1 phones=3 addr=1600 Elton Road
  website keys: []
  fill keys: ['address_line', 'city', 'google_maps_url', 'location_precision', 'phone', 'website']
  recommendation updated
  publish: {'entity': 'business', 'action': 'create', 'id': 'cc9c58e0-ea93-464a-851c-0b1eeed71ecd', 'slug': 'svoi-americanrealtor-vitaly-petrov'}

[12/50] Long & Foster Real Estate, Inc.
  svoi: webs=0 phones=1 addr=321 Main Street
  no company website
  fill keys: ['address_line', 'city', 'google_maps_url', 'location_precision', 'phone', 'postal_code', 'state_code']
  recommendation updated
  publish: {'entity': 'business', 'action': 'create', 'id': 'bee8ee31-d394-4461-9676-730537cc58cc', 'slug': 'svoi-long-foster-real-estate-inc'}

[13/50] Electric Contractor- Armelcom
  svoi: webs=1 phones=1 addr=4611 Coachway
  website keys: ['emails', 'facebook_url', 'opening_hours', 'phones', 'yelp_url']
  fill keys: ['address_line', 'city', 'email', 'google_maps_url', 'location_precision', 'opening_hours', 'phone', 'postal_code', 'state_code', 'website', 'yelp_url']
  recommendation updated
  publish: {'entity': 'business', 'action': 'create', 'id': '91f91f5d-0ee6-47e6-a513-05ffb0de830c', 'slug': 'svoi-electric-contractor-armelcom'}

[14/50] Patriot Electric
  svoi: webs=0 phones=1 addr=238 Chartley Drive
  no company website
  fill keys: ['address_line', 'city', 'google_maps_url', 'location_precision', 'phone']
  recommendation updated
  publish: {'entity': 'business', 'action': 'create', 'id': '647df8e7-86ae-4eaf-8198-6a7013aaf060', 'slug': 'svoi-patriot-electric'}

[15/50] Kolb Electric
  svoi: webs=1 phones=3 addr=6774 Dorsey Road
  website keys: ['address_line', 'city', 'description', 'facebook_url', 'phones', 'postal_code', 'state_code']
  fill keys: ['address_line', 'city', 'google_maps_url', 'location_precision', 'phone', 'postal_code', 'state_code', 'website']
  recommendation updated
  publish: {'entity': 'business', 'action': 'create', 'id': '4a4e54d0-713d-4ed3-b889-9d0588196144', 'slug': 'svoi-kolb-electric'}

[16/50] Edward's Heating and Air Conditioning
  svoi: webs=0 phones=1 addr=12132 Velvet Hill Drive
  no company website
  fill keys: ['address_line', 'city', 'google_maps_url', 'location_precision', 'phone']
  recommendation updated
  publish: {'entity': 'business', 'action': 'create', 'id': '55208dfa-8da2-49d1-98f1-e5cc2a36f913', 'slug': 'svoi-edward-s-heating-and-air-conditioning'}

[17/50] Susanna Salon & Spa
  svoi: webs=1 phones=4 addr=1334 East Gude Drive
  website error: <urlopen error [Errno 8] nodename nor servname provided, or not known>
  fill keys: ['address_line', 'city', 'google_maps_url', 'location_precision', 'phone', 'postal_code', 'state_code', 'website']
  recommendation updated
  publish: {'entity': 'business', 'action': 'create', 'id': '06c42611-815b-4d6f-9928-5cfc4c560bb9', 'slug': 'svoi-susanna-salon-spa'}

[18/50] Hair Systems
  svoi: webs=1 phones=2 addr=5214 Randolph Road
  no company website
  fill keys: ['address_line', 'city', 'google_maps_url', 'location_precision', 'phone', 'state_code']
  recommendation updated
  publish: {'entity': 'professional', 'action': 'create', 'id': '2367ff7e-eeff-4900-86b4-8d659803c302', 'slug': 'svoi-hair-systems'}

[19/50] Enigma Day Spa & Welness
  svoi: webs=1 phones=1 addr=Millersville
  weak address skipped: Millersville
  website error: <urlopen error [Errno 8] nodename nor servname provided, or not known>
  fill keys: ['city', 'google_maps_url', 'phone', 'website']
  recommendation updated
  publish: {'entity': 'professional', 'action': 'create', 'id': '744c6165-d6a6-4468-9e93-8999fc51cd47', 'slug': 'svoi-enigma-day-spa-welness'}

[20/50] Ирина
  svoi: webs=0 phones=1 addr=11 Warren Road
  no company website
  fill keys: ['address_line', 'city', 'google_maps_url', 'location_precision', 'phone', 'state_code']
  recommendation updated
  publish: {'entity': 'business', 'action': 'create', 'id': '5aed61d1-068f-4100-88f3-e8cbf730c31c', 'slug': 'svoi-biz-73'}

[21/50] Русскоговорящий страховой агент Игорь Черняк
  svoi: webs=0 phones=2 addr=18213 Flower Hill Way
  no company website
  fill keys: ['address_line', 'city', 'google_maps_url', 'location_precision', 'phone', 'postal_code', 'state_code']
  recommendation updated
  publish: {'entity': 'business', 'action': 'create', 'id': '677b4a52-913a-4b2f-847c-01bf5d54e344', 'slug': 'svoi-biz-74'}

[22/50] Central Atlantic Insurance Agency
  svoi: webs=0 phones=1 addr=11710 Reisterstown Road
  no company website
  fill keys: ['address_line', 'city', 'google_maps_url', 'location_precision', 'phone', 'postal_code', 'state_code']
  recommendation updated
  publish: {'entity': 'business', 'action': 'create', 'id': 'e111baa2-d7e4-4d8e-8152-a27bb9e9ead5', 'slug': 'svoi-central-atlantic-insurance-agency'}

[23/50] Jeffrey Griffin - - Reisterstown Insurance Agent
  svoi: webs=0 phones=1 addr=11710 Reisterstown Road
  no company website
  fill keys: ['address_line', 'city', 'google_maps_url', 'location_precision', 'phone', 'postal_code', 'state_code']
  recommendation updated
  publish: {'entity': 'business', 'action': 'create', 'id': 'b87d984e-babd-409f-8338-0cd711428ca8', 'slug': 'svoi-jeffrey-griffin-reisterstown-insurance-agent'}

[24/50] A and A Travel - Anna Toporovsky
  svoi: webs=1 phones=2 addr=Millersville
  weak address skipped: Millersville
  website keys: ['emails']
  fill keys: ['city', 'email', 'google_maps_url', 'phone', 'website']
  recommendation updated
  skip publish (entity=business, street=False)

[25/50] Marshrutka
  svoi: webs=1 phones=3 addr=Millersville
  weak address skipped: Millersville
  website keys: []
  fill keys: ['city', 'google_maps_url', 'phone', 'website']
  recommendation updated
  skip publish (entity=business, street=False)

[26/50] Компания Vera's Co
  svoi: webs=0 phones=1 addr=Millersville
  weak address skipped: Millersville
  no company website
  fill keys: ['city', 'google_maps_url', 'phone']
  recommendation updated
  skip publish (entity=business, street=False)

[27/50] Переводчик и нотариус Shell Enterprises
  svoi: webs=0 phones=3 addr=939 Cromwell Bridge Road
  no company website
  fill keys: ['address_line', 'city', 'google_maps_url', 'location_precision', 'phone', 'postal_code', 'state_code']
  recommendation updated
  publish: {'entity': 'professional', 'action': 'create', 'id': '3e642786-ced2-40e9-8e1c-c46187004534', 'slug': 'svoi-shell-enterprises'}

[28/50] Инна Браславская
  svoi: webs=0 phones=1 addr=Baltimore
  weak address skipped: Baltimore
  no company website
  fill keys: ['city', 'google_maps_url', 'phone']
  recommendation updated
  skip publish (entity=business, street=False)

[29/50] Russian/English Language Tutor/Interpreter/Translator
  svoi: webs=0 phones=1 addr=Baltimore
  weak address skipped: Baltimore
  no company website
  fill keys: ['city', 'google_maps_url', 'phone']
  recommendation updated
  skip publish (entity=business, street=False)

[30/50] Unified Moving Services
  svoi: webs=1 phones=5 addr=2013 Beaver Rd
  website keys: []
  fill keys: ['address_line', 'city', 'google_maps_url', 'location_precision', 'phone', 'postal_code', 'state_code', 'website']
  recommendation updated
  publish: {'entity': 'business', 'action': 'create', 'id': 'd350078c-4f8e-4b56-88b6-826de61bb5c7', 'slug': 'svoi-unified-moving-services'}

[31/50] Advance Relocation
  svoi: webs=1 phones=3 addr=Millersville
  weak address skipped: Millersville
  website keys: ['address_line', 'description', 'emails', 'facebook_url', 'instagram_url', 'phones', 'postal_code']
  fill keys: ['address_line', 'city', 'email', 'google_maps_url', 'instagram_url', 'location_precision', 'phone', 'postal_code', 'website']
  recommendation updated
  publish: {'entity': 'business', 'action': 'create', 'id': '937a1b17-095b-4436-bfa3-869c2c8ad228', 'slug': 'svoi-advance-relocation'}

[32/50] Braun Moving
  svoi: webs=0 phones=1 addr=11717 Greenspring Avenue
  no company website
  fill keys: ['address_line', 'city', 'google_maps_url', 'location_precision', 'phone', 'state_code']
  recommendation updated
  publish: {'entity': 'business', 'action': 'create', 'id': '280cccd9-a46a-4bbc-a980-29ae21548c72', 'slug': 'svoi-braun-moving'}

[33/50] Wedding and Evening Gowns
  svoi: webs=0 phones=1 addr=21204 Owings Mills Boulevard
  no company website
  fill keys: ['address_line', 'city', 'google_maps_url', 'location_precision', 'phone', 'state_code']
  recommendation updated
  publish: {'entity': 'business', 'action': 'create', 'id': '1ad10769-7e19-45da-8d0c-fdd668900912', 'slug': 'svoi-wedding-and-evening-gowns'}

[34/50] Luda's Tailoring
  svoi: webs=0 phones=1 addr=25 Hooks Lane
  no company website
  fill keys: ['address_line', 'city', 'google_maps_url', 'location_precision', 'phone', 'state_code']
  recommendation updated
  publish: {'entity': 'business', 'action': 'create', 'id': '313a07b8-468b-42ea-828f-0a315935a1ed', 'slug': 'svoi-luda-s-tailoring'}

[35/50] Zinaida Shvartsman
  svoi: webs=0 phones=1 addr=3 Willwood Court
  no company website
  fill keys: ['address_line', 'city', 'google_maps_url', 'location_precision', 'phone', 'state_code']
  recommendation updated
  publish: {'entity': 'business', 'action': 'create', 'id': '29b82cfb-84a6-4cbb-89ba-04bbc7d629e7', 'slug': 'svoi-zinaida-shvartsman'}

[36/50] Dave's Portrait Studio
  svoi: webs=0 phones=1 addr=914 East-West Highway
  no company website
  fill keys: ['address_line', 'city', 'google_maps_url', 'location_precision', 'phone', 'state_code']
  recommendation updated
  publish: {'entity': 'business', 'action': 'create', 'id': '187a1107-64f3-4ebd-9be1-db109563307c', 'slug': 'svoi-dave-s-portrait-studio'}

[37/50] Oleg's Video & Photo
  svoi: webs=0 phones=1 addr=Millersville
  weak address skipped: Millersville
  no company website
  fill keys: ['city', 'google_maps_url', 'phone']
  recommendation updated
  skip publish (entity=business, street=False)

[38/50] Photography by Katya Chilingiri
  svoi: webs=1 phones=2 addr=Millersville
  weak address skipped: Millersville
  website error: HTTP Error 409: Conflict
  fill keys: ['city', 'google_maps_url', 'phone', 'website']
  recommendation updated
  skip publish (entity=business, street=False)

[39/50] Alexander Shvartsman
  svoi: webs=0 phones=1 addr=3763 Stepping Stone Lane
  no company website
  fill keys: ['address_line', 'city', 'google_maps_url', 'location_precision', 'phone', 'postal_code', 'state_code']
  recommendation updated
  publish: {'entity': 'business', 'action': 'create', 'id': '6a60cb1d-4cea-48da-a381-d3559a5249b5', 'slug': 'svoi-alexander-shvartsman'}

[40/50] Александр Турецкий / Alexander Turetsky, C.P.A. candidate
  svoi: webs=0 phones=1 addr=Baltimore
  weak address skipped: Baltimore
  no company website
  fill keys: ['city', 'google_maps_url', 'phone']
  recommendation updated
  skip publish (entity=business, street=False)

[41/50] Irina Spector-Kantorovich Chief Executive Officer
  svoi: webs=0 phones=1 addr=4 Park Center Court
  no company website
  fill keys: ['address_line', 'city', 'google_maps_url', 'location_precision', 'phone', 'postal_code', 'state_code']
  recommendation updated
  publish: {'entity': 'business', 'action': 'create', 'id': '7f0df287-6fd3-40b3-a603-eec1b11e93ff', 'slug': 'svoi-irina-spector-kantorovich-chief-executive-office'}

[42/50] CIC Wealth
  svoi: webs=0 phones=1 addr=25 Crossroads Drive
  no company website
  fill keys: ['address_line', 'city', 'google_maps_url', 'location_precision', 'phone', 'postal_code', 'state_code']
  recommendation updated
  publish: {'entity': 'business', 'action': 'create', 'id': '03fe5cfb-9eba-4c68-9ca0-31994ddb605e', 'slug': 'svoi-cic-wealth'}

[43/50] Алекс Гузман
  svoi: webs=0 phones=1 addr=107 Sudbrook Lane
  no company website
  fill keys: ['address_line', 'city', 'google_maps_url', 'location_precision', 'phone', 'postal_code', 'state_code']
  recommendation updated
  publish: {'entity': 'business', 'action': 'create', 'id': '6020c3af-0ace-4128-a37f-4f3bb1b85f04', 'slug': 'svoi-biz-75'}

[44/50] Currency Exchange International
  svoi: webs=0 phones=1 addr=7000 Arundel Mills Circle
  no company website
  fill keys: ['address_line', 'city', 'google_maps_url', 'location_precision', 'phone', 'state_code']
  recommendation updated
  publish: {'entity': 'business', 'action': 'create', 'id': '4ace5f98-e5b1-484a-81b8-6ca5572808b4', 'slug': 'svoi-currency-exchange-international'}

[45/50] Магазин International Beer, Wine and Deli
  svoi: webs=0 phones=1 addr=912 East-West Highway
  no company website
  fill keys: ['address_line', 'city', 'google_maps_url', 'location_precision', 'phone', 'state_code']
  recommendation updated
  publish: {'entity': 'business', 'action': 'create', 'id': '0ea46775-2150-456c-b940-7a4f3b9aaeef', 'slug': 'svoi-international-beer-wine-and-deli'}

[46/50] Global Gourmet
  svoi: webs=0 phones=1 addr=128 Chartley Drive
  no company website
  fill keys: ['address_line', 'city', 'google_maps_url', 'location_precision', 'phone', 'postal_code', 'state_code']
  recommendation updated
  publish: {'entity': 'business', 'action': 'create', 'id': 'ee98f826-6efa-4478-8390-2925cd0c2f4f', 'slug': 'svoi-global-gourmet'}

[47/50] Synopsys - Ludmila Klimkina
  svoi: webs=1 phones=1 addr=10440 Little Patuxent Parkway Suite 300
  website keys: ['description', 'facebook_url', 'instagram_url']
  fill keys: ['address_line', 'city', 'google_maps_url', 'instagram_url', 'location_precision', 'phone', 'state_code', 'website']
  recommendation updated
  publish: {'entity': 'business', 'action': 'create', 'id': '9c1e56f9-a6ff-4385-b396-4b74c9caa73e', 'slug': 'svoi-synopsys-ludmila-klimkina'}

[48/50] Магазин Miki's Treasures
  svoi: webs=1 phones=4 addr=1532 Liberty Road
  website keys: ['description', 'facebook_url']
  fill keys: ['address_line', 'city', 'google_maps_url', 'location_precision', 'phone', 'state_code', 'website']
  recommendation updated
  publish: {'entity': 'business', 'action': 'create', 'id': '8dfef510-ce2e-456b-9458-3ee4ff588765', 'slug': 'svoi-miki-s-treasures'}

[49/50] Rukodelnitsa Club
  svoi: webs=0 phones=1 addr=552 Kennington Road
  no company website
  fill keys: ['address_line', 'city', 'google_maps_url', 'location_precision', 'phone', 'state_code']
  recommendation updated
  publish: {'entity': 'business', 'action': 'create', 'id': 'd6668bea-79de-48e9-abba-ad699c348237', 'slug': 'svoi-rukodelnitsa-club'}

[50/50] Antony Jewelers
  svoi: webs=1 phones=1 addr=9720 Groffs Mill Dr
  website keys: ['address_line', 'city', 'description', 'facebook_url', 'instagram_url', 'phones', 'postal_code', 'state_code']
  fill keys: ['address_line', 'city', 'google_maps_url', 'instagram_url', 'location_precision', 'phone', 'postal_code', 'state_code', 'website']
  recommendation updated
  publish: {'entity': 'business', 'action': 'create', 'id': '4587f880-8d51-4d77-8211-4b32e37c52a2', 'slug': 'svoi-antony-jewelers'}

Done. enriched=50 with_address=40 published=41 report=/Users/sammov/Russian business AI/scripts/business-enrich/data/svoi_enrich/batch_20260727T033200Z.json
Last targets=50 exit=0

===== ROUND 15 2026-07-27T03:32:00Z =====
targets=50 dry_run=False publish=True places=True publish_enriched=False

[1/50] Szechuan Wok
  svoi: webs=0 phones=1 addr=11714 Reisterstown Road
  no company website
  places: error
  places quota exhausted — continuing without Places
  fill keys: ['address_line', 'city', 'google_maps_url', 'location_precision', 'phone', 'postal_code', 'state_code']
  recommendation updated
  publish: {'entity': 'business', 'action': 'create', 'id': '9b0f2abb-bbaf-4828-9e19-ff14b1c8610c', 'slug': 'svoi-szechuan-wok'}

[2/50] Kavkaz Kebab
  svoi: webs=1 phones=1 addr=10902 Boulevard Circle
  website error: <urlopen error [Errno 8] nodename nor servname provided, or not known>
  fill keys: ['address_line', 'city', 'google_maps_url', 'location_precision', 'phone', 'postal_code', 'state_code', 'website']
  recommendation updated
  publish: {'entity': 'professional', 'action': 'create', 'id': '945f7ae1-3948-4e84-9f7b-d28df552edcd', 'slug': 'svoi-kavkaz-kebab'}

[3/50] Jumbo Seafood
  svoi: webs=1 phones=1 addr=48 East Sudbrook Lane
  website keys: []
  fill keys: ['address_line', 'city', 'google_maps_url', 'location_precision', 'phone', 'state_code', 'website']
  recommendation updated
  publish: {'entity': 'business', 'action': 'create', 'id': 'fbf49fb7-6ca1-4ad7-8a92-0c0d8c4ef5ea', 'slug': 'svoi-jumbo-seafood'}

[4/50] Ольга Голдина / художник по керамике
  svoi: webs=1 phones=2 addr=206 Sacred Heart Lane
  website keys: []
  fill keys: ['address_line', 'city', 'google_maps_url', 'location_precision', 'phone', 'postal_code', 'state_code', 'website']
  recommendation updated
  publish: {'entity': 'business', 'action': 'create', 'id': '5b40460d-f0ec-494e-a611-7a0f7d7307f0', 'slug': 'svoi-biz-76'}

[5/50] Елена Таланова - AquaSafe Pool Management, Inc.
  svoi: webs=1 phones=1 addr=7466 New Ridge Road
  website keys: ['description', 'facebook_url', 'instagram_url']
  fill keys: ['address_line', 'city', 'google_maps_url', 'instagram_url', 'location_precision', 'phone', 'website']
  recommendation updated
  publish: {'entity': 'business', 'action': 'create', 'id': '2df101bd-0006-480b-87d0-0b638ab86a68', 'slug': 'svoi-aquasafe-pool-management-inc'}

[6/50] Rainbow Adult Day Health Care Center
  svoi: webs=1 phones=5 addr=4001 Seven Mile Lane
  website error: <urlopen error [Errno 8] nodename nor servname provided, or not known>
  fill keys: ['address_line', 'city', 'google_maps_url', 'location_precision', 'phone', 'postal_code', 'state_code', 'website']
  recommendation updated
  publish: {'entity': 'business', 'action': 'create', 'id': 'c35dffdb-eb62-408a-aa06-32d6b002783b', 'slug': 'svoi-rainbow-adult-day-health-care-center'}

[7/50] Family Dentistry of Forsyth
  svoi: webs=0 phones=1 addr=3130 Mathis Airport Parkway
  no company website
  fill keys: ['address_line', 'city', 'google_maps_url', 'location_precision', 'phone', 'postal_code', 'state_code']
  recommendation updated
  publish: {'entity': 'business', 'action': 'create', 'id': '285b3e5a-3bbe-4a98-b159-18ca4bc2dd4b', 'slug': 'svoi-family-dentistry-of-forsyth'}

[8/50] Eisenstein Orthodontics
  svoi: webs=1 phones=3 addr=295 Molly Lane
  website error: HTTP Error 404: Not Found
  fill keys: ['address_line', 'city', 'google_maps_url', 'location_precision', 'phone', 'postal_code', 'state_code', 'website']
  recommendation updated
  publish: {'entity': 'business', 'action': 'create', 'id': '7c71913c-e488-4c82-a1d9-a68e54ebd1d0', 'slug': 'svoi-eisenstein-orthodontics'}

[9/50] Dr. Leonid Yelizarov DMD
  svoi: webs=0 phones=1 addr=11925 Jones Bridge Road
  no company website
  fill keys: ['address_line', 'city', 'google_maps_url', 'location_precision', 'phone', 'postal_code', 'state_code']
  recommendation updated
  publish: {'entity': 'professional', 'action': 'create', 'id': '28939e93-4546-4268-993d-55cd3bcad421', 'slug': 'svoi-dr-leonid-yelizarov-dmd'}

[10/50] Alpharetta Womens Healthcare
  svoi: webs=0 phones=1 addr=3400 Old Milton Parkway
  no company website
  fill keys: ['address_line', 'city', 'google_maps_url', 'location_precision', 'phone', 'postal_code', 'state_code']
  recommendation updated
  publish: {'entity': 'business', 'action': 'create', 'id': '66c332ac-29ca-418a-b046-d3171e9c5048', 'slug': 'svoi-alpharetta-womens-healthcare'}

[11/50] La Vista Family Medicine: Gorokhov Mikhail E MD
  svoi: webs=0 phones=1 addr=2012 Harobi Drive
  no company website
  fill keys: ['address_line', 'city', 'google_maps_url', 'location_precision', 'phone', 'postal_code', 'state_code']
  recommendation updated
  publish: {'entity': 'professional', 'action': 'create', 'id': '015cd0f6-ed47-4f44-a25e-0db1c9cc81ab', 'slug': 'svoi-la-vista-family-medicine-gorokhov-mikhail-e-md'}

[12/50] Grigoriy Solomon OD at Druid Hills Eyecare
  svoi: webs=0 phones=1 addr=2957 North Druid Hills Road
  no company website
  fill keys: ['address_line', 'city', 'google_maps_url', 'location_precision', 'phone', 'postal_code', 'state_code']
  recommendation updated
  publish: {'entity': 'business', 'action': 'create', 'id': 'd1e9eb3e-3ce8-4a08-9a4b-f0b5808afd19', 'slug': 'svoi-grigoriy-solomon-od-at-druid-hills-eyecare'}

[13/50] International Optics
  svoi: webs=0 phones=1 addr=250 Spring Street Northwest
  no company website
  fill keys: ['address_line', 'city', 'google_maps_url', 'location_precision', 'phone', 'postal_code', 'state_code']
  recommendation updated
  publish: {'entity': 'business', 'action': 'create', 'id': 'defea8a4-0913-4724-a08a-836afb88f58c', 'slug': 'svoi-international-optics'}

[14/50] Nirvana Medspa & Laser Center
  svoi: webs=0 phones=1 addr=4380 Kimball Bridge Road
  no company website
  fill keys: ['address_line', 'city', 'google_maps_url', 'location_precision', 'phone', 'postal_code', 'state_code']
  recommendation updated
  publish: {'entity': 'business', 'action': 'create', 'id': '9ad51522-91fd-4fd3-b1a2-0ee564cab7a4', 'slug': 'svoi-nirvana-medspa-laser-center'}

[15/50] Логопед (Speech-Language Therapy)
  svoi: webs=0 phones=1 addr=North Shallowford Road
  no company website
  fill keys: ['address_line', 'city', 'google_maps_url', 'location_precision', 'phone', 'postal_code', 'state_code']
  recommendation updated
  publish: {'entity': 'business', 'action': 'create', 'id': '6600b74f-fa58-406d-bbe0-6c2fd25c487e', 'slug': 'svoi-speech-language-therapy'}

[16/50] Хиропрактор Дмитрий Середа
  svoi: webs=0 phones=1 addr=855 Mount Vernon Highway Northeast
  no company website
  fill keys: ['address_line', 'city', 'google_maps_url', 'location_precision', 'phone', 'postal_code', 'state_code']
  recommendation updated
  publish: {'entity': 'business', 'action': 'create', 'id': 'ac985f95-22af-4e80-b887-135003750537', 'slug': 'svoi-biz-77'}

[17/50] Resurgens Orthopaedics: Tamara Chachashvili, M.D.
  svoi: webs=0 phones=1 addr=758 Old Norcross Road
  no company website
  fill keys: ['address_line', 'city', 'google_maps_url', 'location_precision', 'phone', 'postal_code', 'state_code']
  recommendation updated
  publish: {'entity': 'business', 'action': 'create', 'id': 'afb21fa8-6a11-4cce-bcbc-05d19cb85321', 'slug': 'svoi-resurgens-orthopaedics-tamara-chachashvili-m-d'}

[18/50] Georgia Clinic
  svoi: webs=1 phones=2 addr=6330 Primrose Hill Court
  website keys: ['phones']
  fill keys: ['address_line', 'city', 'google_maps_url', 'location_precision', 'phone', 'state_code', 'website']
  recommendation updated
  publish: {'entity': 'business', 'action': 'create', 'id': '5b29af2b-000f-42e9-ac38-96860bab24d9', 'slug': 'svoi-georgia-clinic'}

[19/50] KO-AM Gwinnett Medical
  svoi: webs=0 phones=2 addr=6062 Buford Hwy Suite 114 Norcross
  no company website
  fill keys: ['address_line', 'city', 'google_maps_url', 'location_precision', 'phone', 'postal_code', 'state_code']
  recommendation updated
  publish: {'entity': 'business', 'action': 'create', 'id': 'c9ad0623-7cd4-4582-bf91-e99bcccd7ceb', 'slug': 'svoi-ko-am-gwinnett-medical'}

[20/50] Buckhead Pharmacy
  svoi: webs=0 phones=1 addr=2915 Piedmont Road Northeast
  no company website
  fill keys: ['address_line', 'city', 'google_maps_url', 'location_precision', 'phone', 'postal_code', 'state_code']
  recommendation updated
  publish: {'entity': 'business', 'action': 'create', 'id': '1a0aefe9-42d2-4bdb-98dc-f0de3ba1e541', 'slug': 'svoi-buckhead-pharmacy'}

[21/50] S & S Auto Inc
  svoi: webs=0 phones=1 addr=3346 Trickum Road
  no company website
  fill keys: ['address_line', 'city', 'google_maps_url', 'location_precision', 'phone', 'postal_code', 'state_code']
  recommendation updated
  publish: {'entity': 'business', 'action': 'create', 'id': 'fd2da83f-9b3c-4196-8606-3f4d8eee76d3', 'slug': 'svoi-s-s-auto-inc'}

[22/50] Holcomb Auto Inc.
  svoi: webs=0 phones=1 addr=2965 Holcomb Bridge Road
  no company website
  fill keys: ['address_line', 'city', 'google_maps_url', 'location_precision', 'phone', 'postal_code', 'state_code']
  recommendation updated
  publish: {'entity': 'business', 'action': 'create', 'id': 'e2c9cac3-ffba-41f9-93a3-37f97bdf04f8', 'slug': 'svoi-holcomb-auto-inc'}

[23/50] GS Driving School Lilburn
  svoi: webs=0 phones=1 addr=1025 Denham Ln
  no company website
  fill keys: ['address_line', 'city', 'google_maps_url', 'location_precision', 'phone', 'postal_code', 'state_code']
  recommendation updated
  publish: {'entity': 'business', 'action': 'create', 'id': 'efa86854-7305-4cd0-91f1-ef2fec60e5b6', 'slug': 'svoi-gs-driving-school-lilburn'}

[24/50] Автошкола Alex Driving School
  svoi: webs=0 phones=1 addr=Atlanta
  weak address skipped: Atlanta
  no company website
  fill keys: ['city', 'google_maps_url', 'phone']
  recommendation updated
  skip publish (entity=business, street=False)

[25/50] Автошкола - Atlanta
  svoi: webs=0 phones=1 addr=Atlanta
  weak address skipped: Atlanta
  no company website
  fill keys: ['city', 'google_maps_url', 'phone']
  recommendation updated
  skip publish (entity=business, street=False)

[26/50] North Springs UMC Preschool
  svoi: webs=0 phones=1 addr=7770 Roswell Road
  no company website
  fill keys: ['address_line', 'city', 'google_maps_url', 'location_precision', 'phone', 'postal_code', 'state_code']
  recommendation updated
  publish: {'entity': 'business', 'action': 'create', 'id': 'e336550c-c983-436e-ac01-430fd0bd2844', 'slug': 'svoi-north-springs-umc-preschool'}

[27/50] The Goddard School, Atlanta (Buckhead)
  svoi: webs=0 phones=1 addr=3525 Piedmont Road Northeast
  no company website
  fill keys: ['address_line', 'city', 'google_maps_url', 'location_precision', 'phone', 'postal_code', 'state_code']
  recommendation updated
  publish: {'entity': 'business', 'action': 'create', 'id': '72a8699c-3baf-4a80-a3ab-83cc6305edf7', 'slug': 'svoi-the-goddard-school-atlanta-buckhead'}

[28/50] Georgia School of Dental Assisting
  svoi: webs=1 phones=1 addr=1230 Upper Hembree Road
  website keys: ['description', 'facebook_url', 'instagram_url']
  fill keys: ['address_line', 'city', 'google_maps_url', 'instagram_url', 'location_precision', 'phone', 'postal_code', 'state_code', 'website']
  recommendation updated
  publish: {'entity': 'business', 'action': 'create', 'id': '87b4299a-6fc5-482f-b8cf-6b845c018301', 'slug': 'svoi-georgia-school-of-dental-assisting'}

[29/50] Solo School of Fine Arts
  svoi: webs=1 phones=1 addr=1335 Northmeadow Parkway
  website keys: ['description', 'facebook_url']
  fill keys: ['address_line', 'city', 'google_maps_url', 'location_precision', 'phone', 'website']
  recommendation updated
  publish: {'entity': 'business', 'action': 'create', 'id': 'f0393381-63eb-4768-814f-cc1e93f67815', 'slug': 'svoi-solo-school-of-fine-arts'}

[30/50] Школа при Русско-Американской Федерации
  svoi: webs=1 phones=1 addr=1978 Mount Vernon Road
  website error: HTTP Error 404: Not Found
  fill keys: ['address_line', 'city', 'google_maps_url', 'location_precision', 'phone', 'postal_code', 'state_code', 'website']
  recommendation updated
  publish: {'entity': 'business', 'action': 'create', 'id': '0242e164-76aa-4a5b-824c-49b40c7ac571', 'slug': 'svoi-biz-78'}

[31/50] Yelena Grinchuk, Realtor
  svoi: webs=0 phones=1 addr=13720 Freemanville Road
  no company website
  fill keys: ['address_line', 'city', 'google_maps_url', 'location_precision', 'phone', 'postal_code', 'state_code']
  recommendation updated
  publish: {'entity': 'professional', 'action': 'create', 'id': '16eabe33-7374-42ee-a7a4-8a714881f6f1', 'slug': 'svoi-yelena-grinchuk-realtor'}

[32/50] Sandra Churilova at First United Realty
  svoi: webs=0 phones=1 addr=Alfareta
  weak address skipped: Alfareta
  no company website
  fill keys: ['city', 'google_maps_url', 'phone']
  recommendation updated
  skip publish (entity=business, street=False)

[33/50] The Butler/Swayne Team-North Atlanta Real Estate Specialists
  svoi: webs=0 phones=1 addr=11525 Haynes Bridge Road
  no company website
  fill keys: ['address_line', 'city', 'google_maps_url', 'location_precision', 'phone', 'postal_code', 'state_code']
  recommendation updated
  publish: {'entity': 'business', 'action': 'create', 'id': '54f781d2-ce35-4efd-b460-13c5f477b429', 'slug': 'svoi-the-butler-swayne-team-north-atlanta-real-estate'}

[34/50] Vogue Hair Salon
  svoi: webs=1 phones=1 addr=5620 Commerce Boulevard
  website keys: ['address_line', 'city', 'description', 'emails', 'facebook_url', 'instagram_url', 'postal_code', 'state_code']
  fill keys: ['address_line', 'city', 'email', 'google_maps_url', 'instagram_url', 'location_precision', 'phone', 'postal_code', 'state_code', 'website']
  recommendation updated
  publish: {'entity': 'business', 'action': 'create', 'id': 'f27fa413-77c3-45f4-9420-b0887ea5b99e', 'slug': 'svoi-vogue-hair-salon'}

[35/50] Buckhead Grand Spa
  svoi: webs=0 phones=1 addr=3338 Peachtree Road Northeast
  no company website
  fill keys: ['address_line', 'city', 'google_maps_url', 'location_precision', 'phone', 'postal_code', 'state_code']
  recommendation updated
  publish: {'entity': 'business', 'action': 'create', 'id': '06015d36-81ef-421b-ad2f-3d86dc519228', 'slug': 'svoi-buckhead-grand-spa'}

[36/50] Sofiya Derehuz - BeautiControl
  svoi: webs=0 phones=1 addr=Atlanta
  weak address skipped: Atlanta
  no company website
  fill keys: ['city', 'google_maps_url', 'phone']
  recommendation updated
  skip publish (entity=business, street=False)

[37/50] Natalia Kocherinskaya - Fresh Massage Therapy
  svoi: webs=0 phones=1 addr=Atlanta
  weak address skipped: Atlanta
  no company website
  fill keys: ['city', 'google_maps_url', 'phone']
  recommendation updated
  publish: {'entity': 'professional', 'action': 'create', 'id': '25afb22d-e91d-46e8-bc15-5b1d2af1a841', 'slug': 'svoi-natalia-kocherinskaya-fresh-massage-therapy'}

[38/50] Medical Insurances
  svoi: webs=0 phones=4 addr=Kennesaw
  weak address skipped: Kennesaw
  no company website
  fill keys: ['city', 'google_maps_url', 'phone']
  recommendation updated
  skip publish (entity=business, street=False)

[39/50] Sahar Kazemi - Farmers Insurance
  svoi: webs=0 phones=2 addr=10360 Medlock Bridge Rd
  no company website
  fill keys: ['address_line', 'city', 'google_maps_url', 'location_precision', 'phone', 'postal_code', 'state_code']
  recommendation updated
  publish: {'entity': 'business', 'action': 'create', 'id': 'b8baa86e-bf84-45ed-bc5d-fb86ecc7953b', 'slug': 'svoi-sahar-kazemi-farmers-insurance'}

[40/50] Genius Insurance
  svoi: webs=1 phones=1 addr=110 Mansell Circle
  website keys: []
  fill keys: ['address_line', 'city', 'google_maps_url', 'location_precision', 'phone', 'postal_code', 'state_code', 'website']
  recommendation updated
  publish: {'entity': 'business', 'action': 'create', 'id': '71db2c14-ac04-4a11-a92e-5c84a4495f58', 'slug': 'svoi-genius-insurance'}

[41/50] AgentSky.net
  svoi: webs=0 phones=1 addr=1185 Grimes Bridge Road
  no company website
  fill keys: ['address_line', 'city', 'google_maps_url', 'location_precision', 'phone', 'postal_code', 'state_code']
  recommendation updated
  publish: {'entity': 'business', 'action': 'create', 'id': '41607dbb-806c-4b91-af9a-ff32654432ab', 'slug': 'svoi-agentsky-net'}

[42/50] Go to Russia
  svoi: webs=1 phones=1 addr=309 Peters Street Southwest
  website keys: ['emails']
  fill keys: ['address_line', 'city', 'email', 'google_maps_url', 'location_precision', 'phone', 'website']
  recommendation updated
  publish: {'entity': 'business', 'action': 'create', 'id': '643d6a45-b2ea-4535-9ce5-ed632a2b51cf', 'slug': 'svoi-go-to-russia'}

[43/50] Russian Interpreters Network
  svoi: webs=0 phones=1 addr=2834 Rock Bridge Road Northeast
  no company website
  fill keys: ['address_line', 'city', 'google_maps_url', 'location_precision', 'phone', 'postal_code', 'state_code']
  recommendation updated
  publish: {'entity': 'business', 'action': 'create', 'id': '93e72b1f-e57c-4d9e-b215-17dadfe35997', 'slug': 'svoi-russian-interpreters-network'}

[44/50] Екатерина Хамфри - Услуги русско-английского перевода
  svoi: webs=0 phones=2 addr=Atlanta
  weak address skipped: Atlanta
  no company website
  fill keys: ['city', 'google_maps_url', 'phone']
  recommendation updated
  skip publish (entity=business, street=False)

[45/50] I V I Express Inc
  svoi: webs=0 phones=3 addr=4314 Parks Ridge Dr
  no company website
  fill keys: ['address_line', 'city', 'google_maps_url', 'location_precision', 'phone', 'state_code']
  recommendation updated
  publish: {'entity': 'business', 'action': 'create', 'id': '70514d92-ffc0-4e9f-8705-c03a698e4821', 'slug': 'svoi-i-v-i-express-inc'}

[46/50] Status Transportation Atlanta
  svoi: webs=0 phones=1 addr=4851 Georgia Hwy  85
  no company website
  fill keys: ['address_line', 'city', 'google_maps_url', 'location_precision', 'phone', 'postal_code', 'state_code']
  recommendation updated
  publish: {'entity': 'business', 'action': 'create', 'id': 'adf09163-043e-430b-afbc-d2800a12c7fd', 'slug': 'svoi-status-transportation-atlanta'}

[47/50] Vladimir Inc
  svoi: webs=0 phones=1 addr=795 Suwanee Lakes Circle Northwest
  no company website
  fill keys: ['address_line', 'city', 'google_maps_url', 'location_precision', 'phone', 'state_code']
  recommendation updated
  publish: {'entity': 'business', 'action': 'create', 'id': 'f46a94dd-7fef-4981-8df5-b79679572e20', 'slug': 'svoi-vladimir-inc'}

[48/50] Meest South
  svoi: webs=1 phones=1 addr=3851 Holcomb Bridge Road
  website error: <urlopen error [Errno 8] nodename nor servname provided, or not known>
  fill keys: ['address_line', 'city', 'google_maps_url', 'location_precision', 'phone', 'website']
  recommendation updated
  publish: {'entity': 'business', 'action': 'create', 'id': 'fdbd2c76-de35-4edc-bf65-2c2159e9dea8', 'slug': 'svoi-meest-south'}

[49/50] Live IMG Photography
  svoi: webs=1 phones=2 addr=Atlanta
  weak address skipped: Atlanta
  website error: <urlopen error [Errno 8] nodename nor servname provided, or not known>
  fill keys: ['city', 'google_maps_url', 'phone', 'website']
  recommendation updated
  skip publish (entity=business, street=False)

[50/50] Atlanta Tax & Accounting
  svoi: webs=1 phones=2 addr=3235 Satellite Blvd
  website keys: []
  fill keys: ['address_line', 'city', 'google_maps_url', 'location_precision', 'phone', 'postal_code', 'state_code', 'website']
  recommendation updated
  publish: {'entity': 'business', 'action': 'create', 'id': '0062cc36-18a1-4abf-b1ec-f877c9560277', 'slug': 'svoi-atlanta-tax-accounting'}

Done. enriched=50 with_address=42 published=43 report=/Users/sammov/Russian business AI/scripts/business-enrich/data/svoi_enrich/batch_20260727T033441Z.json
Last targets=50 exit=0

===== ROUND 16 2026-07-27T03:34:41Z =====
targets=50 dry_run=False publish=True places=True publish_enriched=False

[1/50] SaveRite Tax and Accounting Service
  svoi: webs=0 phones=1 addr=5425 Peachtree Parkway
  no company website
  places: error
  places quota exhausted — continuing without Places
  fill keys: ['address_line', 'city', 'google_maps_url', 'location_precision', 'phone', 'postal_code', 'state_code']
  recommendation updated
  publish: {'entity': 'business', 'action': 'create', 'id': 'f4dbc1da-bd85-4ddd-b2eb-4b1fb18f2be5', 'slug': 'svoi-saverite-tax-and-accounting-service'}

[2/50] Franklin Accounting & Tax
  svoi: webs=1 phones=2 addr=4864 Jimmy Carter Boulevard
  website keys: ['facebook_url']
  fill keys: ['address_line', 'city', 'google_maps_url', 'location_precision', 'phone', 'postal_code', 'state_code', 'website']
  recommendation updated
  publish: {'entity': 'business', 'action': 'create', 'id': '715e4d8e-53b8-44df-bba0-7566179c0ba0', 'slug': 'svoi-franklin-accounting-tax'}

[3/50] IR S Corporation
  svoi: webs=0 phones=1 addr=3855 Shallowford Road
  no company website
  fill keys: ['address_line', 'city', 'google_maps_url', 'location_precision', 'phone', 'postal_code', 'state_code']
  recommendation updated
  publish: {'entity': 'business', 'action': 'create', 'id': '20fe4a76-cfeb-429f-bb1b-75942dbfd496', 'slug': 'svoi-ir-s-corporation'}

[4/50] Homeland Financial
  svoi: webs=0 phones=1 addr=2030 Beaver Ruin Road
  no company website
  fill keys: ['address_line', 'city', 'google_maps_url', 'location_precision', 'phone', 'postal_code', 'state_code']
  recommendation updated
  publish: {'entity': 'business', 'action': 'create', 'id': '8079d920-4fed-42a5-beb1-e9290bd408fc', 'slug': 'svoi-homeland-financial'}

[5/50] Васильев Виталий
  svoi: webs=0 phones=1 addr=5725 Buford Hwy
  no company website
  fill keys: ['address_line', 'city', 'google_maps_url', 'location_precision', 'phone', 'postal_code', 'state_code']
  recommendation updated
  publish: {'entity': 'business', 'action': 'create', 'id': 'bedafdf1-9d7f-4324-bc3a-31ea589cf502', 'slug': 'svoi-biz-79'}

[6/50] Golden Key European Food Store
  svoi: webs=0 phones=1 addr=2569 Peachtree Pkwy
  no company website
  fill keys: ['address_line', 'city', 'google_maps_url', 'location_precision', 'phone', 'state_code']
  recommendation updated
  publish: {'entity': 'business', 'action': 'create', 'id': 'c5d21f82-6ff6-476e-bfd6-724c6fcd1d5f', 'slug': 'svoi-golden-key-european-food-store'}

[7/50] European Deli and Bakery
  svoi: webs=0 phones=1 addr=11950 Jones Bridge Road
  no company website
  fill keys: ['address_line', 'city', 'google_maps_url', 'location_precision', 'phone', 'state_code']
  recommendation updated
  publish: {'entity': 'business', 'action': 'create', 'id': 'b9437ba2-cd48-422a-b039-687b70336a01', 'slug': 'svoi-european-deli-and-bakery'}

[8/50] Golden Key Lilburn
  svoi: webs=0 phones=1 addr=4760 Lawrenceville Highway
  no company website
  fill keys: ['address_line', 'city', 'google_maps_url', 'location_precision', 'phone', 'postal_code', 'state_code']
  recommendation updated
  publish: {'entity': 'business', 'action': 'create', 'id': 'fb4307a6-c9f5-433d-aa9a-90c5b104cead', 'slug': 'svoi-golden-key-lilburn'}

[9/50] Христианский Книжный Магазин Родник
  svoi: webs=0 phones=1 addr=128 Bear Cave Trail
  no company website
  fill keys: ['address_line', 'city', 'google_maps_url', 'location_precision', 'phone', 'postal_code', 'state_code']
  recommendation updated
  publish: {'entity': 'business', 'action': 'create', 'id': '4e328862-fda1-46d9-a52d-ee2ef3a43227', 'slug': 'svoi-biz-80'}

[10/50] 911 Appliance Repair
  svoi: webs=0 phones=1 addr=4270 Sugarloaf Parkway
  no company website
  fill keys: ['address_line', 'city', 'google_maps_url', 'location_precision', 'phone', 'postal_code', 'state_code']
  recommendation updated
  publish: {'entity': 'business', 'action': 'create', 'id': '6329c3e1-49e5-4ed8-8704-63938d294079', 'slug': 'svoi-911-appliance-repair'}

[11/50] Patak Meat Products
  svoi: webs=0 phones=1 addr=4107 Ewing Road
  no company website
  fill keys: ['address_line', 'city', 'google_maps_url', 'location_precision', 'phone', 'postal_code', 'state_code']
  recommendation updated
  publish: {'entity': 'business', 'action': 'create', 'id': '8e988084-837a-486e-89c1-369503610b9a', 'slug': 'svoi-patak-meat-products'}

[12/50] A-Priori Bar & Restaurant
  svoi: webs=0 phones=3 addr=5953 Buford Hwy NE
  no company website
  fill keys: ['address_line', 'city', 'google_maps_url', 'location_precision', 'phone', 'postal_code', 'state_code']
  recommendation updated
  publish: {'entity': 'business', 'action': 'create', 'id': '3802b8a5-0eea-4b8b-b116-8e01191441fa', 'slug': 'svoi-a-priori-bar-restaurant'}

[13/50] Variety of foods incl. Pizza and Russian
  svoi: webs=0 phones=1 addr=The Perimeter
  weak address skipped: The Perimeter
  no company website
  fill keys: ['city', 'google_maps_url', 'phone', 'state_code']
  recommendation updated
  skip publish (entity=business, street=False)

[14/50] Кейтеринговая компания Maxim
  svoi: webs=0 phones=1 addr=Atlanta
  weak address skipped: Atlanta
  no company website
  fill keys: ['city', 'google_maps_url', 'phone']
  recommendation updated
  skip publish (entity=business, street=False)

[15/50] Sova Magazine - Русский Стандарт, Журнал "СОВА"
  svoi: webs=0 phones=1 addr=10585 Wynbridge Drive
  no company website
  fill keys: ['address_line', 'city', 'google_maps_url', 'location_precision', 'phone', 'state_code']
  recommendation updated
  publish: {'entity': 'business', 'action': 'create', 'id': 'f3284b0f-b589-4d36-8208-4959cc81c1bc', 'slug': 'svoi-sova-magazine'}

[16/50] Russian House Atlanta
  svoi: webs=0 phones=1 addr=1185 Grimes Bridge Rd
  no company website
  fill keys: ['address_line', 'city', 'google_maps_url', 'location_precision', 'phone', 'postal_code', 'state_code']
  recommendation updated
  publish: {'entity': 'business', 'action': 'create', 'id': '95ddf06f-32ea-4007-ae04-221f558ae072', 'slug': 'svoi-russian-house-atlanta'}

[17/50] The newspaper & Russian House
  svoi: webs=1 phones=5 addr=Atlanta
  weak address skipped: Atlanta
  website keys: []
  fill keys: ['city', 'google_maps_url', 'phone', 'website']
  recommendation updated
  skip publish (entity=business, street=False)

[18/50] Pro-Dental Care - Olga Prokopets, DDS and Mikhael Prokopets, DDS
  svoi: webs=1 phones=1 addr=N Tatum Blvd
  website error: HTTP Error 404: Not Found
  fill keys: ['address_line', 'city', 'google_maps_url', 'location_precision', 'phone', 'website']
  recommendation updated
  publish: {'entity': 'professional', 'action': 'create', 'id': 'e8289264-6a36-4557-aa03-9d26bc6d1efa', 'slug': 'svoi-pro-dental-care-olga-prokopets-dds-and-mikhael-p'}

[19/50] Dr. Ludmila T Pyter-Kabat MD
  svoi: webs=0 phones=1 addr=3648 West Anthem Way
  no company website
  fill keys: ['address_line', 'city', 'google_maps_url', 'location_precision', 'phone', 'state_code']
  recommendation updated
  publish: {'entity': 'professional', 'action': 'create', 'id': '0c0170d8-6fe4-4685-8a2f-920e94c34317', 'slug': 'svoi-dr-ludmila-t-pyter-kabat-md'}

[20/50] Dr. Mikhail I Shtivelband MD
  svoi: webs=0 phones=1 addr=695 South Dobson Road
  no company website
  fill keys: ['address_line', 'city', 'google_maps_url', 'location_precision', 'phone', 'state_code']
  recommendation updated
  publish: {'entity': 'professional', 'action': 'create', 'id': 'bbba48c6-d2f8-4fa1-b714-d371bcedf2c9', 'slug': 'svoi-dr-mikhail-i-shtivelband-md'}

[21/50] Arizona Home Health, LLC
  svoi: webs=1 phones=3 addr=14631 N Cave Creek Rd # 104
  website keys: []
  fill keys: ['address_line', 'city', 'google_maps_url', 'location_precision', 'phone', 'postal_code', 'state_code', 'website']
  recommendation updated
  publish: {'entity': 'business', 'action': 'create', 'id': '5a96b830-b57f-4bdb-a870-f13c49343e97', 'slug': 'svoi-arizona-home-health-llc'}

[22/50] Biltmore Colon Hydrotherapy &Wellness Center
  svoi: webs=0 phones=1 addr=4629 North 24th Street
  no company website
  fill keys: ['address_line', 'city', 'google_maps_url', 'location_precision', 'phone', 'postal_code', 'state_code']
  recommendation updated
  publish: {'entity': 'business', 'action': 'create', 'id': '08f405de-9f5b-4ea1-b232-c1e5e75346f0', 'slug': 'svoi-biltmore-colon-hydrotherapy-wellness-center'}

[23/50] Play and Learn Child Care - Детский сад Играй и Учись
  svoi: webs=0 phones=1 addr=4859 East Greenway Road
  no company website
  fill keys: ['address_line', 'city', 'google_maps_url', 'location_precision', 'phone', 'state_code']
  recommendation updated
  publish: {'entity': 'business', 'action': 'create', 'id': '478cf22d-6753-469a-b5e0-d5d8c9ffdf40', 'slug': 'svoi-play-and-learn-child-care'}

[24/50] Re/Max 2000 - Nina DeWys
  svoi: webs=0 phones=1 addr=San Tan Ranch Trail
  weak address skipped: San Tan Ranch Trail
  no company website
  fill keys: ['city', 'google_maps_url', 'phone', 'state_code']
  recommendation updated
  skip publish (entity=business, street=False)

[25/50] DPR Realty - Dave and Iryna Brundage
  svoi: webs=0 phones=3 addr=Windsor Ave
  no company website
  fill keys: ['address_line', 'city', 'google_maps_url', 'location_precision', 'phone', 'postal_code', 'state_code']
  recommendation updated
  publish: {'entity': 'business', 'action': 'create', 'id': 'c67d23e6-8322-439b-a2c4-c55ba35c6b9a', 'slug': 'svoi-dpr-realty-dave-and-iryna-brundage'}

[26/50] Nikolai Riasnianski
  svoi: webs=0 phones=2 addr=17001 North Del Webb Boulevard
  no company website
  fill keys: ['address_line', 'city', 'google_maps_url', 'location_precision', 'phone', 'state_code']
  recommendation updated
  publish: {'entity': 'business', 'action': 'create', 'id': 'de9cbdcf-e39c-4327-8419-2cabfa2aac49', 'slug': 'svoi-nikolai-riasnianski'}

[27/50] On Q Financial, Inc. - Luba Vakulsky
  svoi: webs=1 phones=2 addr=615 S. River Dr
  website error: <urlopen error [SSL: TLSV1_ALERT_PROTOCOL_VERSION] tlsv1 alert protocol version (_ssl.c:1129)>
  fill keys: ['address_line', 'city', 'google_maps_url', 'location_precision', 'phone', 'state_code', 'website']
  recommendation updated
  publish: {'entity': 'business', 'action': 'create', 'id': '9fc7c3b7-3e23-4aa3-a9a6-9f96c184a8af', 'slug': 'svoi-on-q-financial-inc-luba-vakulsky'}

[28/50] Sam's Barber and Beauty Shop
  svoi: webs=0 phones=1 addr=7100 East Cave Creek Road
  no company website
  fill keys: ['address_line', 'city', 'google_maps_url', 'location_precision', 'phone', 'state_code']
  recommendation updated
  publish: {'entity': 'business', 'action': 'create', 'id': '069e93df-960e-430d-a64d-57a50825ec01', 'slug': 'svoi-sam-s-barber-and-beauty-shop'}

[29/50] Gold Scissors Barber Shop
  svoi: webs=0 phones=1 addr=13802 North Scottsdale Road
  no company website
  fill keys: ['address_line', 'city', 'google_maps_url', 'location_precision', 'phone', 'state_code']
  recommendation updated
  publish: {'entity': 'business', 'action': 'create', 'id': '19afd3e9-9848-4c70-adc8-091cce9c202f', 'slug': 'svoi-gold-scissors-barber-shop'}

[30/50] NV Hair Studio
  svoi: webs=0 phones=1 addr=1608 Bethany Home Road
  no company website
  fill keys: ['address_line', 'city', 'google_maps_url', 'location_precision', 'phone', 'state_code']
  recommendation updated
  publish: {'entity': 'business', 'action': 'create', 'id': '4c96349b-147a-4204-baa9-dd085ba83e3f', 'slug': 'svoi-nv-hair-studio'}

[31/50] Arizona Insurance Specialists
  svoi: webs=0 phones=2 addr=13630 West Redfield Road
  no company website
  fill keys: ['address_line', 'city', 'google_maps_url', 'location_precision', 'phone', 'postal_code', 'state_code']
  recommendation updated
  publish: {'entity': 'business', 'action': 'create', 'id': '4815eb13-0e7d-4721-b8c1-509595a39b06', 'slug': 'svoi-arizona-insurance-specialists'}

[32/50] Azcal Insurance Services Inc - Sofya Nektalova
  svoi: webs=0 phones=2 addr=7689 E Paradise Lane
  no company website
  fill keys: ['address_line', 'city', 'google_maps_url', 'location_precision', 'phone', 'postal_code', 'state_code']
  recommendation updated
  publish: {'entity': 'business', 'action': 'create', 'id': 'a2dfee10-dc89-4d1e-9a92-367c18879de5', 'slug': 'svoi-azcal-insurance-services-inc-sofya-nektalova'}

[33/50] Aquamarine Cruises and Tours
  svoi: webs=0 phones=1 addr=550 West Baseline Road
  no company website
  fill keys: ['address_line', 'city', 'google_maps_url', 'location_precision', 'phone', 'state_code']
  recommendation updated
  publish: {'entity': 'business', 'action': 'create', 'id': 'e183a691-a79d-44f7-99c4-8a2175b90cbd', 'slug': 'svoi-aquamarine-cruises-and-tours'}

[34/50] Tamara M. Abramova
  svoi: webs=0 phones=1 addr=15620 North 35th Avenue
  no company website
  fill keys: ['address_line', 'city', 'google_maps_url', 'location_precision', 'phone', 'postal_code', 'state_code']
  recommendation updated
  publish: {'entity': 'business', 'action': 'create', 'id': '560876ae-aba7-4bc4-8af5-3d75df3d2fc9', 'slug': 'svoi-tamara-m-abramova'}

[35/50] AZ Interpreter
  svoi: webs=0 phones=1 addr=1001 East Forest Hills Drive
  no company website
  fill keys: ['address_line', 'city', 'google_maps_url', 'location_precision', 'phone', 'postal_code', 'state_code']
  recommendation updated
  publish: {'entity': 'business', 'action': 'create', 'id': '60c8602c-1d17-4ce3-8b72-c355c1920f7a', 'slug': 'svoi-az-interpreter'}

[36/50] Alex & Sasha&Slyuseranskiy
  svoi: webs=0 phones=1 addr=Tempe
  weak address skipped: Tempe
  no company website
  fill keys: ['city', 'google_maps_url', 'phone']
  recommendation updated
  skip publish (entity=business, street=False)

[37/50] A to Z Moving Pros
  svoi: webs=0 phones=1 addr=11050 North Biltmore Drive
  no company website
  fill keys: ['address_line', 'city', 'google_maps_url', 'location_precision', 'phone', 'postal_code', 'state_code']
  recommendation updated
  publish: {'entity': 'business', 'action': 'create', 'id': 'd1874644-a1fc-42b3-8b8b-6365b0af02d1', 'slug': 'svoi-a-to-z-moving-pros'}

[38/50] Greg Schuster
  svoi: webs=0 phones=1 addr=Chandler
  weak address skipped: Chandler
  no company website
  fill keys: ['city', 'google_maps_url', 'phone']
  recommendation updated
  skip publish (entity=business, street=False)

[39/50] Finel Tax and Accounting
  svoi: webs=0 phones=1 addr=Phoenix
  weak address skipped: Phoenix
  no company website
  fill keys: ['city', 'google_maps_url', 'phone']
  recommendation updated
  skip publish (entity=business, street=False)

[40/50] Asiana Market
  svoi: webs=0 phones=1 addr=4410 West Union Hills Drive
  no company website
  fill keys: ['address_line', 'city', 'google_maps_url', 'location_precision', 'phone', 'postal_code', 'state_code']
  recommendation updated
  publish: {'entity': 'business', 'action': 'create', 'id': '69512dc4-2b73-434c-b74d-ef246364b53b', 'slug': 'svoi-asiana-market'}

[41/50] Yasha From Russia
  svoi: webs=0 phones=1 addr=10240 North 32nd Street
  no company website
  fill keys: ['address_line', 'city', 'google_maps_url', 'location_precision', 'phone', 'state_code']
  recommendation updated
  publish: {'entity': 'business', 'action': 'create', 'id': '68c0c862-5239-4fd5-9635-a6b6e055b8c4', 'slug': 'svoi-yasha-from-russia'}

[42/50] Phoenix Russian Market
  svoi: webs=0 phones=1 addr=7828 North 19th Avenue
  no company website
  fill keys: ['address_line', 'city', 'google_maps_url', 'location_precision', 'phone', 'postal_code', 'state_code']
  recommendation updated
  publish: {'entity': 'business', 'action': 'create', 'id': '68f06084-c85a-4d0e-a1b0-2303a900e868', 'slug': 'svoi-phoenix-russian-market'}

[43/50] The Russian Store AZ
  svoi: webs=0 phones=2 addr=4939 West Ray Road
  no company website
  fill keys: ['address_line', 'city', 'google_maps_url', 'location_precision', 'phone', 'state_code']
  recommendation updated
  publish: {'entity': 'business', 'action': 'create', 'id': '4e9bdf38-4af0-4652-ba1f-2c6b283b440c', 'slug': 'svoi-the-russian-store-az'}

[44/50] Olive Garden Italian Restaurant
  svoi: webs=0 phones=1 addr=2626 North 75th Avenue
  no company website
  fill keys: ['address_line', 'city', 'google_maps_url', 'location_precision', 'phone', 'postal_code', 'state_code']
  recommendation updated
  publish: {'entity': 'business', 'action': 'create', 'id': 'eac0a3cb-ffbf-4be9-9020-a5aebeca8af9', 'slug': 'svoi-olive-garden-italian-restaurant'}

[45/50] Samarkand
  svoi: webs=0 phones=1 addr=7823 North 19th Avenue
  no company website
  fill keys: ['address_line', 'city', 'google_maps_url', 'location_precision', 'phone', 'postal_code', 'state_code']
  recommendation updated
  publish: {'entity': 'business', 'action': 'create', 'id': '29659db0-a506-4203-8c55-af39213ea12b', 'slug': 'svoi-samarkand'}

[46/50] Arizona Leech Therapy
  svoi: webs=1 phones=4 addr=5011 N. Granite Reef Rd
  website keys: []
  fill keys: ['address_line', 'city', 'google_maps_url', 'location_precision', 'phone', 'postal_code', 'state_code', 'website']
  recommendation updated
  publish: {'entity': 'business', 'action': 'create', 'id': '3a213caa-bca3-4643-acfe-d08b1419a6e3', 'slug': 'svoi-arizona-leech-therapy'}

[47/50] Педиатр Алла Шерман
  svoi: webs=1 phones=1 addr=3619 Park East Dr
  website error: HTTP Error 403: Forbidden
  fill keys: ['address_line', 'city', 'google_maps_url', 'location_precision', 'phone', 'postal_code', 'state_code', 'website']
  recommendation updated
  publish: {'entity': 'professional', 'action': 'create', 'id': '0d3c8d22-ada6-401b-b169-12d6baf919f8', 'slug': 'svoi-biz-17'}

[48/50] Nella Blyumin, MD
  svoi: webs=1 phones=1 addr=9500 Euclid Ave
  website error: HTTP Error 403: Forbidden
  fill keys: ['address_line', 'city', 'google_maps_url', 'location_precision', 'phone', 'postal_code', 'state_code', 'website']
  recommendation updated
  publish: {'entity': 'professional', 'action': 'create', 'id': '825828cf-be8e-4c3d-aebb-a61aece0be37', 'slug': 'svoi-nella-blyumin-md'}

[49/50] Buckeye Dental & Braces
  svoi: webs=1 phones=2 addr=36900 Detroit Rd
  website keys: ['address_line', 'city', 'description', 'facebook_url', 'instagram_url', 'phones', 'postal_code', 'state_code']
  fill keys: ['address_line', 'city', 'google_maps_url', 'instagram_url', 'location_precision', 'phone', 'postal_code', 'state_code', 'website']
  recommendation updated
  publish: {'entity': 'business', 'action': 'create', 'id': '42199d46-15d7-4188-8058-3eec922229ea', 'slug': 'svoi-buckeye-dental-braces'}

[50/50] Яровицкая Ирина
  svoi: webs=0 phones=1 addr=481 East 260th Street
  no company website
  fill keys: ['address_line', 'city', 'google_maps_url', 'location_precision', 'phone', 'postal_code', 'state_code']
  recommendation updated
  publish: {'entity': 'business', 'action': 'create', 'id': '937417c3-e8b5-4efc-b162-5d2534bf2512', 'slug': 'svoi-biz-81'}

Done. enriched=50 with_address=43 published=43 report=/Users/sammov/Russian business AI/scripts/business-enrich/data/svoi_enrich/batch_20260727T033725Z.json
Last targets=50 exit=0

===== ROUND 17 2026-07-27T03:37:25Z =====
targets=50 dry_run=False publish=True places=True publish_enriched=False

[1/50] Беликов Владимир
  svoi: webs=0 phones=1 addr=6151 Wilson Mills Road
  no company website
  places: error
  places quota exhausted — continuing without Places
  fill keys: ['address_line', 'city', 'google_maps_url', 'location_precision', 'phone', 'postal_code', 'state_code']
  recommendation updated
  publish: {'entity': 'professional', 'action': 'create', 'id': '73df9e2b-6ea4-4100-9101-5a498d0a2229', 'slug': 'svoi-biz-18'}

[2/50] Health First Primary Care
  svoi: webs=0 phones=1 addr=6801 Mayfield Road
  no company website
  fill keys: ['address_line', 'city', 'google_maps_url', 'location_precision', 'phone', 'postal_code', 'state_code']
  recommendation updated
  publish: {'entity': 'business', 'action': 'create', 'id': '5bd8877f-0e50-454f-ace7-f1aa93aa31f6', 'slug': 'svoi-health-first-primary-care'}

[3/50] Dr. Yakov L. Elgudin, MD
  svoi: webs=1 phones=1 addr=11100 Euclid Ave
  website error: HTTP Error 410: Gone
  fill keys: ['address_line', 'city', 'google_maps_url', 'location_precision', 'phone', 'postal_code', 'state_code', 'website']
  recommendation updated
  publish: {'entity': 'professional', 'action': 'create', 'id': '639875c4-ddc7-47d9-a83d-c6b56123023f', 'slug': 'svoi-dr-yakov-l-elgudin-md'}

[4/50] Yuri Novitsky, MD
  svoi: webs=1 phones=1 addr=11100 Euclid Ave
  website error: HTTP Error 404: Page not found
  fill keys: ['address_line', 'city', 'google_maps_url', 'location_precision', 'phone', 'postal_code', 'state_code', 'website']
  recommendation updated
  publish: {'entity': 'professional', 'action': 'create', 'id': '6aaba343-20fe-48b6-b245-9515a35b4793', 'slug': 'svoi-yuri-novitsky-md'}

[5/50] Boris V. Vinogradsky, MD, Inc.
  svoi: webs=0 phones=1 addr=36100 Euclid Avenue
  no company website
  fill keys: ['address_line', 'city', 'google_maps_url', 'location_precision', 'phone']
  recommendation updated
  publish: {'entity': 'business', 'action': 'create', 'id': 'b3b30a3d-e0fa-4dc3-b409-08d15f9fbe18', 'slug': 'svoi-boris-v-vinogradsky-md-inc'}

[6/50] Allegria Studio
  svoi: webs=1 phones=3 addr=1188 Bell St.
  website keys: ['description', 'facebook_url', 'instagram_url', 'phones']
  fill keys: ['address_line', 'city', 'google_maps_url', 'instagram_url', 'location_precision', 'phone', 'postal_code', 'state_code', 'website']
  recommendation updated
  publish: {'entity': 'business', 'action': 'create', 'id': '9cc624b8-6a28-4dd8-8450-924148029dca', 'slug': 'svoi-allegria-studio'}

[7/50] Russian American Medical Association
  svoi: webs=0 phones=1 addr=36100 Euclid Avenue
  no company website
  fill keys: ['address_line', 'city', 'google_maps_url', 'location_precision', 'phone', 'postal_code', 'state_code']
  recommendation updated
  publish: {'entity': 'business', 'action': 'create', 'id': '2904fd83-0f6a-42e5-a4c5-3c44d55898ce', 'slug': 'svoi-russian-american-medical-association'}

[8/50] Lake Health
  svoi: webs=1 phones=1 addr=36001 Euclid Avenue
  website keys: ['facebook_url', 'instagram_url', 'phones']
  fill keys: ['address_line', 'city', 'google_maps_url', 'instagram_url', 'location_precision', 'phone', 'postal_code', 'state_code', 'website']
  recommendation updated
  publish: {'entity': 'business', 'action': 'create', 'id': '402e5af3-91bc-458c-96a4-7fa08c3a69ad', 'slug': 'svoi-lake-health'}

[9/50] Dr. Taras Mahlay, MD
  svoi: webs=0 phones=2 addr=7255 Old Oak Blvd
  no company website
  fill keys: ['address_line', 'city', 'google_maps_url', 'location_precision', 'phone', 'postal_code', 'state_code']
  recommendation updated
  publish: {'entity': 'professional', 'action': 'create', 'id': '15fa6739-489a-48ba-9319-6d752c6d2e0e', 'slug': 'svoi-dr-taras-mahlay-md'}

[10/50] Buckhead Pharmacy-OH (PharmaLife )
  svoi: webs=0 phones=2 addr=Som Center Road
  no company website
  fill keys: ['address_line', 'city', 'google_maps_url', 'location_precision', 'phone', 'state_code']
  recommendation updated
  publish: {'entity': 'business', 'action': 'create', 'id': '7934d95e-ba29-4ff3-a443-517be088eb93', 'slug': 'svoi-buckhead-pharmacy-oh-pharmalife'}

[11/50] Alina Medical Supply
  svoi: webs=0 phones=1 addr=5842 Mayfield Road
  no company website
  fill keys: ['address_line', 'city', 'google_maps_url', 'location_precision', 'phone', 'postal_code', 'state_code']
  recommendation updated
  publish: {'entity': 'business', 'action': 'create', 'id': 'ea74acd3-a1f6-4a2b-b6b4-d620e1b3a801', 'slug': 'svoi-alina-medical-supply'}

[12/50] PHARMA MEDICAL SUPPLY
  svoi: webs=0 phones=1 addr=5345 State Road
  no company website
  fill keys: ['address_line', 'city', 'google_maps_url', 'location_precision', 'phone', 'state_code']
  recommendation updated
  publish: {'entity': 'business', 'action': 'create', 'id': '9d37d3be-b101-4cc2-871d-3fa7dba03dac', 'slug': 'svoi-pharma-medical-supply'}

[13/50] Diligence Transportation
  svoi: webs=0 phones=1 addr=11291 Spruce Drive
  no company website
  fill keys: ['address_line', 'city', 'google_maps_url', 'location_precision', 'phone', 'postal_code', 'state_code']
  recommendation updated
  publish: {'entity': 'business', 'action': 'create', 'id': 'd07d2ac7-b55e-4aea-85ac-dc850192d5f1', 'slug': 'svoi-diligence-transportation'}

[14/50] Expert Auto Repair
  svoi: webs=1 phones=1 addr=32501 Vine Street
  website keys: []
  fill keys: ['address_line', 'city', 'google_maps_url', 'location_precision', 'phone', 'postal_code', 'state_code', 'website']
  recommendation updated
  publish: {'entity': 'business', 'action': 'create', 'id': 'cf12fff5-670c-4d4b-9dca-a88492e8f258', 'slug': 'svoi-expert-auto-repair'}

[15/50] Sharp Care Auto
  svoi: webs=0 phones=1 addr=2925 Mayfield Road
  no company website
  fill keys: ['address_line', 'city', 'google_maps_url', 'location_precision', 'phone', 'postal_code', 'state_code']
  recommendation updated
  publish: {'entity': 'business', 'action': 'create', 'id': '7c5722aa-742b-414e-ba9d-ae60a202b846', 'slug': 'svoi-sharp-care-auto'}

[16/50] Best Auto Service
  svoi: webs=0 phones=1 addr=5400 Brookpark Road
  no company website
  fill keys: ['address_line', 'city', 'google_maps_url', 'location_precision', 'phone', 'postal_code', 'state_code']
  recommendation updated
  publish: {'entity': 'business', 'action': 'create', 'id': 'bcc31689-3dc5-4779-860f-165c934a90ec', 'slug': 'svoi-best-auto-service'}

[17/50] Inna Muravin
  svoi: webs=1 phones=1 addr=7400 Center Street
  website error: HTTP Error 308: Permanent Redirect
  fill keys: ['address_line', 'city', 'google_maps_url', 'location_precision', 'phone', 'postal_code', 'state_code', 'website']
  recommendation updated
  publish: {'entity': 'professional', 'action': 'create', 'id': '9862d977-3297-4f14-bb74-f471e89db9e9', 'slug': 'svoi-inna-muravin'}

[18/50] SIMONA POTOCAR
  svoi: webs=1 phones=3 addr=7400 Center St
  website error: HTTP Error 403: Forbidden
  fill keys: ['address_line', 'city', 'google_maps_url', 'location_precision', 'phone', 'state_code', 'website']
  recommendation updated
  publish: {'entity': 'business', 'action': 'create', 'id': '22aac970-28e3-4630-b73e-0de825890995', 'slug': 'svoi-simona-potocar'}

[19/50] Карина Абраамян
  svoi: webs=0 phones=3 addr=Twinsburg
  weak address skipped: Twinsburg
  no company website
  fill keys: ['city', 'google_maps_url', 'phone']
  recommendation updated
  publish: {'entity': 'professional', 'action': 'create', 'id': '4d6cef9b-4031-4f9a-b21e-d95cc8e8cefe', 'slug': 'svoi-biz-19'}

[20/50] Rudyak electrical services llc / Andriy Rudyak
  svoi: webs=0 phones=2 addr=8494 Newcomb Dr
  no company website
  fill keys: ['address_line', 'city', 'google_maps_url', 'location_precision', 'phone', 'state_code']
  recommendation updated
  publish: {'entity': 'business', 'action': 'create', 'id': '7d730b60-13ef-455a-aae0-f4a118c32f6a', 'slug': 'svoi-rudyak-electrical-services-llc-andriy-rudyak'}

[21/50] Nelli Khatmoullina
  svoi: webs=1 phones=1 addr=Cleveland
  weak address skipped: Cleveland
  website keys: ['facebook_url', 'instagram_url', 'opening_hours']
  fill keys: ['city', 'google_maps_url', 'instagram_url', 'opening_hours', 'phone', 'website']
  recommendation updated
  skip publish (entity=business, street=False)

[22/50] JaViv Uptown Hair4ce
  svoi: webs=0 phones=2 addr=27970 Chagrin Blvd
  no company website
  fill keys: ['address_line', 'city', 'google_maps_url', 'location_precision', 'phone', 'state_code']
  recommendation updated
  publish: {'entity': 'business', 'action': 'create', 'id': 'c17ac7be-4cb6-495b-b551-59d62bc0b36f', 'slug': 'svoi-javiv-uptown-hair4ce'}

[23/50] STEVE ROMANIUK
  svoi: webs=1 phones=1 addr=7550 Pearl Rd Ste E
  website keys: ['address_line', 'city', 'description', 'facebook_url', 'instagram_url', 'phones', 'postal_code', 'state_code']
  fill keys: ['address_line', 'city', 'google_maps_url', 'instagram_url', 'location_precision', 'phone', 'postal_code', 'state_code', 'website']
  recommendation updated
  publish: {'entity': 'business', 'action': 'create', 'id': '06da2fd3-3578-4b31-80fa-7b877ee4066a', 'slug': 'svoi-steve-romaniuk'}

[24/50] Insurance Cleveland Agency LLC (ICA)
  svoi: webs=1 phones=1 addr=7530 Lucerne Dr
  website keys: ['description']
  fill keys: ['address_line', 'city', 'google_maps_url', 'location_precision', 'phone', 'postal_code', 'state_code', 'website']
  recommendation updated
  publish: {'entity': 'business', 'action': 'create', 'id': '3b69892a-b816-4d51-bc9b-d4a8455794f4', 'slug': 'svoi-insurance-cleveland-agency-llc-ica'}

[25/50] Glick Group Insurance
  svoi: webs=1 phones=1 addr=3681 Green Rd # 212
  website error: HTTP Error 404: Not Found
  fill keys: ['address_line', 'city', 'google_maps_url', 'location_precision', 'phone', 'postal_code', 'state_code', 'website']
  recommendation updated
  publish: {'entity': 'business', 'action': 'create', 'id': '8736a87e-914e-490b-8e01-f3117ed90053', 'slug': 'svoi-glick-group-insurance'}

[26/50] ZPR Travel
  svoi: webs=0 phones=2 addr=27900 Chagrin Boulevard
  no company website
  fill keys: ['address_line', 'city', 'google_maps_url', 'location_precision', 'phone', 'postal_code', 'state_code']
  recommendation updated
  publish: {'entity': 'business', 'action': 'create', 'id': '261ccc61-1882-46b0-9e90-eb95f560eb77', 'slug': 'svoi-zpr-travel'}

[27/50] ABC Travel
  svoi: webs=0 phones=1 addr=5847 Broadview Road
  no company website
  fill keys: ['address_line', 'city', 'google_maps_url', 'location_precision', 'phone', 'postal_code', 'state_code']
  recommendation updated
  publish: {'entity': 'business', 'action': 'create', 'id': 'ff809584-694b-4ac4-9340-109bcd200afc', 'slug': 'svoi-abc-travel'}

[28/50] Anichkin Russian-American Communication Services (ARACS)
  svoi: webs=1 phones=1 addr=1655 W Market St
  website keys: ['description', 'facebook_url', 'instagram_url']
  fill keys: ['address_line', 'city', 'google_maps_url', 'instagram_url', 'location_precision', 'phone', 'postal_code', 'state_code', 'website']
  recommendation updated
  publish: {'entity': 'business', 'action': 'create', 'id': '96cf05dd-2906-4ebd-8b9f-a2fa9c98c6c5', 'slug': 'svoi-anichkin-russian-american-communication-services'}

[29/50] Languages Creative
  svoi: webs=0 phones=3 addr=5001 Mayfield Road
  no company website
  fill keys: ['address_line', 'city', 'google_maps_url', 'location_precision', 'phone', 'postal_code', 'state_code']
  recommendation updated
  publish: {'entity': 'business', 'action': 'create', 'id': 'd8e38f65-b861-4fa8-8f47-77387e2b9362', 'slug': 'svoi-languages-creative'}

[30/50] Ukraine Express
  svoi: webs=0 phones=1 addr=5909 State Road
  no company website
  fill keys: ['address_line', 'city', 'google_maps_url', 'location_precision', 'phone', 'postal_code', 'state_code']
  recommendation updated
  publish: {'entity': 'business', 'action': 'create', 'id': '9b9abc5f-6e1b-457b-b0e7-501befbcc40f', 'slug': 'svoi-ukraine-express'}

[31/50] Visnyk Ukrainian Parcel Service
  svoi: webs=0 phones=2 addr=5909 State Rd
  no company website
  fill keys: ['address_line', 'city', 'google_maps_url', 'location_precision', 'phone', 'postal_code', 'state_code']
  recommendation updated
  publish: {'entity': 'business', 'action': 'create', 'id': 'a97c35d6-2827-4eec-9f25-10e951680653', 'slug': 'svoi-visnyk-ukrainian-parcel-service'}

[32/50] Ukraine Express Ohio
  svoi: webs=0 phones=2 addr=5438 State Road
  no company website
  fill keys: ['address_line', 'city', 'google_maps_url', 'location_precision', 'phone', 'postal_code', 'state_code']
  recommendation updated
  publish: {'entity': 'business', 'action': 'create', 'id': '4576f8d0-4c5f-46d7-9fc1-52a9e743d03a', 'slug': 'svoi-ukraine-express-ohio'}

[33/50] Karpaty Export -
  svoi: webs=0 phones=2 addr=5344 State Road
  no company website
  fill keys: ['address_line', 'city', 'google_maps_url', 'location_precision', 'phone', 'postal_code', 'state_code']
  recommendation updated
  publish: {'entity': 'business', 'action': 'create', 'id': 'ba9a6717-c46d-49b8-971b-fd30a655637a', 'slug': 'svoi-karpaty-export'}

[34/50] Ellena Aminev
  svoi: webs=0 phones=2 addr=30700 Carter St.
  no company website
  fill keys: ['address_line', 'city', 'google_maps_url', 'location_precision', 'phone', 'postal_code', 'state_code']
  recommendation updated
  publish: {'entity': 'business', 'action': 'create', 'id': 'c4078c47-0dd6-4647-a8a8-cded6cc48475', 'slug': 'svoi-ellena-aminev'}

[35/50] Tatiana Lebo Photography
  svoi: webs=0 phones=3 addr=Cleveland
  weak address skipped: Cleveland
  no company website
  fill keys: ['city', 'google_maps_url', 'phone']
  recommendation updated
  skip publish (entity=business, street=False)

[36/50] Tatiana Lebo Photography
  svoi: webs=0 phones=4 addr=Cleveland
  weak address skipped: Cleveland
  no company website
  fill keys: ['city', 'google_maps_url', 'phone']
  recommendation updated
  skip publish (entity=business, street=False)

[37/50] Mayfield Fine Foods
  svoi: webs=0 phones=2 addr=1413-D Golden Gate Blvd
  no company website
  fill keys: ['address_line', 'city', 'google_maps_url', 'location_precision', 'phone', 'postal_code', 'state_code']
  recommendation updated
  publish: {'entity': 'business', 'action': 'create', 'id': 'a2aa5218-80e3-41b4-86d4-91ae76693557', 'slug': 'svoi-mayfield-fine-foods'}

[38/50] Yeleseyevsky Deli
  svoi: webs=0 phones=2 addr=5870 Mayfield Rd
  no company website
  fill keys: ['address_line', 'city', 'google_maps_url', 'location_precision', 'phone', 'state_code']
  recommendation updated
  publish: {'entity': 'business', 'action': 'create', 'id': '8d89c688-f181-4154-9593-d8239faaa763', 'slug': 'svoi-yeleseyevsky-deli'}

[39/50] Yeleseyevsky Deli
  svoi: webs=0 phones=1 addr=5870 Mayfield Road
  no company website
  fill keys: ['address_line', 'city', 'google_maps_url', 'location_precision', 'phone', 'postal_code', 'state_code']
  recommendation updated
  publish: {'entity': 'business', 'action': 'merge', 'id': '8d89c688-f181-4154-9593-d8239faaa763'}

[40/50] Arts Jewelers
  svoi: webs=0 phones=1 addr=Mayfield Road
  no company website
  fill keys: ['address_line', 'city', 'google_maps_url', 'location_precision', 'phone', 'state_code']
  recommendation updated
  publish: {'entity': 'business', 'action': 'create', 'id': 'e81bbcfb-08af-4c58-b968-a8bbee05ff9f', 'slug': 'svoi-arts-jewelers'}

[41/50] Bazar Import Gift Corp
  svoi: webs=0 phones=1 addr=5689 State Rd
  no company website
  fill keys: ['address_line', 'city', 'google_maps_url', 'location_precision', 'phone', 'postal_code', 'state_code']
  recommendation updated
  publish: {'entity': 'business', 'action': 'create', 'id': '984ecf83-a0d7-4170-a7e5-1ab4d753e9cb', 'slug': 'svoi-bazar-import-gift-corp'}

[42/50] Ресторан Europa
  svoi: webs=1 phones=1 addr=30519 Pinetree Road
  website keys: ['description', 'emails', 'facebook_url', 'instagram_url', 'phones', 'yelp_url']
  fill keys: ['address_line', 'city', 'email', 'google_maps_url', 'instagram_url', 'location_precision', 'phone', 'postal_code', 'state_code', 'website', 'yelp_url']
  recommendation updated
  publish: {'entity': 'business', 'action': 'create', 'id': 'd9c46abe-a7e7-4903-b4fa-ca1fa6e51cf3', 'slug': 'svoi-europa'}

[43/50] Red Square Banquet & Party Center
  svoi: webs=0 phones=3 addr=5131 Mayfield Rd
  no company website
  fill keys: ['address_line', 'city', 'google_maps_url', 'location_precision', 'phone', 'postal_code', 'state_code']
  recommendation updated
  publish: {'entity': 'business', 'action': 'create', 'id': 'a6232cf5-82bc-4f7f-a325-de5e162da73e', 'slug': 'svoi-red-square-banquet-party-center'}

[44/50] Pin-Up Lounge Karaoke and Martini Bar
  svoi: webs=0 phones=4 addr=5131 Mayfield Road
  no company website
  fill keys: ['address_line', 'city', 'google_maps_url', 'location_precision', 'phone', 'postal_code', 'state_code']
  recommendation updated
  publish: {'entity': 'business', 'action': 'merge', 'id': 'a6232cf5-82bc-4f7f-a325-de5e162da73e'}

[45/50] Dr. Naum Becker, MD
  svoi: webs=0 phones=1 addr=12801 Midway Road
  no company website
  fill keys: ['address_line', 'city', 'google_maps_url', 'location_precision', 'phone', 'postal_code', 'state_code']
  recommendation updated
  publish: {'entity': 'professional', 'action': 'create', 'id': '435723b6-a06c-4be0-8ead-c37ecdc61f30', 'slug': 'svoi-dr-naum-becker-md'}

[46/50] Family and Cosmetic Dentistry
  svoi: webs=0 phones=1 addr=5509 Pleasant Valley Drive
  no company website
  fill keys: ['address_line', 'city', 'google_maps_url', 'location_precision', 'phone', 'postal_code', 'state_code']
  recommendation updated
  publish: {'entity': 'professional', 'action': 'create', 'id': '5564a97e-aa0b-465c-a90c-c29a9d3a7a0b', 'slug': 'svoi-family-and-cosmetic-dentistry'}

[47/50] Valley View Dental
  svoi: webs=1 phones=1 addr=2800 Valley View Lane
  website keys: ['description', 'emails', 'facebook_url', 'instagram_url', 'phones']
  fill keys: ['address_line', 'city', 'email', 'google_maps_url', 'instagram_url', 'location_precision', 'phone', 'postal_code', 'state_code', 'website']
  recommendation updated
  publish: {'entity': 'business', 'action': 'create', 'id': 'a2518c7a-fd9d-441f-9a5f-d9d71170228c', 'slug': 'svoi-valley-view-dental'}

[48/50] A-Care Chiropractic & Acupuncture: Alexander Leybovich, DC
  svoi: webs=1 phones=3 addr=870 North Coit Road
  website keys: ['description', 'emails', 'facebook_url', 'instagram_url', 'phones', 'yelp_url']
  fill keys: ['address_line', 'city', 'email', 'google_maps_url', 'instagram_url', 'location_precision', 'phone', 'state_code', 'website', 'yelp_url']
  recommendation updated
  publish: {'entity': 'business', 'action': 'create', 'id': 'b7e8d2ae-5680-4ccc-9300-2daf619e8250', 'slug': 'svoi-a-care-chiropractic-acupuncture-alexander-leybov'}

[49/50] Dr. Isaac Z. Pugach, MD - Complete Med Care
  svoi: webs=0 phones=1 addr=8989 Forest Lane
  no company website
  fill keys: ['address_line', 'city', 'google_maps_url', 'location_precision', 'phone', 'postal_code', 'state_code']
  recommendation updated
  publish: {'entity': 'professional', 'action': 'create', 'id': '38ec99b6-bdc9-44c7-a14c-8d814a90d257', 'slug': 'svoi-dr-isaac-z-pugach-md-complete-med-care'}

[50/50] Dr. Allen B. Safir
  svoi: webs=1 phones=1 addr=4414 Lemmon Avenue
  website error: HTTP Error 308: Permanent Redirect
  fill keys: ['address_line', 'city', 'google_maps_url', 'location_precision', 'phone', 'postal_code', 'state_code', 'website']
  recommendation updated
  publish: {'entity': 'business', 'action': 'create', 'id': '6f534dc4-b9be-4325-b4a4-409c134ac193', 'slug': 'svoi-dr-allen-b-safir'}

Done. enriched=50 with_address=46 published=47 report=/Users/sammov/Russian business AI/scripts/business-enrich/data/svoi_enrich/batch_20260727T033940Z.json
Last targets=50 exit=0

===== ROUND 18 2026-07-27T03:39:40Z =====
targets=50 dry_run=False publish=True places=True publish_enriched=False

[1/50] Dr. Valery N. Lipenko, MD at Neurology Specialists
  svoi: webs=1 phones=1 addr=1604 Hospital Parkway
  website keys: ['description', 'phones']
  places: error
  places quota exhausted — continuing without Places
  fill keys: ['address_line', 'city', 'google_maps_url', 'location_precision', 'phone', 'postal_code', 'state_code', 'website']
  recommendation updated
  publish: {'entity': 'professional', 'action': 'create', 'id': '99966636-5ef6-4382-8bb8-1a7886147038', 'slug': 'svoi-dr-valery-n-lipenko-md-at-neurology-specialists'}

[2/50] Methodist Family Health Center
  svoi: webs=0 phones=1 addr=820 North Carrier Parkway
  no company website
  fill keys: ['address_line', 'city', 'google_maps_url', 'location_precision', 'phone', 'postal_code', 'state_code']
  recommendation updated
  publish: {'entity': 'business', 'action': 'create', 'id': '674934a8-743a-4c84-b030-695b1935d08d', 'slug': 'svoi-methodist-family-health-center'}

[3/50] NYS Home Health LLC
  svoi: webs=0 phones=1 addr=100 North Central Expressway
  no company website
  fill keys: ['address_line', 'city', 'google_maps_url', 'location_precision', 'phone', 'postal_code', 'state_code']
  recommendation updated
  publish: {'entity': 'business', 'action': 'create', 'id': '014e5fd7-126f-48c0-b582-bb0b0bc6a434', 'slug': 'svoi-nys-home-health-llc'}

[4/50] Family Discount Pharmacy TX
  svoi: webs=0 phones=1 addr=970 North Coit Road
  no company website
  fill keys: ['address_line', 'city', 'google_maps_url', 'location_precision', 'phone', 'postal_code', 'state_code']
  recommendation updated
  publish: {'entity': 'business', 'action': 'create', 'id': '59c38c21-9270-4f32-89ae-59b15f9f1a5b', 'slug': 'svoi-family-discount-pharmacy-tx'}

[5/50] Park Place Lexus in Plano
  svoi: webs=0 phones=2 addr=6785 Dallas Parkway
  no company website
  fill keys: ['address_line', 'city', 'google_maps_url', 'location_precision', 'phone', 'postal_code', 'state_code']
  recommendation updated
  publish: {'entity': 'business', 'action': 'create', 'id': '8de76310-cff3-4dcd-98af-62ca1684c01b', 'slug': 'svoi-park-place-lexus-in-plano'}

[6/50] Park Place Lexus Plano
  svoi: webs=1 phones=1 addr=1025 Preston Road
  website error: HTTP Error 403: Forbidden
  fill keys: ['address_line', 'city', 'google_maps_url', 'location_precision', 'phone', 'postal_code', 'state_code', 'website']
  recommendation updated
  publish: {'entity': 'business', 'action': 'create', 'id': 'f7f7f09b-b3fb-4634-82cc-a2c2f7ff6b74', 'slug': 'svoi-park-place-lexus-plano'}

[7/50] All Star Auto
  svoi: webs=1 phones=1 addr=1100 Summit Avenue
  website keys: []
  fill keys: ['address_line', 'city', 'google_maps_url', 'location_precision', 'phone', 'state_code', 'website']
  recommendation updated
  publish: {'entity': 'business', 'action': 'create', 'id': '51719716-bf3c-423c-a288-ef5a00e0f94b', 'slug': 'svoi-all-star-auto'}

[8/50] Allen Montessori Academy
  svoi: webs=0 phones=1 addr=612 Pebblebrook Drive
  no company website
  fill keys: ['address_line', 'city', 'google_maps_url', 'location_precision', 'phone', 'postal_code', 'state_code']
  recommendation updated
  publish: {'entity': 'business', 'action': 'create', 'id': 'a3c0d81f-bebd-4090-9260-b09c859ec4ca', 'slug': 'svoi-allen-montessori-academy'}

[9/50] Fairy Tale Child Care - Детский Сад Сказка
  svoi: webs=0 phones=1 addr=6805 Wedgestone Drive
  no company website
  fill keys: ['address_line', 'city', 'google_maps_url', 'location_precision', 'phone', 'postal_code', 'state_code']
  recommendation updated
  publish: {'entity': 'business', 'action': 'create', 'id': 'cb8053ac-925e-4be0-ad0a-fa7d739ef59a', 'slug': 'svoi-fairy-tale-child-care'}

[10/50] Sunshine International Learning Center
  svoi: webs=0 phones=4 addr=5940 Alma Drive
  no company website
  fill keys: ['address_line', 'city', 'google_maps_url', 'location_precision', 'phone', 'postal_code', 'state_code']
  recommendation updated
  publish: {'entity': 'business', 'action': 'create', 'id': '3c74cb2d-1baa-44e1-b15e-894959568001', 'slug': 'svoi-sunshine-international-learning-center'}

[11/50] Star Mountain Art
  svoi: webs=1 phones=1 addr=8004 Dallas Pkwy
  website error: <urlopen error [Errno 8] nodename nor servname provided, or not known>
  fill keys: ['address_line', 'city', 'google_maps_url', 'location_precision', 'phone', 'postal_code', 'state_code', 'website']
  recommendation updated
  publish: {'entity': 'business', 'action': 'create', 'id': 'e0f451a9-d785-4dae-8659-47aabe2e67d9', 'slug': 'svoi-star-mountain-art'}

[12/50] Russian 4 Children
  svoi: webs=0 phones=1 addr=611 East Bethany Drive
  no company website
  fill keys: ['address_line', 'city', 'google_maps_url', 'location_precision', 'phone', 'postal_code', 'state_code']
  recommendation updated
  publish: {'entity': 'business', 'action': 'create', 'id': 'a8051f42-5b1b-4743-bb87-dc448b5d8429', 'slug': 'svoi-russian-4-children'}

[13/50] Russian School of Dallas
  svoi: webs=1 phones=1 addr=6039 Churchill Way
  website keys: ['description', 'emails', 'facebook_url']
  fill keys: ['address_line', 'city', 'email', 'google_maps_url', 'location_precision', 'phone', 'state_code', 'website']
  recommendation updated
  publish: {'entity': 'business', 'action': 'create', 'id': '51cf4810-29fd-4447-bfa2-9a99ed51ccb5', 'slug': 'svoi-russian-school-of-dallas'}

[14/50] William Davis Realty
  svoi: webs=0 phones=3 addr=8856 Coleman Boulevard
  no company website
  fill keys: ['address_line', 'city', 'google_maps_url', 'location_precision', 'phone', 'postal_code', 'state_code']
  recommendation updated
  publish: {'entity': 'business', 'action': 'create', 'id': '3c37b19a-e215-4d31-9aff-22a976ebe1cc', 'slug': 'svoi-william-davis-realty'}

[15/50] William Davis Realty - Iryna Mitchell
  svoi: webs=0 phones=2 addr=8856 Coleman Boulevard
  no company website
  fill keys: ['address_line', 'city', 'google_maps_url', 'location_precision', 'phone', 'postal_code', 'state_code']
  recommendation updated
  publish: {'entity': 'business', 'action': 'create', 'id': '7d0f776a-1d7d-4ea7-8536-6f33a4492322', 'slug': 'svoi-william-davis-realty-iryna-mitchell'}

[16/50] William Davis Realty - Lyubov Grassi
  svoi: webs=0 phones=2 addr=8856 Coleman Blvd
  no company website
  fill keys: ['address_line', 'city', 'google_maps_url', 'location_precision', 'phone', 'state_code']
  recommendation updated
  publish: {'entity': 'business', 'action': 'create', 'id': 'b9450329-3b4b-4a0e-8a63-9390502cf316', 'slug': 'svoi-william-davis-realty-lyubov-grassi'}

[17/50] Capelli Salon
  svoi: webs=0 phones=1 addr=19177 Preston Road
  no company website
  fill keys: ['address_line', 'city', 'google_maps_url', 'location_precision', 'phone', 'postal_code', 'state_code']
  recommendation updated
  publish: {'entity': 'business', 'action': 'create', 'id': 'ba082507-df36-4918-af40-55d0f33c56e0', 'slug': 'svoi-capelli-salon'}

[18/50] Veda Light Wellness Center
  svoi: webs=0 phones=1 addr=5039 Addison Circle
  no company website
  fill keys: ['address_line', 'city', 'google_maps_url', 'location_precision', 'phone', 'postal_code', 'state_code']
  recommendation updated
  publish: {'entity': 'business', 'action': 'create', 'id': '3cb5393b-9d2b-44f3-80fe-96b2cff44fc1', 'slug': 'svoi-veda-light-wellness-center'}

[19/50] Spa Habitat West Village
  svoi: webs=0 phones=4 addr=McKinney Ave #304 (West Village) 3699
  no company website
  fill keys: ['address_line', 'city', 'google_maps_url', 'location_precision', 'phone', 'postal_code', 'state_code']
  recommendation updated
  publish: {'entity': 'professional', 'action': 'create', 'id': '7c91b550-9b32-46c9-8fb3-81fe8da64d64', 'slug': 'svoi-spa-habitat-west-village'}

[20/50] Mix&Match Insurance
  svoi: webs=0 phones=3 addr=6401 Eldorado Parkway
  no company website
  fill keys: ['address_line', 'city', 'google_maps_url', 'location_precision', 'phone', 'state_code']
  recommendation updated
  publish: {'entity': 'business', 'action': 'create', 'id': '924b4bc1-d48a-442b-8bc0-7306a8ab9bb2', 'slug': 'svoi-mix-match-insurance'}

[21/50] Victor Corby Insurance Agency
  svoi: webs=0 phones=1 addr=16800 Dallas Parkway
  no company website
  fill keys: ['address_line', 'city', 'google_maps_url', 'location_precision', 'phone', 'postal_code', 'state_code']
  recommendation updated
  publish: {'entity': 'business', 'action': 'create', 'id': '10dfad1d-9b4a-40df-8b59-8b35259fc4ca', 'slug': 'svoi-victor-corby-insurance-agency'}

[22/50] ACE Data Recovery
  svoi: webs=1 phones=1 addr=17778 Preston Rd.
  website keys: ['description', 'emails', 'facebook_url', 'instagram_url', 'phones']
  fill keys: ['address_line', 'city', 'email', 'google_maps_url', 'instagram_url', 'location_precision', 'phone', 'state_code', 'website']
  recommendation updated
  publish: {'entity': 'business', 'action': 'create', 'id': 'cda4ca10-faf2-417d-aba7-ac2e5ff29161', 'slug': 'svoi-ace-data-recovery'}

[23/50] Russian and Ukrainian Translations by Inna Oslon
  svoi: webs=0 phones=1 addr=1431 Stagecoach Drive
  no company website
  fill keys: ['address_line', 'city', 'google_maps_url', 'location_precision', 'phone', 'postal_code', 'state_code']
  recommendation updated
  publish: {'entity': 'business', 'action': 'create', 'id': '611101d0-fc10-4f40-9943-9593a4c4c5f9', 'slug': 'svoi-russian-and-ukrainian-translations-by-inna-oslon'}

[24/50] Marina Rybalka Photography
  svoi: webs=1 phones=2 addr=Dallas
  weak address skipped: Dallas
  website error: HTTP Error 403: Forbidden
  fill keys: ['city', 'google_maps_url', 'phone', 'website']
  recommendation updated
  skip publish (entity=business, street=False)

[25/50] DB Tax Service
  svoi: webs=0 phones=1 addr=4222 Trinity Mills Rd
  no company website
  fill keys: ['address_line', 'city', 'google_maps_url', 'location_precision', 'phone', 'postal_code', 'state_code']
  recommendation updated
  publish: {'entity': 'business', 'action': 'create', 'id': '06fcd40b-62e0-4148-bd4c-a84b3a675363', 'slug': 'svoi-db-tax-service'}

[26/50] Aspire Lending
  svoi: webs=1 phones=2 addr=4100 Alpha Road
  website keys: ['address_line', 'city', 'description', 'facebook_url', 'phones', 'postal_code', 'state_code']
  fill keys: ['address_line', 'city', 'google_maps_url', 'location_precision', 'phone', 'postal_code', 'state_code', 'website']
  recommendation updated
  publish: {'entity': 'business', 'action': 'create', 'id': '2fdad7e7-65bc-456e-ad40-329ce9ff6248', 'slug': 'svoi-aspire-lending'}

[27/50] Lena Pearlman at First United Bank
  svoi: webs=1 phones=2 addr=8750 North Central Expway
  website keys: ['emails', 'facebook_url', 'phones']
  fill keys: ['address_line', 'city', 'email', 'google_maps_url', 'location_precision', 'phone', 'website']
  recommendation updated
  publish: {'entity': 'business', 'action': 'create', 'id': 'e0d5a9dc-b1f2-49aa-a0c7-d4d4e47ab297', 'slug': 'svoi-lena-pearlman-at-first-united-bank'}

[28/50] Euro Deli
  svoi: webs=0 phones=1 addr=670 N Coit Rd
  no company website
  fill keys: ['address_line', 'city', 'google_maps_url', 'location_precision', 'phone', 'postal_code', 'state_code']
  recommendation updated
  publish: {'entity': 'business', 'action': 'create', 'id': '1ff82bdb-8063-4045-af82-d834a9235e18', 'slug': 'svoi-euro-deli'}

[29/50] Deli News
  svoi: webs=1 phones=1 addr=17062 Preston Road
  website keys: ['address_line', 'city', 'facebook_url', 'postal_code', 'state_code', 'yelp_url']
  fill keys: ['address_line', 'city', 'google_maps_url', 'location_precision', 'phone', 'postal_code', 'state_code', 'website', 'yelp_url']
  recommendation updated
  publish: {'entity': 'business', 'action': 'create', 'id': 'a924abec-26fb-4f15-b1e2-edfd4d9ab4f3', 'slug': 'svoi-deli-news'}

[30/50] Russian Banya of Dallas - Family Spa and Restaurant
  svoi: webs=0 phones=4 addr=2215 East Rosemeade Parkway
  no company website
  fill keys: ['address_line', 'city', 'google_maps_url', 'location_precision', 'phone', 'postal_code', 'state_code']
  recommendation updated
  publish: {'entity': 'business', 'action': 'create', 'id': '3e560357-4d55-4aef-bc03-a83b37f7a832', 'slug': 'svoi-russian-banya-of-dallas-family-spa-and-restauran'}

[31/50] Sedation &Implant Dentistry
  svoi: webs=0 phones=1 addr=1815 Suburban Avenue
  no company website
  fill keys: ['address_line', 'city', 'google_maps_url', 'location_precision', 'phone', 'postal_code', 'state_code']
  recommendation updated
  publish: {'entity': 'business', 'action': 'create', 'id': '638e26f8-3b88-4b6b-a45e-75392ec5bfe0', 'slug': 'svoi-sedation-implant-dentistry'}

[32/50] Gendler Dental Center
  svoi: webs=0 phones=1 addr=1222 Mainstreet
  no company website
  fill keys: ['address_line', 'city', 'google_maps_url', 'location_precision', 'phone', 'postal_code', 'state_code']
  recommendation updated
  publish: {'entity': 'business', 'action': 'create', 'id': 'e62aef47-4282-40fd-a85a-f831ef4d726d', 'slug': 'svoi-gendler-dental-center'}

[33/50] Dimple Malik DDS
  svoi: webs=0 phones=1 addr=4227 Winnetka Avenue North
  no company website
  fill keys: ['address_line', 'city', 'google_maps_url', 'location_precision', 'phone', 'postal_code', 'state_code']
  recommendation updated
  publish: {'entity': 'professional', 'action': 'create', 'id': '4e046537-b0fa-4072-9089-c79fe8615ca1', 'slug': 'svoi-dimple-malik-dds'}

[34/50] Natalie Levin and associates, llc
  svoi: webs=0 phones=1 addr=2915
  no company website
  fill keys: ['address_line', 'city', 'google_maps_url', 'location_precision', 'phone', 'postal_code', 'state_code']
  recommendation updated
  publish: {'entity': 'business', 'action': 'create', 'id': '95f56066-5572-4761-a1a4-3d236841d9b4', 'slug': 'svoi-natalie-levin-and-associates-llc'}

[35/50] Midwest Institute of Urology
  svoi: webs=0 phones=1 addr=6600 France Avenue South
  no company website
  fill keys: ['address_line', 'city', 'google_maps_url', 'location_precision', 'phone', 'postal_code', 'state_code']
  recommendation updated
  publish: {'entity': 'business', 'action': 'create', 'id': '57e6df52-d0ae-4bd1-97fe-02d47bf55ce4', 'slug': 'svoi-midwest-institute-of-urology'}

[36/50] Dr. Bella S. Shklyarova, MD/Park Nicollet Clinic
  svoi: webs=0 phones=1 addr=3800 Park Nicollet Boulevard
  no company website
  fill keys: ['address_line', 'city', 'google_maps_url', 'location_precision', 'phone', 'postal_code', 'state_code']
  recommendation updated
  publish: {'entity': 'business', 'action': 'create', 'id': 'cbc368fd-10cb-41de-b2f2-3179035250ad', 'slug': 'svoi-dr-bella-s-shklyarova-md-park-nicollet-clinic'}

[37/50] Dr. Alexander Axelrod MD
  svoi: webs=0 phones=1 addr=4201 Excelsior Boulevard
  no company website
  fill keys: ['address_line', 'city', 'google_maps_url', 'location_precision', 'phone', 'state_code']
  recommendation updated
  publish: {'entity': 'professional', 'action': 'create', 'id': 'c93ab5cc-4fc4-47d2-b464-4ad4e7351389', 'slug': 'svoi-dr-alexander-axelrod-md'}

[38/50] Life Medical Clinic: Axelrod Alexander MD
  svoi: webs=0 phones=1 addr=4201 Excelsior Boulevard
  no company website
  fill keys: ['address_line', 'city', 'google_maps_url', 'location_precision', 'phone', 'postal_code', 'state_code']
  recommendation updated
  publish: {'entity': 'business', 'action': 'create', 'id': '11120676-bfb3-48db-9860-d26cc3a6442e', 'slug': 'svoi-life-medical-clinic-axelrod-alexander-md'}

[39/50] Eyecare MPLS. Stella Hennen
  svoi: webs=1 phones=1 addr=3033 Excelsior Boulevard
  website error: HTTP Error 404: Not Found
  fill keys: ['address_line', 'city', 'google_maps_url', 'location_precision', 'phone', 'state_code', 'website']
  recommendation updated
  publish: {'entity': 'business', 'action': 'create', 'id': '5d04f673-210c-43b3-ad2a-593de5ab3c4d', 'slug': 'svoi-eyecare-mpls-stella-hennen'}

[40/50] ​Paparella Ear Institute. Д-р Олег Фраймович
  svoi: webs=0 phones=1 addr=9825 Hospital Drive
  no company website
  fill keys: ['address_line', 'city', 'google_maps_url', 'location_precision', 'phone', 'state_code']
  recommendation updated
  publish: {'entity': 'professional', 'action': 'create', 'id': '2a649d5a-d9e7-4738-8f4d-1d4d980a7087', 'slug': 'svoi-paparella-ear-institute'}

[41/50] Dr. Oleg Froymovich MD
  svoi: webs=0 phones=2 addr=25th Ave S #200 701
  no company website
  fill keys: ['address_line', 'city', 'google_maps_url', 'location_precision', 'phone', 'postal_code', 'state_code']
  recommendation updated
  publish: {'entity': 'professional', 'action': 'create', 'id': 'ae520168-d617-4e0b-ad9d-3ec06b602945', 'slug': 'svoi-dr-oleg-froymovich-md'}

[42/50] Д-р Александр Зубков MD
  svoi: webs=0 phones=1 addr=3400 West 66th Street
  no company website
  fill keys: ['address_line', 'city', 'google_maps_url', 'location_precision', 'phone', 'postal_code', 'state_code']
  recommendation updated
  publish: {'entity': 'professional', 'action': 'create', 'id': '2c779337-ae60-4c68-8997-ba8ec9214c26', 'slug': 'svoi-md-7'}

[43/50] National Dizzy and Balance Center
  svoi: webs=0 phones=1 addr=162 Cobblestone Lane
  no company website
  fill keys: ['address_line', 'city', 'google_maps_url', 'location_precision', 'phone', 'postal_code', 'state_code']
  recommendation updated
  publish: {'entity': 'business', 'action': 'create', 'id': '9d7377c6-b83d-4846-bd5d-619df563993f', 'slug': 'svoi-national-dizzy-and-balance-center'}

[44/50] Fairview Ridges Hospital
  svoi: webs=0 phones=1 addr=201 East Nicollet Boulevard
  no company website
  fill keys: ['address_line', 'city', 'google_maps_url', 'location_precision', 'phone', 'postal_code', 'state_code']
  recommendation updated
  publish: {'entity': 'business', 'action': 'create', 'id': '0a040d7b-7cd9-4b34-8f0c-6b1435ddb949', 'slug': 'svoi-fairview-ridges-hospital'}

[45/50] Westwood Foot Clinic
  svoi: webs=1 phones=1 addr=669 Winnetka Avenue North
  website keys: ['description', 'emails', 'facebook_url', 'opening_hours']
  fill keys: ['address_line', 'city', 'email', 'google_maps_url', 'location_precision', 'opening_hours', 'phone', 'postal_code', 'state_code', 'website']
  recommendation updated
  publish: {'entity': 'business', 'action': 'create', 'id': '05a76a4f-f9a4-4e39-9e04-be4bbf611652', 'slug': 'svoi-westwood-foot-clinic'}

[46/50] United Community Pharmacy
  svoi: webs=1 phones=1 addr=2500 New Brighton Boulevard
  website keys: ['description', 'facebook_url', 'phones']
  fill keys: ['address_line', 'city', 'google_maps_url', 'location_precision', 'phone', 'postal_code', 'state_code', 'website']
  recommendation updated
  publish: {'entity': 'business', 'action': 'create', 'id': '310cddd0-389c-4a63-b9b5-cbc093c317e2', 'slug': 'svoi-united-community-pharmacy'}

[47/50] Tonka Medical Supplies Inc
  svoi: webs=0 phones=1 addr=8110 Minnetonka Boulevard
  no company website
  fill keys: ['address_line', 'city', 'google_maps_url', 'location_precision', 'phone', 'postal_code', 'state_code']
  recommendation updated
  publish: {'entity': 'business', 'action': 'create', 'id': 'f761decc-912b-4766-97e2-90c21aec9466', 'slug': 'svoi-tonka-medical-supplies-inc'}

[48/50] ​Feldmann Mercedes Benz
  svoi: webs=1 phones=1 addr=4901 American Boulevard West
  website error: HTTP Error 403: Forbidden
  fill keys: ['address_line', 'city', 'google_maps_url', 'location_precision', 'phone', 'state_code', 'website']
  recommendation updated
  publish: {'entity': 'business', 'action': 'create', 'id': '88b8d63a-afac-4448-9a47-d409f7c931c0', 'slug': 'svoi-feldmann-mercedes-benz'}

[49/50] RUDY LUTHER TOYOTA
  svoi: webs=0 phones=1 addr=8805 Wayzata Boulevard
  no company website
  fill keys: ['address_line', 'city', 'google_maps_url', 'location_precision', 'phone', 'postal_code', 'state_code']
  recommendation updated
  publish: {'entity': 'business', 'action': 'create', 'id': 'c61444f9-3f22-4c31-84cd-47bac732174c', 'slug': 'svoi-rudy-luther-toyota'}

[50/50] Rudy Luther Toyota Scion
  svoi: webs=0 phones=1 addr=8805 Wayzata Boulevard
  no company website
  fill keys: ['address_line', 'city', 'google_maps_url', 'location_precision', 'phone', 'postal_code', 'state_code']
  recommendation updated
  publish: {'entity': 'business', 'action': 'create', 'id': '935e8706-52c1-4fea-86eb-6232f54a26ba', 'slug': 'svoi-rudy-luther-toyota-scion'}

Done. enriched=50 with_address=49 published=49 report=/Users/sammov/Russian business AI/scripts/business-enrich/data/svoi_enrich/batch_20260727T034145Z.json
Last targets=50 exit=0

===== ROUND 19 2026-07-27T03:41:45Z =====
targets=50 dry_run=False publish=True places=True publish_enriched=False

[1/50] Auto Glass Expert Co.
  svoi: webs=0 phones=1 addr=91st Avenue North 17719
  no company website
  places: error
  places quota exhausted — continuing without Places
  fill keys: ['address_line', 'city', 'google_maps_url', 'location_precision', 'phone', 'postal_code', 'state_code']
  recommendation updated
  publish: {'entity': 'business', 'action': 'create', 'id': 'ddb2971c-23c2-4dcb-bcb3-867ce0015af0', 'slug': 'svoi-auto-glass-expert-co'}

[2/50] DPR AUTOMOTIVE
  svoi: webs=0 phones=1 addr=3201 E Hwy 13 # 105
  no company website
  fill keys: ['address_line', 'city', 'google_maps_url', 'location_precision', 'phone', 'postal_code', 'state_code']
  recommendation updated
  publish: {'entity': 'business', 'action': 'create', 'id': '3764ccc8-194f-43f8-9910-07ebd78229d9', 'slug': 'svoi-dpr-automotive'}

[3/50] A&A Auto Services
  svoi: webs=0 phones=1 addr=12000 County Road 11
  no company website
  fill keys: ['address_line', 'city', 'google_maps_url', 'location_precision', 'phone', 'postal_code', 'state_code']
  recommendation updated
  publish: {'entity': 'business', 'action': 'create', 'id': 'de16ef8b-14f7-4510-9818-4b41a6e93c94', 'slug': 'svoi-a-a-auto-services'}

[4/50] Mik Transportation Inc
  svoi: webs=0 phones=1 addr=3445 Washington Drive
  no company website
  fill keys: ['address_line', 'city', 'google_maps_url', 'location_precision', 'phone', 'postal_code', 'state_code']
  recommendation updated
  publish: {'entity': 'business', 'action': 'create', 'id': '74831eb8-7c72-4de4-9f63-538bdfd6bfbb', 'slug': 'svoi-mik-transportation-inc'}

[5/50] ORPR Camp
  svoi: webs=0 phones=1 addr=4991 Perkinsville Road
  no company website
  fill keys: ['address_line', 'city', 'google_maps_url', 'location_precision', 'phone', 'state_code']
  recommendation updated
  publish: {'entity': 'business', 'action': 'create', 'id': '2076fd4f-5a21-4229-9aaf-1ba2fbb57fc7', 'slug': 'svoi-orpr-camp'}

[6/50] Day Care “Winny - Pukh”
  svoi: webs=0 phones=1 addr=Magnolia Avenue South
  no company website
  fill keys: ['address_line', 'city', 'google_maps_url', 'location_precision', 'phone', 'state_code']
  recommendation updated
  publish: {'entity': 'business', 'action': 'create', 'id': '71902905-5674-4995-a8f4-e99de009ad03', 'slug': 'svoi-day-care-winny-pukh'}

[7/50] Sunflower Daycare
  svoi: webs=1 phones=1 addr=1800 County Road 42 East
  website keys: ['description', 'facebook_url', 'instagram_url', 'phones']
  fill keys: ['address_line', 'city', 'google_maps_url', 'instagram_url', 'location_precision', 'phone', 'postal_code', 'state_code', 'website']
  recommendation updated
  publish: {'entity': 'business', 'action': 'create', 'id': '595d1062-5080-4a25-8e6b-e156e42f5821', 'slug': 'svoi-sunflower-daycare'}

[8/50] Nasha Shkola
  svoi: webs=0 phones=1 addr=3500 Williston Road
  no company website
  fill keys: ['address_line', 'city', 'google_maps_url', 'location_precision', 'phone', 'postal_code', 'state_code']
  recommendation updated
  publish: {'entity': 'business', 'action': 'create', 'id': '31df1b6b-3e03-4bb4-96e1-0269228b6ac5', 'slug': 'svoi-nasha-shkola'}

[9/50] Bookvar Russian Language School
  svoi: webs=0 phones=2 addr=6480 Wayzata Boulevard
  no company website
  fill keys: ['address_line', 'city', 'google_maps_url', 'location_precision', 'phone', 'postal_code', 'state_code']
  recommendation updated
  publish: {'entity': 'business', 'action': 'create', 'id': '0ad0c332-daf1-48d0-8282-81c2d2436bc8', 'slug': 'svoi-bookvar-russian-language-school'}

[10/50] Еврейская Школа Истоки
  svoi: webs=0 phones=1 addr=2800 Joppa Avenue South
  no company website
  fill keys: ['address_line', 'city', 'google_maps_url', 'location_precision', 'phone', 'state_code']
  recommendation updated
  publish: {'entity': 'business', 'action': 'create', 'id': '53eac427-907d-4df9-ad96-707b9fc6b4cd', 'slug': 'svoi-biz-82'}

[11/50] Edgeline Realty (Татьяна Мачуканс)
  svoi: webs=0 phones=2 addr=9179 Woodhill Dr
  no company website
  fill keys: ['address_line', 'city', 'google_maps_url', 'location_precision', 'phone', 'postal_code', 'state_code']
  recommendation updated
  publish: {'entity': 'business', 'action': 'create', 'id': '82c50183-f9f3-4124-8991-8de16c787890', 'slug': 'svoi-edgeline-realty'}

[12/50] Lyakh Nina Real Estate Agent
  svoi: webs=0 phones=1 addr=9179 Woodhill Dr
  no company website
  fill keys: ['address_line', 'city', 'google_maps_url', 'location_precision', 'phone', 'postal_code', 'state_code']
  recommendation updated
  publish: {'entity': 'business', 'action': 'create', 'id': '38069f64-6e54-4cef-86a9-de212dc45e47', 'slug': 'svoi-lyakh-nina-real-estate-agent'}

[13/50] Ravil Ahmetshin at Edgeline Realty
  svoi: webs=0 phones=4 addr=9179 Woodhill Drive
  no company website
  fill keys: ['address_line', 'city', 'google_maps_url', 'location_precision', 'phone', 'state_code']
  recommendation updated
  publish: {'entity': 'business', 'action': 'create', 'id': 'a48bdcdb-911a-42f5-bdb7-400b6e9616f5', 'slug': 'svoi-ravil-ahmetshin-at-edgeline-realty'}

[14/50] MS Universal Services, Michael Sher
  svoi: webs=0 phones=1 addr=4785 Underwood Ln. N
  no company website
  fill keys: ['address_line', 'city', 'google_maps_url', 'location_precision', 'phone', 'postal_code', 'state_code']
  recommendation updated
  publish: {'entity': 'business', 'action': 'create', 'id': 'f0027f33-a47a-426e-b347-07e2d045aabc', 'slug': 'svoi-ms-universal-services-michael-sher'}

[15/50] Olesia Evgrafova Salon Concept
  svoi: webs=0 phones=2 addr=12330 Wayzata Boulevard
  no company website
  fill keys: ['address_line', 'city', 'google_maps_url', 'location_precision', 'phone', 'state_code']
  recommendation updated
  publish: {'entity': 'business', 'action': 'create', 'id': 'ac212862-80d2-4ea8-b434-2d8383128368', 'slug': 'svoi-olesia-evgrafova-salon-concept'}

[16/50] Shoppe 5101 Salon & Spa
  svoi: webs=0 phones=1 addr=5101 Vernon Avenue South
  no company website
  fill keys: ['address_line', 'city', 'google_maps_url', 'location_precision', 'phone', 'postal_code', 'state_code']
  recommendation updated
  publish: {'entity': 'business', 'action': 'create', 'id': 'd634ef36-21c4-43ff-a3aa-14f8bdaa155c', 'slug': 'svoi-shoppe-5101-salon-spa'}

[17/50] Pixy Salon
  svoi: webs=0 phones=1 addr=4801 Welcome Avenue North
  no company website
  fill keys: ['address_line', 'city', 'google_maps_url', 'location_precision', 'phone', 'postal_code', 'state_code']
  recommendation updated
  publish: {'entity': 'business', 'action': 'create', 'id': '74865899-a574-44cd-9423-f9586a02e882', 'slug': 'svoi-pixy-salon'}

[18/50] Массажный Центр Нева
  svoi: webs=1 phones=1 addr=821 W Cedar Lake Rd
  website keys: ['description', 'emails', 'facebook_url', 'phones', 'yelp_url']
  fill keys: ['address_line', 'city', 'email', 'google_maps_url', 'location_precision', 'phone', 'postal_code', 'state_code', 'website', 'yelp_url']
  recommendation updated
  publish: {'entity': 'business', 'action': 'create', 'id': '6f62338d-bd8c-4f92-b050-6d91d6114071', 'slug': 'svoi-biz-83'}

[19/50] Liberty Mutual2
  svoi: webs=1 phones=1 addr=2127 Cliff Road
  website keys: ['address_line', 'city', 'description', 'facebook_url', 'instagram_url', 'phones', 'postal_code', 'state_code']
  fill keys: ['address_line', 'city', 'google_maps_url', 'instagram_url', 'location_precision', 'phone', 'postal_code', 'state_code', 'website']
  recommendation updated
  publish: {'entity': 'business', 'action': 'create', 'id': 'd496386f-7b6b-4915-b00a-7dba09bf5b19', 'slug': 'svoi-liberty-mutual2'}

[20/50] S& R INSURANCE & FINANCIAL SERVICES (Стелла Кравец)
  svoi: webs=0 phones=1 addr=8485 Underwood Lane North
  no company website
  fill keys: ['address_line', 'city', 'google_maps_url', 'location_precision', 'phone', 'postal_code', 'state_code']
  recommendation updated
  publish: {'entity': 'professional', 'action': 'create', 'id': 'b8fcd16e-94a1-4a00-86fb-3241a31428e5', 'slug': 'svoi-s-r-insurance-financial-services'}

[21/50] CITY INSURANCE (Сергей Кенигсберг)
  svoi: webs=1 phones=1 addr=3030 Harbor Lane North
  website keys: ['address_line', 'city', 'description', 'emails', 'phones', 'postal_code', 'state_code']
  fill keys: ['address_line', 'city', 'email', 'google_maps_url', 'location_precision', 'phone', 'postal_code', 'state_code', 'website']
  recommendation updated
  publish: {'entity': 'business', 'action': 'create', 'id': '5460031e-2129-40f0-9ad1-1ce9c6848917', 'slug': 'svoi-city-insurance'}

[22/50] Small Travel Agency
  svoi: webs=0 phones=3 addr=Eden Prairie
  weak address skipped: Eden Prairie
  no company website
  fill keys: ['city', 'google_maps_url', 'phone']
  recommendation updated
  skip publish (entity=business, street=False)

[23/50] Travel with Liza
  svoi: webs=1 phones=2 addr=3735 Archer Lane North
  website keys: ['description', 'instagram_url']
  fill keys: ['address_line', 'city', 'google_maps_url', 'instagram_url', 'location_precision', 'phone', 'postal_code', 'state_code', 'website']
  recommendation updated
  publish: {'entity': 'business', 'action': 'create', 'id': '26519a87-52cb-445a-b431-90479a33bb57', 'slug': 'svoi-travel-with-liza'}

[24/50] AKSANA TRAVEL & VACATIONS LLC
  svoi: webs=0 phones=2 addr=4455 Reservoir Boulevard
  no company website
  fill keys: ['address_line', 'city', 'google_maps_url', 'location_precision', 'phone', 'postal_code', 'state_code']
  recommendation updated
  publish: {'entity': 'business', 'action': 'create', 'id': '73bde95c-f6de-46ef-8a89-b21b1f3554ff', 'slug': 'svoi-aksana-travel-vacations-llc'}

[25/50] Itasca Interpretation Services
  svoi: webs=1 phones=1 addr=1549 Livingston Avenue
  website keys: []
  fill keys: ['address_line', 'city', 'google_maps_url', 'location_precision', 'phone', 'state_code', 'website']
  recommendation updated
  publish: {'entity': 'business', 'action': 'create', 'id': '59f054f6-ff67-4766-a4cb-77d6ed74364c', 'slug': 'svoi-itasca-interpretation-services'}

[26/50] N and N Interpreter Company
  svoi: webs=0 phones=1 addr=10750 Rockford Road
  no company website
  fill keys: ['address_line', 'city', 'google_maps_url', 'location_precision', 'phone', 'postal_code', 'state_code']
  recommendation updated
  publish: {'entity': 'business', 'action': 'create', 'id': '40dc12d7-dbaa-42dd-a9b6-2eeb3c45be5f', 'slug': 'svoi-n-and-n-interpreter-company'}

[27/50] ALEKSANDR KABAKOV
  svoi: webs=0 phones=1 addr=7356 York Ave N
  no company website
  fill keys: ['address_line', 'city', 'google_maps_url', 'location_precision', 'phone', 'postal_code', 'state_code']
  recommendation updated
  publish: {'entity': 'business', 'action': 'create', 'id': '9cdf017f-3a61-4fb3-bc48-f4e23b3574d0', 'slug': 'svoi-aleksandr-kabakov'}

[28/50] Sir Speedy Printing and Marketing Services
  svoi: webs=0 phones=1 addr=2525 Nevada Avenue North
  no company website
  fill keys: ['address_line', 'city', 'google_maps_url', 'location_precision', 'phone', 'postal_code', 'state_code']
  recommendation updated
  publish: {'entity': 'business', 'action': 'create', 'id': 'f55d2787-60b3-4571-82a5-2f8710c05b10', 'slug': 'svoi-sir-speedy-printing-and-marketing-services'}

[29/50] Marinas Sewing
  svoi: webs=0 phones=1 addr=503 Jackson Avenue Northwest
  no company website
  fill keys: ['address_line', 'city', 'google_maps_url', 'location_precision', 'phone', 'state_code']
  recommendation updated
  publish: {'entity': 'business', 'action': 'create', 'id': 'b3f4f12f-c9a8-41d3-98a5-37616ddaf904', 'slug': 'svoi-marinas-sewing'}

[30/50] Lenas Tailoring
  svoi: webs=1 phones=1 addr=Pennsylvania Avenue North
  website keys: []
  fill keys: ['address_line', 'city', 'google_maps_url', 'location_precision', 'phone', 'postal_code', 'state_code', 'website']
  recommendation updated
  publish: {'entity': 'business', 'action': 'create', 'id': '5522a071-cd3a-4328-b101-94fb85f1f88b', 'slug': 'svoi-lenas-tailoring'}

[31/50] Grand Cleaners
  svoi: webs=0 phones=1 addr=1645 White Bear Avenue
  no company website
  fill keys: ['address_line', 'city', 'google_maps_url', 'location_precision', 'phone', 'postal_code', 'state_code']
  recommendation updated
  publish: {'entity': 'business', 'action': 'create', 'id': 'b4144937-11b0-46cb-80dd-eeaf9e6bc898', 'slug': 'svoi-grand-cleaners'}

[32/50] White House Custom Colour in South St Paul
  svoi: webs=0 phones=1 addr=156 Hardman Avenue South
  no company website
  fill keys: ['address_line', 'city', 'google_maps_url', 'location_precision', 'phone', 'state_code']
  recommendation updated
  publish: {'entity': 'business', 'action': 'create', 'id': 'c30fa95f-3795-4c29-89e0-5759dfef344a', 'slug': 'svoi-white-house-custom-colour-in-south-st-paul'}

[33/50] Accent Photography
  svoi: webs=0 phones=2 addr=3990 Zanzibar Lane North
  no company website
  fill keys: ['address_line', 'city', 'google_maps_url', 'location_precision', 'phone', 'postal_code', 'state_code']
  recommendation updated
  publish: {'entity': 'business', 'action': 'create', 'id': '8e00b0f9-0be6-4577-9f78-3906c3858821', 'slug': 'svoi-accent-photography'}

[34/50] Zafar Photography
  svoi: webs=0 phones=1 addr=Minneapolis
  weak address skipped: Minneapolis
  no company website
  fill keys: ['city', 'google_maps_url', 'phone']
  recommendation updated
  skip publish (entity=business, street=False)

[35/50] Dykhne CPA, Tax and Accounting Services
  svoi: webs=0 phones=1 addr=9001 East Bloomington Freeway
  no company website
  fill keys: ['address_line', 'city', 'google_maps_url', 'location_precision', 'phone', 'postal_code', 'state_code']
  recommendation updated
  publish: {'entity': 'business', 'action': 'create', 'id': '1bd164be-d21f-4de0-9f89-fbca562efae8', 'slug': 'svoi-dykhne-cpa-tax-and-accounting-services'}

[36/50] Ширль Рафаил
  svoi: webs=0 phones=1 addr=32nd Avenue North 13340
  no company website
  fill keys: ['address_line', 'city', 'google_maps_url', 'location_precision', 'phone', 'postal_code', 'state_code']
  recommendation updated
  publish: {'entity': 'business', 'action': 'create', 'id': '3ec4e0be-004d-43b7-8bc8-c63c4cff9a3e', 'slug': 'svoi-biz-84'}

[37/50] Vilana Inc
  svoi: webs=0 phones=1 addr=51st Avenue North 15600
  no company website
  fill keys: ['address_line', 'city', 'google_maps_url', 'location_precision', 'phone', 'postal_code', 'state_code']
  recommendation updated
  publish: {'entity': 'business', 'action': 'create', 'id': 'e0333700-a192-45f9-8a48-5986321acb21', 'slug': 'svoi-vilana-inc'}

[38/50] Добкин Сергей
  svoi: webs=0 phones=2 addr=1101 E 78th Street
  no company website
  fill keys: ['address_line', 'city', 'google_maps_url', 'location_precision', 'phone', 'postal_code', 'state_code']
  recommendation updated
  publish: {'entity': 'business', 'action': 'create', 'id': 'ef0bc935-1920-46e1-b64a-9c4abb88e1bc', 'slug': 'svoi-biz-85'}

[39/50] Paradise Market - European Foods
  svoi: webs=0 phones=1 addr=1309 East Highway 13
  no company website
  fill keys: ['address_line', 'city', 'google_maps_url', 'location_precision', 'phone', 'postal_code', 'state_code']
  recommendation updated
  publish: {'entity': 'business', 'action': 'create', 'id': '7a91f0ce-1780-46b6-8b6f-1277c52f437c', 'slug': 'svoi-paradise-market-european-foods'}

[40/50] Ukrainian Deli
  svoi: webs=0 phones=1 addr=99th Avenue Northwest 455
  no company website
  fill keys: ['address_line', 'city', 'google_maps_url', 'location_precision', 'phone', 'postal_code', 'state_code']
  recommendation updated
  publish: {'entity': 'business', 'action': 'create', 'id': '74410875-f763-4e2a-aada-a50b6e1849db', 'slug': 'svoi-ukrainian-deli'}

[41/50] Ukrainian Deli LLC
  svoi: webs=0 phones=1 addr=99th Avenue Northwest 455
  no company website
  fill keys: ['address_line', 'city', 'google_maps_url', 'location_precision', 'phone', 'postal_code', 'state_code']
  recommendation updated
  publish: {'entity': 'business', 'action': 'create', 'id': '440c7489-72b7-46f3-a140-008fd73bdf9f', 'slug': 'svoi-ukrainian-deli-llc'}

[42/50] Margarita Flowers LLC
  svoi: webs=0 phones=1 addr=Plymouth
  weak address skipped: Plymouth
  no company website
  fill keys: ['city', 'google_maps_url', 'phone']
  recommendation updated
  skip publish (entity=business, street=False)

[43/50] Liquor Dug Out Two
  svoi: webs=0 phones=1 addr=12 Nathan Lane North
  no company website
  fill keys: ['address_line', 'city', 'google_maps_url', 'location_precision', 'phone', 'state_code']
  recommendation updated
  publish: {'entity': 'business', 'action': 'create', 'id': 'e3b3fcfa-16b2-4b96-9216-a8af70f44fbd', 'slug': 'svoi-liquor-dug-out-two'}

[44/50] The Ukrainian Gift Shop
  svoi: webs=0 phones=1 addr=1008 North 5th Street
  no company website
  fill keys: ['address_line', 'city', 'google_maps_url', 'location_precision', 'phone', 'postal_code', 'state_code']
  recommendation updated
  publish: {'entity': 'business', 'action': 'create', 'id': '759af288-56a2-48d2-ad31-9b05d1f66edb', 'slug': 'svoi-the-ukrainian-gift-shop'}

[45/50] Russian Tea House - Restaurants
  svoi: webs=0 phones=1 addr=St. Paul
  no company website
  fill keys: ['address_line', 'city', 'google_maps_url', 'location_precision', 'phone']
  recommendation updated
  publish: {'entity': 'business', 'action': 'create', 'id': 'a6022df7-c739-4049-b516-c9a5c054cd19', 'slug': 'svoi-russian-tea-house-restaurants'}

[46/50] Moscow On The Hill - Restaurants
  svoi: webs=1 phones=1 addr=371 Selby Avenue
  website keys: ['description', 'facebook_url', 'instagram_url', 'opening_hours']
  fill keys: ['address_line', 'city', 'google_maps_url', 'instagram_url', 'location_precision', 'opening_hours', 'phone', 'state_code', 'website']
  recommendation updated
  publish: {'entity': 'business', 'action': 'create', 'id': 'bc8a7be9-bbc2-4761-8de6-3bcdeb71fb46', 'slug': 'svoi-moscow-on-the-hill-restaurants'}

[47/50] St Petersburg - Restaurants
  svoi: webs=0 phones=4 addr=3610 France Avenue North
  no company website
  fill keys: ['address_line', 'city', 'google_maps_url', 'location_precision', 'phone', 'postal_code', 'state_code']
  recommendation updated
  publish: {'entity': 'business', 'action': 'create', 'id': '552d72db-fee1-4670-bd12-8ab60a0cb244', 'slug': 'svoi-st-petersburg-restaurants'}

[48/50] Mr Elite Motors - South Florida Car Rental
  svoi: webs=1 phones=2 addr=701 Southwest 27th Avenue
  website error: HTTP Error 308: Permanent Redirect
  fill keys: ['address_line', 'city', 'google_maps_url', 'location_precision', 'phone', 'postal_code', 'state_code', 'website']
  recommendation updated
  publish: {'entity': 'business', 'action': 'create', 'id': 'fa994437-fbb0-4319-b447-cf1024592476', 'slug': 'svoi-mr-elite-motors-south-florida-car-rental'}

[49/50] Mercedes-Benz of Fort Lauderdale
  svoi: webs=0 phones=1 addr=2411 South Federal Highway
  no company website
  fill keys: ['address_line', 'city', 'google_maps_url', 'location_precision', 'phone', 'postal_code', 'state_code']
  recommendation updated
  publish: {'entity': 'business', 'action': 'create', 'id': '68fdbf94-0e56-457e-b327-3211b5f597b5', 'slug': 'svoi-mercedes-benz-of-fort-lauderdale'}

[50/50] 105 NORTH FEDERAL
  svoi: webs=0 phones=1 addr=105 North Federal Highway
  no company website
  fill keys: ['address_line', 'city', 'google_maps_url', 'location_precision', 'phone', 'state_code']
  recommendation updated
  publish: {'entity': 'business', 'action': 'create', 'id': 'ba9e8c58-f7cc-4ab9-961b-2d0592f459a3', 'slug': 'svoi-105-north-federal'}

Done. enriched=50 with_address=47 published=47 report=/Users/sammov/Russian business AI/scripts/business-enrich/data/svoi_enrich/batch_20260727T034513Z.json
Last targets=50 exit=0

===== ROUND 20 2026-07-27T03:45:13Z =====
targets=48 dry_run=False publish=True places=True publish_enriched=False

[1/48] Галушко Марина
  svoi: webs=0 phones=1 addr=909 East Las Olas Boulevard
  no company website
  places: error
  places quota exhausted — continuing without Places
  fill keys: ['address_line', 'city', 'google_maps_url', 'location_precision', 'phone', 'postal_code', 'state_code']
  recommendation updated
  publish: {'entity': 'professional', 'action': 'create', 'id': '26f717b7-e256-466c-9a43-b6658b9f1ddd', 'slug': 'svoi-biz-20'}

[2/48] Светлана и Михаил Соколовы
  svoi: webs=0 phones=2 addr=5200 North Federal Highway
  no company website
  fill keys: ['address_line', 'city', 'google_maps_url', 'location_precision', 'phone', 'postal_code', 'state_code']
  recommendation updated
  publish: {'entity': 'business', 'action': 'create', 'id': '7fb5d28c-1cd0-4da1-95b5-3f30c03cd10d', 'slug': 'svoi-biz-86'}

[3/48] Berkowitz Pollack Brant Advisors and Accountants
  svoi: webs=0 phones=2 addr=515 E Las Olas Blvd
  no company website
  fill keys: ['address_line', 'city', 'google_maps_url', 'location_precision', 'phone', 'postal_code', 'state_code']
  recommendation updated
  publish: {'entity': 'business', 'action': 'create', 'id': '1ded3d66-2e16-44d3-a1e2-23072af653e0', 'slug': 'svoi-berkowitz-pollack-brant-advisors-and-accountants'}

[4/48] Back Alley Bar & BBQ
  svoi: webs=1 phones=1 addr=234 Almond Ave
  website keys: ['description', 'phones']
  fill keys: ['address_line', 'city', 'google_maps_url', 'location_precision', 'phone', 'postal_code', 'state_code', 'website']
  recommendation updated
  publish: {'entity': 'business', 'action': 'create', 'id': 'f89a5d13-d189-45ef-a2a0-c56116a6fd61', 'slug': 'svoi-back-alley-bar-bbq'}

[5/48] Cafe Vico Restaurant
  svoi: webs=1 phones=4 addr=1125 North Federal Hwy
  website error: HTTP Error 403: Forbidden
  fill keys: ['address_line', 'city', 'google_maps_url', 'location_precision', 'phone', 'postal_code', 'state_code', 'website']
  recommendation updated
  publish: {'entity': 'business', 'action': 'create', 'id': '9892d9df-daa6-4982-a0e3-855f148eee15', 'slug': 'svoi-cafe-vico-restaurant'}

[6/48] Joseph Kilshtok, D.D.S.
  svoi: webs=0 phones=1 addr=407 Lincoln Road
  no company website
  fill keys: ['address_line', 'city', 'google_maps_url', 'location_precision', 'phone', 'state_code']
  recommendation updated
  publish: {'entity': 'business', 'action': 'create', 'id': '2beb68cf-6de8-494c-9e26-ad84778bbbcc', 'slug': 'svoi-joseph-kilshtok-d-d-s'}

[7/48] Mount Sinai Medical Center - Медицинский центр Mount Sinai
  svoi: webs=0 phones=1 addr=4300 Alton Road
  no company website
  fill keys: ['address_line', 'city', 'google_maps_url', 'location_precision', 'phone', 'postal_code', 'state_code']
  recommendation updated
  publish: {'entity': 'business', 'action': 'create', 'id': 'bcfa9aa7-5ab9-4087-992d-9fa5a1afa17f', 'slug': 'svoi-mount-sinai-medical-center-mount-sinai'}

[8/48] Irina Kim Sang Luxury Broker Associate, MBA, MPhil
  svoi: webs=0 phones=1 addr=1691 Michigan Avenue
  no company website
  fill keys: ['address_line', 'city', 'google_maps_url', 'location_precision', 'phone', 'postal_code', 'state_code']
  recommendation updated
  publish: {'entity': 'business', 'action': 'create', 'id': 'd14df6c0-f1f7-45eb-a73e-995e36a38ab1', 'slug': 'svoi-irina-kim-sang-luxury-broker-associate-mba-mphil'}

[9/48] South Beach Body Waxing Co
  svoi: webs=0 phones=1 addr=1352 Washington Avenue
  no company website
  fill keys: ['address_line', 'city', 'google_maps_url', 'location_precision', 'phone', 'postal_code', 'state_code']
  recommendation updated
  publish: {'entity': 'business', 'action': 'create', 'id': '180f5646-243c-4d84-a912-3044f0937e71', 'slug': 'svoi-south-beach-body-waxing-co'}

[10/48] RUSSIAN-AMERICAN CONSULTING MIAMI OFFICE
  svoi: webs=0 phones=1 addr=1540 Meridian Avenue
  no company website
  fill keys: ['address_line', 'city', 'google_maps_url', 'location_precision', 'phone', 'postal_code', 'state_code']
  recommendation updated
  publish: {'entity': 'business', 'action': 'create', 'id': 'f75c0c09-f4f0-4322-8270-b850a4878916', 'slug': 'svoi-russian-american-consulting-miami-office'}

[11/48] Photographer Alexey Olivenko
  svoi: webs=0 phones=3 addr=Miami Beach
  weak address skipped: Miami Beach
  no company website
  fill keys: ['city', 'google_maps_url', 'phone']
  recommendation updated
  skip publish (entity=business, street=False)

[12/48] Izzy's Fish & Oyster
  svoi: webs=0 phones=1 addr=423 Washington Avenue
  no company website
  fill keys: ['address_line', 'city', 'google_maps_url', 'location_precision', 'phone', 'postal_code', 'state_code']
  recommendation updated
  publish: {'entity': 'business', 'action': 'create', 'id': 'beb38286-631c-4756-b882-0b56b079dcdb', 'slug': 'svoi-izzy-s-fish-oyster'}

[13/48] Tantra Restaurant And Lounge
  svoi: webs=0 phones=1 addr=1445 Pennsylvania Avenue
  no company website
  fill keys: ['address_line', 'city', 'google_maps_url', 'location_precision', 'phone', 'state_code']
  recommendation updated
  publish: {'entity': 'business', 'action': 'create', 'id': '845225d2-f4d1-4b06-90ac-6244364e27f3', 'slug': 'svoi-tantra-restaurant-and-lounge'}

[14/48] Dr. Dina Bobrova DDS
  svoi: webs=0 phones=1 addr=17100 Collins Avenue
  no company website
  fill keys: ['address_line', 'city', 'google_maps_url', 'location_precision', 'phone', 'postal_code', 'state_code']
  recommendation updated
  publish: {'entity': 'professional', 'action': 'create', 'id': 'e1802994-a81b-4528-97d2-11717308f678', 'slug': 'svoi-dr-dina-bobrova-dds'}

[15/48] Floridakids LLC
  svoi: webs=0 phones=1 addr=19201 Collins Avenue
  no company website
  fill keys: ['address_line', 'city', 'google_maps_url', 'location_precision', 'phone', 'postal_code', 'state_code']
  recommendation updated
  publish: {'entity': 'business', 'action': 'create', 'id': '35f7f6d3-8151-446d-82b4-887738f2c330', 'slug': 'svoi-floridakids-llc'}

[16/48] Sunny Isles Eye Center
  svoi: webs=0 phones=1 addr=17100 Collins Avenue
  no company website
  fill keys: ['address_line', 'city', 'google_maps_url', 'location_precision', 'phone', 'postal_code', 'state_code']
  recommendation updated
  publish: {'entity': 'business', 'action': 'create', 'id': '74a8b2a0-f4c1-401e-b95c-77d7e1b861f0', 'slug': 'svoi-sunny-isles-eye-center'}

[17/48] American Hercules ,inc
  svoi: webs=0 phones=3 addr=Sunny Isles Beach
  weak address skipped: Sunny Isles Beach
  no company website
  fill keys: ['city', 'google_maps_url', 'phone']
  recommendation updated
  skip publish (entity=business, street=False)

[18/48] Miami Auto Concierge Car Rentals
  svoi: webs=1 phones=2 addr=19201 Collins Ave
  website keys: ['description', 'facebook_url', 'instagram_url', 'phones']
  fill keys: ['address_line', 'city', 'google_maps_url', 'instagram_url', 'location_precision', 'phone', 'postal_code', 'state_code', 'website']
  recommendation updated
  publish: {'entity': 'business', 'action': 'create', 'id': '65e25a52-9f38-4e77-8e12-44d31a9181ff', 'slug': 'svoi-miami-auto-concierge-car-rentals'}

[19/48] Boris Repair Services
  svoi: webs=0 phones=1 addr=400 Kings Point Drive
  no company website
  fill keys: ['address_line', 'city', 'google_maps_url', 'location_precision', 'phone', 'postal_code', 'state_code']
  recommendation updated
  publish: {'entity': 'business', 'action': 'create', 'id': 'da02d2b5-137f-4392-9f4d-0cecb799e30c', 'slug': 'svoi-boris-repair-services'}

[20/48] Real Estate Schools of America
  svoi: webs=0 phones=2 addr=17070 Collins Avenue
  no company website
  fill keys: ['address_line', 'city', 'google_maps_url', 'location_precision', 'phone', 'postal_code', 'state_code']
  recommendation updated
  publish: {'entity': 'business', 'action': 'create', 'id': '5eb29219-7dca-4e17-b04b-d293abb747ab', 'slug': 'svoi-real-estate-schools-of-america'}

[21/48] Академическая Школа Рисования
  svoi: webs=1 phones=1 addr=17070 Collins Avenue
  website keys: ['description', 'emails', 'facebook_url', 'instagram_url', 'phones']
  fill keys: ['address_line', 'city', 'email', 'google_maps_url', 'instagram_url', 'location_precision', 'phone', 'postal_code', 'state_code', 'website']
  recommendation updated
  publish: {'entity': 'business', 'action': 'merge', 'id': '76400e88-9c32-4e47-b00c-aa86542f3848'}

[22/48] Alexander Nevidomy REALTOR
  svoi: webs=0 phones=2 addr=18090 Collins Avenue
  no company website
  fill keys: ['address_line', 'city', 'google_maps_url', 'location_precision', 'phone', 'postal_code', 'state_code']
  recommendation updated
  publish: {'entity': 'professional', 'action': 'create', 'id': '6a1aeb48-d089-4fb1-9510-6f1396697f58', 'slug': 'svoi-alexander-nevidomy-realtor'}

[23/48] All Nations Realty - Isaac Feldman
  svoi: webs=0 phones=1 addr=18090 Collins Avenue
  no company website
  fill keys: ['address_line', 'city', 'google_maps_url', 'location_precision', 'phone', 'postal_code', 'state_code']
  recommendation updated
  publish: {'entity': 'business', 'action': 'create', 'id': '7a038642-d991-467f-8a87-29f780da5ed5', 'slug': 'svoi-all-nations-realty-isaac-feldman'}

[24/48] All Nations Realty Inc.
  svoi: webs=0 phones=2 addr=16850 Collins Avenue
  no company website
  fill keys: ['address_line', 'city', 'google_maps_url', 'location_precision', 'phone', 'postal_code', 'state_code']
  recommendation updated
  publish: {'entity': 'business', 'action': 'create', 'id': 'e951c7d5-7e9f-4073-809b-3ea8e96a8f11', 'slug': 'svoi-all-nations-realty-inc'}

[25/48] Yanina Balashov
  svoi: webs=0 phones=1 addr=Sunny Isles Beach
  weak address skipped: Sunny Isles Beach
  no company website
  fill keys: ['city', 'google_maps_url', 'phone']
  recommendation updated
  skip publish (entity=business, street=False)

[26/48] Bellami Salon
  svoi: webs=0 phones=1 addr=17395 North Bay Road
  no company website
  fill keys: ['address_line', 'city', 'google_maps_url', 'location_precision', 'phone', 'postal_code', 'state_code']
  recommendation updated
  publish: {'entity': 'business', 'action': 'create', 'id': '94858ca7-2c48-445f-af49-efd0616dff12', 'slug': 'svoi-bellami-salon'}

[27/48] GALA BEAUTY Salon
  svoi: webs=0 phones=3 addr=395 North Bay Road 17
  no company website
  fill keys: ['address_line', 'city', 'google_maps_url', 'location_precision', 'phone', 'postal_code', 'state_code']
  recommendation updated
  publish: {'entity': 'business', 'action': 'create', 'id': 'c5777043-1019-41a5-9420-0c0a0373c3c4', 'slug': 'svoi-gala-beauty-salon'}

[28/48] L'Image the Salon at the Trump Hair & Nails
  svoi: webs=0 phones=1 addr=18001 Collins Avenue
  no company website
  fill keys: ['address_line', 'city', 'google_maps_url', 'location_precision', 'phone', 'postal_code', 'state_code']
  recommendation updated
  publish: {'entity': 'business', 'action': 'create', 'id': 'fbdf6d20-5f8e-4d6b-b591-017d7646b428', 'slug': 'svoi-l-image-the-salon-at-the-trump-hair-nails'}

[29/48] Alltrust Insurance Group
  svoi: webs=0 phones=1 addr=17038 Collins Avenue
  no company website
  fill keys: ['address_line', 'city', 'google_maps_url', 'location_precision', 'phone', 'postal_code', 'state_code']
  recommendation updated
  publish: {'entity': 'business', 'action': 'create', 'id': '83936ec4-66d8-407d-bab0-b2f6529cc3c1', 'slug': 'svoi-alltrust-insurance-group'}

[30/48] Insurance & Financial Center
  svoi: webs=0 phones=2 addr=18090 Collins Avenue
  no company website
  fill keys: ['address_line', 'city', 'google_maps_url', 'location_precision', 'phone', 'state_code']
  recommendation updated
  publish: {'entity': 'business', 'action': 'create', 'id': '8f05a8b1-4150-422c-994d-2ec3f675c1d0', 'slug': 'svoi-insurance-financial-center'}

[31/48] Amber Cruises and Travel
  svoi: webs=1 phones=2 addr=18090 Collins Ave
  website keys: ['emails', 'phones']
  fill keys: ['address_line', 'city', 'email', 'google_maps_url', 'location_precision', 'phone', 'state_code', 'website']
  recommendation updated
  publish: {'entity': 'business', 'action': 'create', 'id': '00a9156d-3441-4c77-86cf-594a9468f8e8', 'slug': 'svoi-amber-cruises-and-travel'}

[32/48] Elite Travel Group
  svoi: webs=1 phones=1 addr=174th Street 210
  website error: <urlopen error [Errno 8] nodename nor servname provided, or not known>
  fill keys: ['address_line', 'city', 'google_maps_url', 'location_precision', 'phone', 'postal_code', 'state_code', 'website']
  recommendation updated
  publish: {'entity': 'business', 'action': 'create', 'id': '43104232-f464-4c04-a99b-f198b2c89ba5', 'slug': 'svoi-elite-travel-group'}

[33/48] Russian Service Bureau
  svoi: webs=0 phones=1 addr=19201 Collins Avenue
  no company website
  fill keys: ['address_line', 'city', 'google_maps_url', 'location_precision', 'phone', 'postal_code', 'state_code']
  recommendation updated
  publish: {'entity': 'business', 'action': 'create', 'id': '412ec1ec-b58e-4869-a8db-f44dc5ea9ddc', 'slug': 'svoi-russian-service-bureau'}

[34/48] American Business Standard
  svoi: webs=0 phones=2 addr=18801 Collins Avenue
  no company website
  fill keys: ['address_line', 'city', 'google_maps_url', 'location_precision', 'phone', 'postal_code', 'state_code']
  recommendation updated
  publish: {'entity': 'business', 'action': 'create', 'id': '9eb75343-d532-4402-a7f3-db274aabba34', 'slug': 'svoi-american-business-standard'}

[35/48] Chess lessons/уроки шахмат
  svoi: webs=0 phones=3 addr=Санни-Айлс-Бич
  weak address skipped: Санни-Айлс-Бич
  no company website
  fill keys: ['city', 'google_maps_url', 'phone', 'state_code']
  recommendation updated
  skip publish (entity=business, street=False)

[36/48] Russian Passport Agency
  svoi: webs=1 phones=4 addr=17100 Collins Ave
  website keys: ['description', 'emails', 'facebook_url', 'instagram_url']
  fill keys: ['address_line', 'city', 'email', 'google_maps_url', 'instagram_url', 'location_precision', 'phone', 'postal_code', 'state_code', 'website']
  recommendation updated
  publish: {'entity': 'business', 'action': 'create', 'id': '54807d91-7c74-4fe1-87b3-69fe394ed4db', 'slug': 'svoi-russian-passport-agency'}

[37/48] Baltic Shipping Express
  svoi: webs=1 phones=1 addr=18401 Collins Avenue
  website error: <urlopen error [SSL: CERTIFICATE_VERIFY_FAILED] certificate verify failed: Hostname mismatch, certificate is not valid for 'www.cheapship.narod.ru'. (_ssl.c:112
  fill keys: ['address_line', 'city', 'google_maps_url', 'location_precision', 'phone', 'postal_code', 'state_code', 'website']
  recommendation updated
  publish: {'entity': 'business', 'action': 'create', 'id': '24b8b939-f721-4ae8-bff9-3e29d6f0095d', 'slug': 'svoi-baltic-shipping-express'}

[38/48] SHIPPING EXPRESS
  svoi: webs=0 phones=1 addr=18401 Collins Avenue
  no company website
  fill keys: ['address_line', 'city', 'google_maps_url', 'location_precision', 'phone', 'state_code']
  recommendation updated
  publish: {'entity': 'business', 'action': 'create', 'id': 'e6dc668d-e6b8-4dd8-82eb-323b3377da48', 'slug': 'svoi-shipping-express'}

[39/48] Alla Braverman, Personal Banker Citibank
  svoi: webs=0 phones=1 addr=18090 Collins Avenue
  no company website
  fill keys: ['address_line', 'city', 'google_maps_url', 'location_precision', 'phone', 'postal_code', 'state_code']
  recommendation updated
  publish: {'entity': 'business', 'action': 'create', 'id': '4f0608b6-b684-48c6-9930-246e6abb97bc', 'slug': 'svoi-alla-braverman-personal-banker-citibank'}

[40/48] Kalinka
  svoi: webs=1 phones=1 addr=18090 Collins Avenue
  website error: <urlopen error [Errno 8] nodename nor servname provided, or not known>
  fill keys: ['address_line', 'city', 'google_maps_url', 'location_precision', 'phone', 'state_code', 'website']
  recommendation updated
  publish: {'entity': 'business', 'action': 'create', 'id': '2dab3e0f-e1d3-463e-8087-084ebdb96c63', 'slug': 'svoi-kalinka'}

[41/48] NUT Cracker
  svoi: webs=0 phones=2 addr=18090 Collins Avenue
  no company website
  fill keys: ['address_line', 'city', 'google_maps_url', 'location_precision', 'phone', 'state_code']
  recommendation updated
  publish: {'entity': 'business', 'action': 'create', 'id': '254c1211-0f74-440d-95f7-3709d3690dfb', 'slug': 'svoi-nut-cracker'}

[42/48] Nut Cracker - Tea&Coffee
  svoi: webs=0 phones=2 addr=18090 Collins ave
  no company website
  fill keys: ['address_line', 'city', 'google_maps_url', 'location_precision', 'phone', 'state_code']
  recommendation updated
  publish: {'entity': 'business', 'action': 'create', 'id': '19bc8fbb-3361-4308-941b-031ceca4ea19', 'slug': 'svoi-nut-cracker-tea-coffee'}

[43/48] Sunny Isles Liquors
  svoi: webs=0 phones=1 addr=18180 Collins Avenue
  no company website
  fill keys: ['address_line', 'city', 'google_maps_url', 'location_precision', 'phone', 'postal_code', 'state_code']
  recommendation updated
  publish: {'entity': 'business', 'action': 'create', 'id': '536d16e5-2f2a-4d88-855f-952640196b49', 'slug': 'svoi-sunny-isles-liquors'}

[44/48] Family Fresh Cafe
  svoi: webs=0 phones=3 addr=18288 Collins Ave
  no company website
  fill keys: ['address_line', 'city', 'google_maps_url', 'location_precision', 'phone', 'postal_code', 'state_code']
  recommendation updated
  publish: {'entity': 'business', 'action': 'create', 'id': '443a5ec8-6504-42cf-a415-967123894af4', 'slug': 'svoi-family-fresh-cafe'}

[45/48] Lula Kebab House
  svoi: webs=0 phones=1 addr=18100 Collins Avenue
  no company website
  fill keys: ['address_line', 'city', 'google_maps_url', 'location_precision', 'phone', 'postal_code', 'state_code']
  recommendation updated
  publish: {'entity': 'business', 'action': 'create', 'id': 'c4bde596-bdb7-42e9-bd35-350cf123570b', 'slug': 'svoi-lula-kebab-house'}

[46/48] Matryoshka Deli Food
  svoi: webs=0 phones=4 addr=18220 Collins Avenue
  no company website
  fill keys: ['address_line', 'city', 'google_maps_url', 'location_precision', 'phone', 'postal_code', 'state_code']
  recommendation updated
  publish: {'entity': 'business', 'action': 'create', 'id': '33f75507-eaae-4c9a-979e-4a7d02567043', 'slug': 'svoi-matryoshka-deli-food'}

[47/48] ALEX POPOV ARENDA AFTOMOBILY
  svoi: webs=0 phones=1 addr=Santa monica
  weak address skipped: Santa monica
  no company website
  fill keys: ['city', 'google_maps_url', 'phone']
  recommendation updated
  skip publish (entity=business, street=False)

[48/48] Aвтосервис
  svoi: webs=0 phones=1 addr=Anaheim
  weak address skipped: Anaheim
  no company website
  fill keys: ['city', 'google_maps_url', 'phone']
  recommendation updated
  skip publish (entity=business, street=False)

Done. enriched=48 with_address=42 published=42 report=/Users/sammov/Russian business AI/scripts/business-enrich/data/svoi_enrich/batch_20260727T034721Z.json
Last targets=48 exit=0

===== ROUND 21 2026-07-27T03:47:21Z =====
targets=0 dry_run=False publish=True places=True publish_enriched=False

Done. enriched=0 with_address=0 published=0 report=/Users/sammov/Russian business AI/scripts/business-enrich/data/svoi_enrich/batch_20260727T034723Z.json
Last targets=0 exit=0
Queue empty. Done.
