Starting detailed svoi full run batch=20 sleep=0.8 log=/Users/sammov/Russian business AI/scripts/business-enrich/data/svoi_enrich/full_run_20260727T015403Z.log

===== ROUND 1 2026-07-27T01:54:03Z =====
targets=20 dry_run=False publish=True places=True publish_enriched=False

[1/20] Агентство “Мост к Успеху”.
  svoi: webs=0 phones=2 addr=421 Brighton Beach ave.
  no company website
  places: error
  places quota exhausted — continuing without Places
  fill keys: ['address_line', 'city', 'google_maps_url', 'location_precision', 'phone', 'postal_code', 'state_code']
  recommendation updated
  publish: {'entity': 'business', 'action': 'merge', 'id': 'ec1f3f3d-69f4-4b96-b562-89f52dcb9704'}

[2/20] Vesta Employment Agency
  svoi: webs=0 phones=1 addr=1035 Brighton Beach Ave
  no company website
  fill keys: ['address_line', 'city', 'google_maps_url', 'location_precision', 'phone', 'postal_code', 'state_code']
  recommendation updated
  publish: {'entity': 'business', 'action': 'create', 'id': 'a610fc21-491f-444a-a644-c82c5798c05d', 'slug': 'svoi-vesta-employment-agency'}

[3/20] U.S. Consulting
  svoi: webs=0 phones=2 addr=424 Brighton 5th
  no company website
  fill keys: ['address_line', 'city', 'google_maps_url', 'location_precision', 'phone', 'state_code']
  recommendation updated
  publish: {'entity': 'business', 'action': 'create', 'id': 'b6917b75-fcfc-4e29-90f9-fca2fb47e127', 'slug': 'svoi-u-s-consulting'}

[4/20] Olga Agency
  svoi: webs=0 phones=1 addr=2785 W 5th St Ste 19C
  no company website
  fill keys: ['address_line', 'city', 'google_maps_url', 'location_precision', 'phone', 'postal_code', 'state_code']
  recommendation updated
  publish: {'entity': 'business', 'action': 'create', 'id': '2d66fa76-b154-4585-9bd0-4249f77ba382', 'slug': 'svoi-olga-agency'}

[5/20] ПЕТЕРБУРГ EMPLOYMENT AGENCY
  svoi: webs=0 phones=1 addr=1661 SHEEPSHEAD BAY ROAD
  no company website
  fill keys: ['address_line', 'city', 'google_maps_url', 'location_precision', 'phone', 'postal_code', 'state_code']
  recommendation updated
  publish: {'entity': 'business', 'action': 'create', 'id': '0f7fb96b-943a-4d02-93b5-c21b59cfbc66', 'slug': 'svoi-employment-agency'}

[6/20] Агентство Успех - работа есть для всех
  svoi: webs=0 phones=1 addr=1618 Sheepshead Bay Road
  no company website
  fill keys: ['address_line', 'city', 'google_maps_url', 'location_precision', 'phone', 'postal_code', 'state_code']
  recommendation updated
  publish: {'entity': 'business', 'action': 'create', 'id': '3fcdd8a8-f094-4670-b67f-40f19f9f6b1e', 'slug': 'svoi-biz-2'}

[7/20] Ultimate Services For You
  svoi: webs=0 phones=1 addr=1506 Sheepshead Bay Road
  no company website
  fill keys: ['address_line', 'city', 'google_maps_url', 'location_precision', 'phone', 'postal_code', 'state_code']
  recommendation updated
  publish: {'entity': 'business', 'action': 'create', 'id': 'e43e10f6-fd39-4cab-9050-a72b013e7ae6', 'slug': 'svoi-ultimate-services-for-you'}

[8/20] Attentive Home Care
  svoi: webs=0 phones=1 addr=Queens Boulevard 113-25
  no company website
  fill keys: ['address_line', 'city', 'google_maps_url', 'location_precision', 'phone', 'state_code']
  recommendation updated
  publish: {'entity': 'business', 'action': 'create', 'id': '1a15d6ee-8815-4b2f-bd6d-f813c6725fac', 'slug': 'svoi-attentive-home-care'}

[9/20] Caring Professionals
  svoi: webs=1 phones=1 addr=Austin Street 70-20
  website keys: ['address_line', 'city', 'description', 'emails', 'facebook_url', 'instagram_url', 'phones', 'postal_code']
  fill keys: ['address_line', 'city', 'email', 'google_maps_url', 'instagram_url', 'location_precision', 'phone', 'postal_code', 'state_code', 'website']
  recommendation updated
  publish: {'entity': 'business', 'action': 'create', 'id': '11e45781-e379-4c32-8fd6-11915527c090', 'slug': 'svoi-caring-professionals'}

[10/20] Interservice Brokerage Inc
  svoi: webs=0 phones=1 addr=2119 East 15th Street
  no company website
  fill keys: ['address_line', 'city', 'google_maps_url', 'location_precision', 'phone', 'postal_code', 'state_code']
  recommendation updated
  publish: {'entity': 'business', 'action': 'create', 'id': '45da997d-bfc6-466b-84a2-64290c119b0b', 'slug': 'svoi-interservice-brokerage-inc'}

[11/20] Brooklyn Employment
  svoi: webs=0 phones=1 addr=1718 Dahill Rd
  no company website
  fill keys: ['address_line', 'city', 'google_maps_url', 'location_precision', 'phone', 'postal_code', 'state_code']
  recommendation updated
  publish: {'entity': 'business', 'action': 'create', 'id': '1fe01e46-c4c0-474d-96ea-8466e19ebde9', 'slug': 'svoi-brooklyn-employment'}

[12/20] Brooklyn Employment and Consulting Agency
  svoi: webs=0 phones=1 addr=1718 Dahill Road
  no company website
  fill keys: ['address_line', 'city', 'google_maps_url', 'location_precision', 'phone', 'postal_code', 'state_code']
  recommendation updated
  publish: {'entity': 'business', 'action': 'create', 'id': 'a42ae810-8c2e-4691-8288-7ba283fa0554', 'slug': 'svoi-brooklyn-employment-and-consulting-agency'}

[13/20] Choose Friendly Care
  svoi: webs=0 phones=2 addr=2002 Coney Island Ave
  no company website
  fill keys: ['address_line', 'city', 'google_maps_url', 'location_precision', 'phone', 'postal_code', 'state_code']
  recommendation updated
  publish: {'entity': 'business', 'action': 'create', 'id': 'd4b84f93-584f-48e6-ac75-1c2eb0780a44', 'slug': 'svoi-choose-friendly-care'}

[14/20] Агентство “Успех”
  svoi: webs=0 phones=1 addr=1305 East 17th Street
  no company website
  fill keys: ['address_line', 'city', 'google_maps_url', 'location_precision', 'phone', 'postal_code', 'state_code']
  recommendation updated
  publish: {'entity': 'business', 'action': 'create', 'id': '8a63365c-8550-43c5-8640-bd0023c18ea1', 'slug': 'svoi-biz-3'}

[15/20] Bestcare, Inc.
  svoi: webs=1 phones=4 addr=1781 Flatbush Avenue
  website keys: ['address_line', 'city', 'emails', 'phones', 'postal_code', 'state_code']
  fill keys: ['address_line', 'city', 'email', 'google_maps_url', 'location_precision', 'phone', 'postal_code', 'state_code', 'website']
  recommendation updated
  publish: {'entity': 'business', 'action': 'create', 'id': 'e6a5f0c6-d996-46a1-8411-1d3c9aee2c80', 'slug': 'svoi-bestcare-inc'}

[16/20] Century 21 – Friedman, Roman
  svoi: webs=0 phones=1 addr=135 U.S. 9
  no company website
  fill keys: ['address_line', 'city', 'google_maps_url', 'location_precision', 'phone', 'state_code']
  recommendation updated
  publish: {'entity': 'business', 'action': 'create', 'id': 'f2a6405f-48c0-47c5-be38-ca5bbd7aa59f', 'slug': 'svoi-century-21-friedman-roman'}

[17/20] Davis Realtors
  svoi: webs=0 phones=2 addr=288 Summerhill Road
  no company website
  fill keys: ['address_line', 'city', 'google_maps_url', 'location_precision', 'phone', 'state_code']
  recommendation updated
  publish: {'entity': 'business', 'action': 'create', 'id': '6635eef4-1da3-454b-8a6a-503e19eb6a05', 'slug': 'svoi-davis-realtors'}

[18/20] Weichert Realtors – Aguayo, Alma
  svoi: webs=0 phones=2 addr=22 Henry Street
  no company website
  fill keys: ['address_line', 'city', 'google_maps_url', 'location_precision', 'phone', 'state_code']
  recommendation updated
  publish: {'entity': 'professional', 'action': 'create', 'id': '2900ebeb-dd90-4ccf-a501-a64d9191b1e0', 'slug': 'svoi-weichert-realtors-aguayo-alma'}

[19/20] Coldwell Banker Residential Brokerage
  svoi: webs=0 phones=1 addr=269 Route 18 South
  no company website
  fill keys: ['address_line', 'city', 'google_maps_url', 'location_precision', 'phone', 'postal_code', 'state_code']
  recommendation updated
  publish: {'entity': 'business', 'action': 'create', 'id': 'e4be07e8-4a5c-48cb-9bed-0b5c022abf07', 'slug': 'svoi-coldwell-banker-residential-brokerage'}

[20/20] Anna Safonova NJ Real Estate
  svoi: webs=0 phones=1 addr=3877 Highway 516
  no company website
  fill keys: ['address_line', 'city', 'google_maps_url', 'location_precision', 'phone', 'postal_code', 'state_code']
  recommendation updated
  publish: {'entity': 'business', 'action': 'create', 'id': 'fb92c816-6928-4539-9b91-3c37402f604d', 'slug': 'svoi-anna-safonova-nj-real-estate'}

Done. enriched=20 with_address=20 published=20 report=/Users/sammov/Russian business AI/scripts/business-enrich/data/svoi_enrich/batch_20260727T015524Z.json
Last targets=20 exit=0

===== ROUND 2 2026-07-27T01:55:27Z =====
targets=20 dry_run=False publish=True places=True publish_enriched=False

[1/20] Lali Nanidzhanyan
  svoi: webs=0 phones=3 addr=804 Franklin Avenue
  no company website
  places: error
  places quota exhausted — continuing without Places
  fill keys: ['address_line', 'city', 'google_maps_url', 'location_precision', 'phone', 'postal_code', 'state_code']
  recommendation updated
  publish: {'entity': 'business', 'action': 'create', 'id': '3f2caca9-87e5-4e80-af9a-b7654b0cc436', 'slug': 'svoi-lali-nanidzhanyan'}

[2/20] Weichert Realtors – Gershburg, Alla
  svoi: webs=0 phones=1 addr=784 Franklin Avenue
  no company website
  fill keys: ['address_line', 'city', 'google_maps_url', 'location_precision', 'phone', 'state_code']
  recommendation updated
  publish: {'entity': 'professional', 'action': 'create', 'id': 'd982bdb8-1292-42ce-9877-dc8dae403f71', 'slug': 'svoi-weichert-realtors-gershburg-alla'}

[3/20] Re/Max First Choice Realtors – Michael Gorvitz
  svoi: webs=0 phones=2 addr=1160 Route 46
  no company website
  fill keys: ['address_line', 'city', 'google_maps_url', 'location_precision', 'phone', 'state_code']
  recommendation updated
  publish: {'entity': 'business', 'action': 'create', 'id': '034f50c6-ca88-4d16-849a-d44abc2f94b1', 'slug': 'svoi-re-max-first-choice-realtors-michael-gorvitz'}

[4/20] Capital Property Realty
  svoi: webs=0 phones=1 addr=303 Amboy Avenue
  no company website
  fill keys: ['address_line', 'city', 'google_maps_url', 'location_precision', 'phone', 'state_code']
  recommendation updated
  publish: {'entity': 'business', 'action': 'create', 'id': 'd9576359-75c5-47c9-8739-6852896e6c1b', 'slug': 'svoi-capital-property-realty'}

[5/20] Century 21 - Miele, Oksana
  svoi: webs=0 phones=1 addr=460 Main Street
  no company website
  fill keys: ['address_line', 'city', 'google_maps_url', 'location_precision', 'phone', 'state_code']
  recommendation updated
  publish: {'entity': 'business', 'action': 'create', 'id': '0628f537-e00e-4001-ad23-13661b9fe522', 'slug': 'svoi-century-21-miele-oksana'}

[6/20] Weichert Realtors – Gorelik, Michael
  svoi: webs=0 phones=1 addr=991 Hamburg Turnpike
  no company website
  fill keys: ['address_line', 'city', 'google_maps_url', 'location_precision', 'phone', 'state_code']
  recommendation updated
  publish: {'entity': 'professional', 'action': 'create', 'id': '53e03ce2-15ec-4b2c-b4a7-3ca26dc15716', 'slug': 'svoi-weichert-realtors-gorelik-michael'}

[7/20] Coldwell Banker
  svoi: webs=0 phones=1 addr=1410 Valley Road
  no company website
  fill keys: ['address_line', 'city', 'google_maps_url', 'location_precision', 'phone', 'postal_code', 'state_code']
  recommendation updated
  publish: {'entity': 'business', 'action': 'create', 'id': '69ea9211-6088-445f-bb5d-990525d64d22', 'slug': 'svoi-coldwell-banker'}

[8/20] Coldwell Banker - Kugel, Lyuba
  svoi: webs=0 phones=1 addr=44 Franklin Ave
  no company website
  fill keys: ['address_line', 'city', 'google_maps_url', 'location_precision', 'phone', 'postal_code', 'state_code']
  recommendation updated
  publish: {'entity': 'business', 'action': 'create', 'id': '7880b5bd-f2ec-42db-a8c4-2c6efbdc2e99', 'slug': 'svoi-coldwell-banker-kugel-lyuba'}

[9/20] ChasinHomes
  svoi: webs=0 phones=2 addr=488 Springfield Avenue
  no company website
  fill keys: ['address_line', 'city', 'google_maps_url', 'location_precision', 'phone', 'state_code']
  recommendation updated
  publish: {'entity': 'business', 'action': 'create', 'id': 'aabe961b-7849-423f-9dbf-2754fa50ed7d', 'slug': 'svoi-chasinhomes'}

[10/20] Inna Vayser - RE/MAX Elite
  svoi: webs=0 phones=2 addr=7001 Amboy Rd Staten Island
  no company website
  fill keys: ['address_line', 'city', 'google_maps_url', 'location_precision', 'phone', 'state_code']
  recommendation updated
  publish: {'entity': 'business', 'action': 'create', 'id': '83aad647-a416-4f8b-838b-07b123afe563', 'slug': 'svoi-inna-vayser-re-max-elite'}

[11/20] Raymond-Rhodes Real Estate
  svoi: webs=0 phones=1 addr=290 Lafayette Avenue
  no company website
  fill keys: ['address_line', 'city', 'google_maps_url', 'location_precision', 'phone', 'state_code']
  recommendation updated
  publish: {'entity': 'business', 'action': 'create', 'id': 'd71e2049-4872-44b7-b3e8-42b29b1c72f9', 'slug': 'svoi-raymond-rhodes-real-estate'}

[12/20] Burgdorff Realtors – Ginzburg, Sofia
  svoi: webs=0 phones=1 addr=97 South Livingston Avenue
  no company website
  fill keys: ['address_line', 'city', 'google_maps_url', 'location_precision', 'phone', 'state_code']
  recommendation updated
  publish: {'entity': 'business', 'action': 'create', 'id': '32f2b60b-9b71-46b4-ab9f-1fcb754571fa', 'slug': 'svoi-burgdorff-realtors-ginzburg-sofia'}

[13/20] Re/Max Properties – Kapon, Joseph
  svoi: webs=0 phones=1 addr=River Road 13-17
  no company website
  fill keys: ['address_line', 'city', 'google_maps_url', 'location_precision', 'phone', 'state_code']
  recommendation updated
  publish: {'entity': 'business', 'action': 'create', 'id': '7e663103-cf89-4b28-8874-8c327024cde7', 'slug': 'svoi-re-max-properties-kapon-joseph'}

[14/20] The Babekov Team
  svoi: webs=1 phones=2 addr=1129 Northern Blvd Manhasset
  website keys: ['description', 'phones']
  fill keys: ['address_line', 'city', 'google_maps_url', 'location_precision', 'phone', 'state_code', 'website']
  recommendation updated
  publish: {'entity': 'business', 'action': 'create', 'id': '260626a2-3ec5-4bb3-9a1a-718f08c3e59d', 'slug': 'svoi-the-babekov-team'}

[15/20] VI Properties
  svoi: webs=0 phones=4 addr=1208 Broadway
  no company website
  fill keys: ['address_line', 'city', 'google_maps_url', 'location_precision', 'phone', 'postal_code', 'state_code']
  recommendation updated
  publish: {'entity': 'business', 'action': 'create', 'id': 'dfc196ed-4075-44de-94a6-99ea9fbb1603', 'slug': 'svoi-vi-properties'}

[16/20] Dr. Tanaya Bhowmick
  svoi: webs=0 phones=1 addr=1 Robert Wood Johnson Pl
  no company website
  fill keys: ['address_line', 'city', 'google_maps_url', 'location_precision', 'phone', 'postal_code', 'state_code']
  recommendation updated
  publish: {'entity': 'professional', 'action': 'create', 'id': '03bb41cd-27b7-43dc-b5e7-065b9bebc725', 'slug': 'svoi-dr-tanaya-bhowmick'}

[17/20] Dr. Faina Gutin
  svoi: webs=0 phones=1 addr=18 North 3rd Avenue
  no company website
  fill keys: ['address_line', 'city', 'google_maps_url', 'location_precision', 'phone', 'postal_code', 'state_code']
  recommendation updated
  publish: {'entity': 'business', 'action': 'create', 'id': 'c3c51654-3dbf-49df-bb49-b901b74a3ffc', 'slug': 'svoi-dr-faina-gutin'}

[18/20] Dr Aliona Rudys ME
  svoi: webs=0 phones=1 addr=Fair Lawn Avenue 19-21
  no company website
  fill keys: ['address_line', 'city', 'google_maps_url', 'location_precision', 'phone', 'postal_code', 'state_code']
  recommendation updated
  publish: {'entity': 'professional', 'action': 'create', 'id': '93c1d002-3338-443e-9fe5-9a42fc2b8814', 'slug': 'svoi-dr-aliona-rudys-me'}

[19/20] Slawomir Kosinski, MD.
  svoi: webs=0 phones=1 addr=703 Main Street
  no company website
  fill keys: ['address_line', 'city', 'google_maps_url', 'location_precision', 'phone', 'postal_code', 'state_code']
  recommendation updated
  publish: {'entity': 'professional', 'action': 'create', 'id': 'b9c3ea8b-c618-4cd1-8def-aa4450d8b97c', 'slug': 'svoi-slawomir-kosinski-md'}

[20/20] Daman, Harlan
  svoi: webs=0 phones=1 addr=11 Ralph Place
  no company website
  fill keys: ['address_line', 'city', 'google_maps_url', 'location_precision', 'phone', 'postal_code', 'state_code']
  recommendation updated
  publish: {'entity': 'business', 'action': 'create', 'id': 'f0e8de62-d173-4415-b48c-14e7d0a34208', 'slug': 'svoi-daman-harlan'}

Done. enriched=20 with_address=20 published=20 report=/Users/sammov/Russian business AI/scripts/business-enrich/data/svoi_enrich/batch_20260727T015635Z.json
Last targets=20 exit=0

===== ROUND 3 2026-07-27T01:56:38Z =====
targets=20 dry_run=False publish=True places=True publish_enriched=False

[1/20] Доктор Лев Барский MD
  svoi: webs=0 phones=1 addr=64th Road 97-09
  no company website
  places: error
  places quota exhausted — continuing without Places
  fill keys: ['address_line', 'city', 'google_maps_url', 'location_precision', 'phone', 'postal_code', 'state_code']
  recommendation updated
  publish: {'entity': 'professional', 'action': 'create', 'id': 'b68e3ab1-3dd8-4799-8417-7ed4ef83d649', 'slug': 'svoi-md'}

[2/20] Edward Gindi
  svoi: webs=0 phones=1 addr=1636 East 14th Street
  no company website
  fill keys: ['address_line', 'city', 'google_maps_url', 'location_precision', 'phone', 'postal_code', 'state_code']
  recommendation updated
  publish: {'entity': 'professional', 'action': 'create', 'id': 'ee7d01b9-2762-4f15-9f1c-c2785a55f7a1', 'slug': 'svoi-edward-gindi'}

[3/20] BELOSTOTSKY, OLGA, M.D.
  svoi: webs=0 phones=1 addr=47 East 77th Street
  no company website
  fill keys: ['address_line', 'city', 'google_maps_url', 'location_precision', 'phone']
  recommendation updated
  publish: {'entity': 'professional', 'action': 'create', 'id': '8e14dcbc-83a2-4b30-b153-78ecfe204b6c', 'slug': 'svoi-belostotsky-olga-m-d'}

[4/20] Chandler, Michael
  svoi: webs=0 phones=1 addr=115 East 61st Street
  no company website
  fill keys: ['address_line', 'city', 'google_maps_url', 'location_precision', 'phone', 'postal_code', 'state_code']
  recommendation updated
  publish: {'entity': 'business', 'action': 'create', 'id': '87560109-d2c9-4752-a627-ed814c59990f', 'slug': 'svoi-chandler-michael'}

[5/20] Ast, Frederick
  svoi: webs=0 phones=1 addr=20 Park Avenue
  no company website
  fill keys: ['address_line', 'city', 'google_maps_url', 'location_precision', 'phone', 'postal_code', 'state_code']
  recommendation updated
  publish: {'entity': 'professional', 'action': 'create', 'id': '18c4d67e-f445-4004-8db5-d7f544cf1f39', 'slug': 'svoi-ast-frederick'}

[6/20] Allergy & Asthma Care of New York - Clifford Bassett
  svoi: webs=1 phones=4 addr=Park Ave S
  website keys: ['address_line', 'city', 'description', 'facebook_url', 'instagram_url', 'opening_hours', 'phones', 'postal_code']
  fill keys: ['address_line', 'city', 'google_maps_url', 'instagram_url', 'location_precision', 'opening_hours', 'phone', 'postal_code', 'website']
  recommendation updated
  publish: {'entity': 'business', 'action': 'create', 'id': '966dbd24-51f0-408b-8aeb-536053367fbd', 'slug': 'svoi-allergy-asthma-care-of-new-york-clifford-bassett'}

[7/20] Arthritis-Internal Medicine Associates Of Middlesex ,P.C.
  svoi: webs=0 phones=1 addr=63 Brunswick Woods Drive
  no company website
  fill keys: ['address_line', 'city', 'google_maps_url', 'location_precision', 'phone', 'state_code']
  recommendation updated
  publish: {'entity': 'business', 'action': 'create', 'id': 'b28b812e-6f77-40e2-a523-2bbeb54cbe04', 'slug': 'svoi-arthritis-internal-medicine-associates-of-middle'}

[8/20] World Health Foundation The Center Of Holistic & Integrated Medicine
  svoi: webs=0 phones=1 addr=37 Saw Mill River Road
  no company website
  fill keys: ['address_line', 'city', 'google_maps_url', 'location_precision', 'phone', 'state_code']
  recommendation updated
  publish: {'entity': 'business', 'action': 'create', 'id': '304b8d82-a4f2-4cc8-b3a5-6adcd30d04a2', 'slug': 'svoi-world-health-foundation-the-center-of-holistic-i'}

[9/20] Acupuncture For Family, PC
  svoi: webs=0 phones=1 addr=4 Broadway
  no company website
  fill keys: ['address_line', 'city', 'google_maps_url', 'location_precision', 'phone', 'postal_code', 'state_code']
  recommendation updated
  publish: {'entity': 'business', 'action': 'create', 'id': '49f9c562-5118-4e19-8f5d-b6f0a84a3fb9', 'slug': 'svoi-acupuncture-for-family-pc'}

[10/20] Acupuncture For Health & Rejuvenation
  svoi: webs=0 phones=1 addr=3944 Merrick Road
  no company website
  fill keys: ['address_line', 'city', 'google_maps_url', 'location_precision', 'phone', 'postal_code', 'state_code']
  recommendation updated
  publish: {'entity': 'business', 'action': 'create', 'id': '47af102c-f0b7-4b65-90bf-0b6e865185be', 'slug': 'svoi-acupuncture-for-health-rejuvenation'}

[11/20] Alexei Belfer, MS, LMT, APP POLARITY, LLC,
  svoi: webs=0 phones=1 addr=330 Mockingbird Lane
  no company website
  fill keys: ['address_line', 'city', 'google_maps_url', 'location_precision', 'phone', 'postal_code', 'state_code']
  recommendation updated
  publish: {'entity': 'business', 'action': 'create', 'id': '8882ecb9-f81f-4e14-8ec1-d730116d74aa', 'slug': 'svoi-alexei-belfer-ms-lmt-app-polarity-llc'}

[12/20] Traditional Acupuncture & Herb Center
  svoi: webs=0 phones=1 addr=134 East Route 59
  no company website
  fill keys: ['address_line', 'city', 'google_maps_url', 'location_precision', 'phone', 'postal_code', 'state_code']
  recommendation updated
  publish: {'entity': 'business', 'action': 'create', 'id': 'a5b7103b-c29a-452f-a6b5-85ba2b360396', 'slug': 'svoi-traditional-acupuncture-herb-center'}

[13/20] Longevity Medical LLC.
  svoi: webs=0 phones=1 addr=540 Bordentown Avenue
  no company website
  fill keys: ['address_line', 'city', 'google_maps_url', 'location_precision', 'phone', 'postal_code', 'state_code']
  recommendation updated
  publish: {'entity': 'business', 'action': 'create', 'id': 'e7eddeb1-9718-4222-8896-bd912f24bbbe', 'slug': 'svoi-longevity-medical-llc'}

[14/20] Santegra USA, Inc.
  svoi: webs=0 phones=1 addr=1 Mountain St.
  no company website
  fill keys: ['address_line', 'city', 'google_maps_url', 'location_precision', 'phone', 'postal_code', 'state_code']
  recommendation updated
  publish: {'entity': 'business', 'action': 'create', 'id': 'ede45a98-d47b-45cd-8204-dd09f2d69172', 'slug': 'svoi-santegra-usa-inc'}

[15/20] Liang Sally, M.S., C.A.
  svoi: webs=0 phones=1 addr=530 North Maple Avenue
  no company website
  fill keys: ['address_line', 'city', 'google_maps_url', 'location_precision', 'phone', 'state_code']
  recommendation updated
  publish: {'entity': 'business', 'action': 'create', 'id': '4dd90ea9-a9c0-4889-8863-d2f08e673f42', 'slug': 'svoi-liang-sally-m-s-c-a'}

[16/20] Integrative Medicine of Long Island
  svoi: webs=0 phones=1 addr=W Waukena Avе  326
  no company website
  fill keys: ['address_line', 'city', 'google_maps_url', 'location_precision', 'phone', 'postal_code', 'state_code']
  recommendation updated
  publish: {'entity': 'business', 'action': 'create', 'id': '979aff31-270f-4ba9-b5a8-b67168a737d0', 'slug': 'svoi-integrative-medicine-of-long-island'}

[17/20] Holmdel Acupuncture & Natural Medicine Center
  svoi: webs=0 phones=1 addr=721 Holmdel
  no company website
  fill keys: ['address_line', 'city', 'google_maps_url', 'location_precision', 'phone', 'postal_code', 'state_code']
  recommendation updated
  publish: {'entity': 'business', 'action': 'create', 'id': 'd9678a1c-5379-44f1-9f15-4748c1e533b9', 'slug': 'svoi-holmdel-acupuncture-natural-medicine-center'}

[18/20] Natural Acu-Med - Hongtao Xiao, LAC
  svoi: webs=0 phones=1 addr=1025 Northern Boulevard
  no company website
  fill keys: ['address_line', 'city', 'google_maps_url', 'location_precision', 'phone', 'state_code']
  recommendation updated
  publish: {'entity': 'business', 'action': 'create', 'id': '8b60f9a5-8a7c-40aa-932f-d8d1e16afdde', 'slug': 'svoi-natural-acu-med-hongtao-xiao-lac'}

[19/20] Integrating Traditional & Alternative Medicine
  svoi: webs=0 phones=1 addr=475 Tuckahoe Road
  no company website
  fill keys: ['address_line', 'city', 'google_maps_url', 'location_precision', 'phone', 'postal_code', 'state_code']
  recommendation updated
  publish: {'entity': 'business', 'action': 'create', 'id': '020f8dae-e759-4d44-bc17-d95f1d702b09', 'slug': 'svoi-integrating-traditional-alternative-medicine'}

[20/20] Staten Island Center For Alternative Therapies
  svoi: webs=0 phones=1 addr=520 Bloomingdale Road
  no company website
  fill keys: ['address_line', 'city', 'google_maps_url', 'location_precision', 'phone', 'postal_code', 'state_code']
  recommendation updated
  publish: {'entity': 'business', 'action': 'create', 'id': '1f1cbe1b-4c26-43f1-95b1-fa87ba437749', 'slug': 'svoi-staten-island-center-for-alternative-therapies'}

Done. enriched=20 with_address=20 published=20 report=/Users/sammov/Russian business AI/scripts/business-enrich/data/svoi_enrich/batch_20260727T015743Z.json
Last targets=20 exit=0

===== ROUND 4 2026-07-27T01:57:46Z =====
targets=20 dry_run=False publish=True places=True publish_enriched=False

[1/20] Salt Breeze
  svoi: webs=1 phones=1 addr=Saddle River Rd 5-05
  website keys: []
  places: error
  places quota exhausted — continuing without Places
  fill keys: ['address_line', 'city', 'google_maps_url', 'location_precision', 'phone', 'postal_code', 'state_code', 'website']
  recommendation updated
  publish: {'entity': 'business', 'action': 'create', 'id': '5431e177-8ff7-4fdf-95f5-830e63644aff', 'slug': 'svoi-salt-breeze'}

[2/20] Mark Morillo - Healing Practitioner
  svoi: webs=0 phones=1 addr=2816 Morris Avenue
  no company website
  fill keys: ['address_line', 'city', 'google_maps_url', 'location_precision', 'phone', 'postal_code', 'state_code']
  recommendation updated
  publish: {'entity': 'business', 'action': 'create', 'id': '14d8c432-7a5a-4b2c-ae66-fbfc6d8d311b', 'slug': 'svoi-mark-morillo-healing-practitioner'}

[3/20] Adriana Petterman H.H.C
  svoi: webs=0 phones=1 addr=230 Middle Neck Road
  no company website
  fill keys: ['address_line', 'city', 'google_maps_url', 'location_precision', 'phone', 'postal_code', 'state_code']
  recommendation updated
  publish: {'entity': 'business', 'action': 'create', 'id': '370538ba-208f-4960-8b3b-40d675cb0ba5', 'slug': 'svoi-adriana-petterman-h-h-c'}

[4/20] ИГЛОТЕРАПИЯ И ТРАВОЛЕЧЕНИЕ Доктор Shugui Cui, L.Ac.2
  svoi: webs=0 phones=1 addr=Roosevelt Avenue 144-48
  no company website
  fill keys: ['address_line', 'city', 'google_maps_url', 'location_precision', 'phone']
  recommendation updated
  publish: {'entity': 'professional', 'action': 'create', 'id': 'b483a818-e78d-4e83-af96-8ae0ce578188', 'slug': 'svoi-shugui-cui-l-ac-2'}

[5/20] Ho-Juan Song, O.M.D., C.A.
  svoi: webs=0 phones=2 addr=185 Bridge Plaza North
  no company website
  fill keys: ['address_line', 'city', 'google_maps_url', 'location_precision', 'phone', 'postal_code', 'state_code']
  recommendation updated
  publish: {'entity': 'business', 'action': 'create', 'id': '5d36cf48-a129-4020-ae71-f832f2c18451', 'slug': 'svoi-ho-juan-song-o-m-d-c-a'}

[6/20] Dr. David Hung, Ph.D.
  svoi: webs=0 phones=4 addr=New York
  weak address skipped: New York
  no company website
  fill keys: ['city', 'google_maps_url', 'phone']
  recommendation updated
  skip publish (entity=business, street=False)

[7/20] Thriftway Pharmacy
  svoi: webs=0 phones=1 addr=324 Route 9 North
  no company website
  fill keys: ['address_line', 'city', 'google_maps_url', 'location_precision', 'phone', 'postal_code', 'state_code']
  recommendation updated
  publish: {'entity': 'business', 'action': 'create', 'id': 'e9e092f1-812a-40e8-8711-c6d12829afda', 'slug': 'svoi-thriftway-pharmacy'}

[8/20] AllTown Pharmacy
  svoi: webs=0 phones=1 addr=158 Wyckoff Road
  no company website
  fill keys: ['address_line', 'city', 'google_maps_url', 'location_precision', 'phone', 'postal_code', 'state_code']
  recommendation updated
  publish: {'entity': 'business', 'action': 'create', 'id': '2ed6420f-88a7-4571-ad62-02fa723f78e8', 'slug': 'svoi-alltown-pharmacy'}

[9/20] FUTURE PHARMACY
  svoi: webs=1 phones=1 addr=72 State Route 34
  website keys: ['emails', 'phones']
  fill keys: ['address_line', 'city', 'email', 'google_maps_url', 'location_precision', 'phone', 'postal_code', 'state_code', 'website']
  recommendation updated
  publish: {'entity': 'business', 'action': 'create', 'id': '5ab08927-9b96-40d9-9c57-1aec82e6353b', 'slug': 'svoi-future-pharmacy'}

[10/20] Greenhills Pharmacy
  svoi: webs=0 phones=1 addr=164 Parsippany Road
  no company website
  fill keys: ['address_line', 'city', 'google_maps_url', 'location_precision', 'phone', 'state_code']
  recommendation updated
  publish: {'entity': 'business', 'action': 'create', 'id': 'cf710f69-ca41-4267-8fd7-5cc1a293ef02', 'slug': 'svoi-greenhills-pharmacy'}

[11/20] Plainfield Pharmacy
  svoi: webs=0 phones=1 addr=603 West 4th Street
  no company website
  fill keys: ['address_line', 'city', 'google_maps_url', 'location_precision', 'phone', 'state_code']
  recommendation updated
  publish: {'entity': 'business', 'action': 'create', 'id': '9b427d33-5c25-4cd2-ab17-9e621da07808', 'slug': 'svoi-plainfield-pharmacy'}

[12/20] Rapps Pharmacy
  svoi: webs=1 phones=1 addr=611 Park Avenue
  website error: HTTP Error 308: Permanent Redirect
  fill keys: ['address_line', 'city', 'google_maps_url', 'location_precision', 'phone', 'state_code', 'website']
  recommendation updated
  publish: {'entity': 'business', 'action': 'create', 'id': '32094be5-5009-45b1-bf03-c66229458847', 'slug': 'svoi-rapps-pharmacy'}

[13/20] East Hills Pharmacy
  svoi: webs=0 phones=1 addr=310 Roslyn Road
  no company website
  fill keys: ['address_line', 'city', 'google_maps_url', 'location_precision', 'phone', 'state_code']
  recommendation updated
  publish: {'entity': 'business', 'action': 'create', 'id': 'edea0443-07c0-4aa7-a51b-3cc6fd9c4ce1', 'slug': 'svoi-east-hills-pharmacy'}

[14/20] Avel Pharmacy
  svoi: webs=0 phones=1 addr=550 North Avenue
  no company website
  fill keys: ['address_line', 'city', 'google_maps_url', 'location_precision', 'phone', 'state_code']
  recommendation updated
  publish: {'entity': 'business', 'action': 'create', 'id': '4f4942f3-3ec2-4c2b-8c19-de2de6bef190', 'slug': 'svoi-avel-pharmacy'}

[15/20] Livingston Pharmacy
  svoi: webs=0 phones=1 addr=91 East Mount Pleasant Avenue
  no company website
  fill keys: ['address_line', 'city', 'google_maps_url', 'location_precision', 'phone', 'postal_code', 'state_code']
  recommendation updated
  publish: {'entity': 'business', 'action': 'create', 'id': '32cb0283-3a4f-4c47-bb06-02c87fb53912', 'slug': 'svoi-livingston-pharmacy'}

[16/20] Fair Lawn Pharmacy
  svoi: webs=1 phones=1 addr=Plaza Road 14-25
  website keys: ['description', 'facebook_url']
  fill keys: ['address_line', 'city', 'google_maps_url', 'location_precision', 'phone', 'postal_code', 'state_code', 'website']
  recommendation updated
  publish: {'entity': 'business', 'action': 'create', 'id': '0c43432f-47be-44c6-b25c-37c26af3c7c4', 'slug': 'svoi-fair-lawn-pharmacy'}

[17/20] Garden Pharmacy
  svoi: webs=0 phones=1 addr=River Road 13-38
  no company website
  fill keys: ['address_line', 'city', 'google_maps_url', 'location_precision', 'phone', 'postal_code', 'state_code']
  recommendation updated
  publish: {'entity': 'business', 'action': 'create', 'id': '746708cf-6a62-4396-8b45-08f2c9be8930', 'slug': 'svoi-garden-pharmacy'}

[18/20] Grand Central Pharmacy
  svoi: webs=0 phones=1 addr=420 Central Ave # A
  no company website
  fill keys: ['address_line', 'city', 'google_maps_url', 'location_precision', 'phone', 'postal_code', 'state_code']
  recommendation updated
  publish: {'entity': 'business', 'action': 'create', 'id': 'd31dbc3b-11b1-40d1-beb8-c66896ddd1c1', 'slug': 'svoi-grand-central-pharmacy'}

[19/20] Medical Center Pharmacy
  svoi: webs=0 phones=1 addr=365 East Northfield Road
  no company website
  fill keys: ['address_line', 'city', 'google_maps_url', 'location_precision', 'phone', 'state_code']
  recommendation updated
  publish: {'entity': 'business', 'action': 'create', 'id': '1e1ef5ce-49ec-49a6-b3dd-c7fc37fc4752', 'slug': 'svoi-medical-center-pharmacy'}

[20/20] Friendly Pharmacy
  svoi: webs=0 phones=1 addr=New York
  weak address skipped: New York
  no company website
  fill keys: ['city', 'google_maps_url', 'phone']
  recommendation updated
  skip publish (entity=business, street=False)

Done. enriched=20 with_address=18 published=18 report=/Users/sammov/Russian business AI/scripts/business-enrich/data/svoi_enrich/batch_20260727T015857Z.json
Last targets=20 exit=0

===== ROUND 5 2026-07-27T01:59:00Z =====
targets=20 dry_run=False publish=True places=True publish_enriched=False

[1/20] Ocean Park Drugs
  svoi: webs=0 phones=1 addr=New York
  weak address skipped: New York
  no company website
  places: error
  places quota exhausted — continuing without Places
  fill keys: ['city', 'google_maps_url', 'phone']
  recommendation updated
  skip publish (entity=business, street=False)

[2/20] Rx Canada Info
  svoi: webs=0 phones=1 addr=355 N State Rt 17
  no company website
  fill keys: ['address_line', 'city', 'google_maps_url', 'location_precision', 'phone', 'postal_code', 'state_code']
  recommendation updated
  publish: {'entity': 'business', 'action': 'create', 'id': '5277cfc9-72e0-468a-9dba-b57c992fb6d5', 'slug': 'svoi-rx-canada-info'}

[3/20] Ideal Pharmacy
  svoi: webs=0 phones=1 addr=2333 Morris Avenue
  no company website
  fill keys: ['address_line', 'city', 'google_maps_url', 'location_precision', 'phone', 'postal_code', 'state_code']
  recommendation updated
  publish: {'entity': 'business', 'action': 'create', 'id': '7de8b346-269f-4f09-920e-d12f62f03069', 'slug': 'svoi-ideal-pharmacy'}

[4/20] Delco Drugs
  svoi: webs=0 phones=1 addr=3833 Richmond Avenue
  no company website
  fill keys: ['address_line', 'city', 'google_maps_url', 'location_precision', 'phone', 'postal_code', 'state_code']
  recommendation updated
  publish: {'entity': 'business', 'action': 'create', 'id': '634de0c8-7a65-4ba1-9978-cbdb12b7d7e7', 'slug': 'svoi-delco-drugs'}

[5/20] Roselle Park Rita Pharmacy
  svoi: webs=1 phones=1 addr=200 Chestnut Street
  website error: HTTP Error 404: Not Found
  fill keys: ['address_line', 'city', 'google_maps_url', 'location_precision', 'phone', 'state_code', 'website']
  recommendation updated
  publish: {'entity': 'business', 'action': 'create', 'id': '3c915b65-683d-4dc8-a6c3-b5f9c345b4e5', 'slug': 'svoi-roselle-park-rita-pharmacy'}

[6/20] LeRoy/LeMed Pharmacy
  svoi: webs=0 phones=4 addr=159 East Gun Hill Road
  no company website
  fill keys: ['address_line', 'city', 'google_maps_url', 'location_precision', 'phone', 'state_code']
  recommendation updated
  publish: {'entity': 'business', 'action': 'create', 'id': '9bf7162d-0710-4766-9854-a14087f8767a', 'slug': 'svoi-leroy-lemed-pharmacy'}

[7/20] United Coach Line
  svoi: webs=1 phones=1 addr=480 Wild Ave
  website error: HTTP Error 500: Internal Server Error
  fill keys: ['address_line', 'city', 'google_maps_url', 'location_precision', 'phone', 'postal_code', 'state_code', 'website']
  recommendation updated
  publish: {'entity': 'business', 'action': 'create', 'id': 'b2b9a114-a284-48d2-82b1-129f5dbfdad1', 'slug': 'svoi-united-coach-line'}

[8/20] Rent - a - Wreck
  svoi: webs=0 phones=1 addr=2981 Coney Island Avenue
  no company website
  fill keys: ['address_line', 'city', 'google_maps_url', 'location_precision', 'phone', 'postal_code', 'state_code']
  recommendation updated
  publish: {'entity': 'business', 'action': 'create', 'id': '4d1c2d88-cc8d-45d9-bc42-41ed660556cc', 'slug': 'svoi-rent-a-wreck'}

[9/20] Rafik Nazarov
  svoi: webs=0 phones=2 addr=1750 East 14th Street
  no company website
  fill keys: ['address_line', 'city', 'google_maps_url', 'location_precision', 'phone', 'postal_code', 'state_code']
  recommendation updated
  publish: {'entity': 'business', 'action': 'create', 'id': '0e2f6e2b-e7eb-4578-80a2-a0f38990acc7', 'slug': 'svoi-rafik-nazarov'}

[10/20] Alex Express Car and Limo
  svoi: webs=0 phones=2 addr=275 Kings Highway
  no company website
  fill keys: ['address_line', 'city', 'google_maps_url', 'location_precision', 'phone', 'postal_code', 'state_code']
  recommendation updated
  publish: {'entity': 'business', 'action': 'create', 'id': 'b5306086-65c1-475c-9b97-eaf8debfc44e', 'slug': 'svoi-alex-express-car-and-limo'}

[11/20] Nationwide
  svoi: webs=0 phones=1 addr=44th Street 1338
  no company website
  fill keys: ['address_line', 'city', 'google_maps_url', 'location_precision', 'phone', 'postal_code', 'state_code']
  recommendation updated
  publish: {'entity': 'business', 'action': 'create', 'id': '2b0b6847-c9c9-4a3a-82d2-6ce2171bbd9f', 'slug': 'svoi-nationwide'}

[12/20] Auto Palace
  svoi: webs=0 phones=4 addr=36th Street 1269
  no company website
  fill keys: ['address_line', 'city', 'google_maps_url', 'location_precision', 'phone', 'state_code']
  recommendation updated
  publish: {'entity': 'business', 'action': 'create', 'id': '11aa20c2-e098-4efc-b5ba-a2dff156ccf6', 'slug': 'svoi-auto-palace'}

[13/20] The Art of Decoration
  svoi: webs=0 phones=1 addr=46 Bergen Street
  no company website
  fill keys: ['address_line', 'city', 'google_maps_url', 'location_precision', 'phone', 'postal_code', 'state_code']
  recommendation updated
  publish: {'entity': 'business', 'action': 'create', 'id': '32da5d69-51b2-4db4-a993-51a799857f50', 'slug': 'svoi-the-art-of-decoration'}

[14/20] AHIM - EL DECOR
  svoi: webs=0 phones=1 addr=1954 Coney Island Avenue
  no company website
  fill keys: ['address_line', 'city', 'google_maps_url', 'location_precision', 'phone', 'postal_code', 'state_code']
  recommendation updated
  publish: {'entity': 'business', 'action': 'create', 'id': '0651cfae-b724-4191-8743-18c238e31fe4', 'slug': 'svoi-ahim-el-decor'}

[15/20] Accentuations By Design
  svoi: webs=1 phones=3 addr=60th Street  1501
  website keys: ['description', 'facebook_url', 'instagram_url']
  fill keys: ['address_line', 'city', 'google_maps_url', 'instagram_url', 'location_precision', 'phone', 'postal_code', 'state_code', 'website']
  recommendation updated
  publish: {'entity': 'business', 'action': 'create', 'id': '4dc4d588-4fb3-4ddf-9f15-f15a55d9377d', 'slug': 'svoi-accentuations-by-design'}

[16/20] Архитектор с лицензией
  svoi: webs=0 phones=3 addr=New York
  weak address skipped: New York
  no company website
  fill keys: ['city', 'google_maps_url', 'phone']
  recommendation updated
  skip publish (entity=business, street=False)

[17/20] European Closet And Cabinet
  svoi: webs=1 phones=1 addr=49th Street 214
  website keys: ['address_line', 'city', 'description', 'emails', 'facebook_url', 'instagram_url', 'opening_hours', 'phones', 'postal_code', 'state_code']
  fill keys: ['address_line', 'city', 'email', 'google_maps_url', 'instagram_url', 'location_precision', 'opening_hours', 'phone', 'postal_code', 'state_code', 'website']
  recommendation updated
  publish: {'entity': 'business', 'action': 'create', 'id': '08767f5c-c5c9-48c4-9434-3aa20442a937', 'slug': 'svoi-european-closet-and-cabinet'}

[18/20] Design By Violetta
  svoi: webs=0 phones=4 addr=7th Street 168
  no company website
  fill keys: ['address_line', 'city', 'google_maps_url', 'location_precision', 'phone', 'state_code']
  recommendation updated
  publish: {'entity': 'business', 'action': 'create', 'id': '47b0ace3-72a2-4d31-8f46-29dc9a2fe7d6', 'slug': 'svoi-design-by-violetta'}

[19/20] Garden State Driving School
  svoi: webs=1 phones=1 addr=365 Spotswood Englishtown Road
  website keys: []
  fill keys: ['address_line', 'city', 'google_maps_url', 'location_precision', 'phone', 'postal_code', 'state_code', 'website']
  recommendation updated
  publish: {'entity': 'business', 'action': 'create', 'id': 'aae249f7-868d-47bf-a120-5bb443f95131', 'slug': 'svoi-garden-state-driving-school'}

[20/20] American Ace
  svoi: webs=0 phones=1 addr=280 North Farview Avenue
  no company website
  fill keys: ['address_line', 'city', 'google_maps_url', 'location_precision', 'phone', 'state_code']
  recommendation updated
  publish: {'entity': 'business', 'action': 'create', 'id': '68b48f9c-575f-4acc-ad82-6a5128a7f6bc', 'slug': 'svoi-american-ace'}

Done. enriched=20 with_address=18 published=18 report=/Users/sammov/Russian business AI/scripts/business-enrich/data/svoi_enrich/batch_20260727T020009Z.json
Last targets=20 exit=0

===== ROUND 6 2026-07-27T02:00:12Z =====
targets=20 dry_run=False publish=True places=True publish_enriched=False

[1/20] Guess Driving School
  svoi: webs=0 phones=1 addr=Moncler
  weak address skipped: Moncler
  no company website
  places: error
  places quota exhausted — continuing without Places
  fill keys: ['city', 'google_maps_url', 'phone']
  recommendation updated
  skip publish (entity=business, street=False)

[2/20] Автошкола Аuto start
  svoi: webs=0 phones=1 addr=3171 Coney Island Avenue
  no company website
  fill keys: ['address_line', 'city', 'google_maps_url', 'location_precision', 'phone', 'state_code']
  recommendation updated
  publish: {'entity': 'business', 'action': 'create', 'id': 'cbf671af-b37a-469f-ae2b-261cf281eb5d', 'slug': 'svoi-uto-start'}

[3/20] Autocraft Driving School Inc.
  svoi: webs=0 phones=1 addr=Queens Blvd 118-20
  no company website
  fill keys: ['address_line', 'city', 'google_maps_url', 'location_precision', 'phone', 'postal_code', 'state_code']
  recommendation updated
  publish: {'entity': 'business', 'action': 'create', 'id': '46fc396d-de50-487d-975a-5e2ca467c81a', 'slug': 'svoi-autocraft-driving-school-inc'}

[4/20] Amethyst Driving School
  svoi: webs=1 phones=1 addr=1601 Gravesend Neck Road
  website keys: ['address_line', 'city', 'description', 'emails', 'facebook_url', 'instagram_url', 'phones', 'postal_code', 'state_code']
  fill keys: ['address_line', 'city', 'email', 'google_maps_url', 'instagram_url', 'location_precision', 'phone', 'postal_code', 'state_code', 'website']
  recommendation updated
  publish: {'entity': 'business', 'action': 'create', 'id': '9d82027e-a648-4a31-a02d-e850a6321423', 'slug': 'svoi-amethyst-driving-school'}

[5/20] Amethyst Driving School
  svoi: webs=1 phones=1 addr=1601 Gravesend Neck Road
  website keys: ['address_line', 'city', 'description', 'emails', 'facebook_url', 'instagram_url', 'phones', 'postal_code', 'state_code']
  fill keys: ['address_line', 'city', 'email', 'google_maps_url', 'instagram_url', 'location_precision', 'phone', 'postal_code', 'state_code', 'website']
  recommendation updated
  publish: {'entity': 'business', 'action': 'create', 'id': 'a5a9af18-701f-432b-86a6-95db24e9c30e', 'slug': 'svoi-amethyst-driving-school-2'}

[6/20] Confidence Driving School
  svoi: webs=0 phones=1 addr=108th St. 63-52
  no company website
  fill keys: ['address_line', 'city', 'google_maps_url', 'location_precision', 'phone', 'postal_code', 'state_code']
  recommendation updated
  publish: {'entity': 'business', 'action': 'create', 'id': '19aa89db-7cdd-45e6-88d9-29c8106517bc', 'slug': 'svoi-confidence-driving-school'}

[7/20] Friendly Driving School
  svoi: webs=0 phones=1 addr=Coney Island Avenue
  no company website
  fill keys: ['address_line', 'city', 'google_maps_url', 'location_precision', 'phone', 'state_code']
  recommendation updated
  publish: {'entity': 'business', 'action': 'create', 'id': '592b2218-a508-4fdf-bb2b-ffb51064a504', 'slug': 'svoi-friendly-driving-school'}

[8/20] Ark Auto School
  svoi: webs=0 phones=1 addr=1101 Avenue U
  no company website
  fill keys: ['address_line', 'city', 'google_maps_url', 'location_precision', 'phone', 'postal_code', 'state_code']
  recommendation updated
  publish: {'entity': 'business', 'action': 'create', 'id': '360cf550-66ed-48fb-aa46-0d8d54fbb51f', 'slug': 'svoi-ark-auto-school'}

[9/20] УРОКИ ВОЖДЕНИЯ Brooklyn, NY
  svoi: webs=0 phones=1 addr=2029 East 38th Street
  no company website
  fill keys: ['address_line', 'city', 'google_maps_url', 'location_precision', 'phone', 'postal_code', 'state_code']
  recommendation updated
  publish: {'entity': 'business', 'action': 'create', 'id': 'eaf21b86-6c5e-4c10-8c6d-dd4084d01af3', 'slug': 'svoi-brooklyn-ny'}

[10/20] Автошкола FORWARDS
  svoi: webs=0 phones=1 addr=101 Avenue U
  no company website
  fill keys: ['address_line', 'city', 'google_maps_url', 'location_precision', 'phone', 'postal_code', 'state_code']
  recommendation updated
  publish: {'entity': 'business', 'action': 'create', 'id': '4b2c929c-01a2-4146-b968-5631dbd0ce27', 'slug': 'svoi-forwards'}

[11/20] "Одисей"/ "ODISSEY"
  svoi: webs=0 phones=1 addr=101 Avenue South
  no company website
  fill keys: ['address_line', 'city', 'google_maps_url', 'location_precision', 'phone', 'state_code']
  recommendation updated
  publish: {'entity': 'business', 'action': 'create', 'id': 'e39950c7-7c90-4916-9d17-94b28ac54f86', 'slug': 'svoi-odissey'}

[12/20] TLC WHEELCHAIR ACCESSIBLE VEHICLE CLASSES & TRAINING
  svoi: webs=1 phones=1 addr=2002 McDonald Avenue
  website error: <urlopen error [Errno 8] nodename nor servname provided, or not known>
  fill keys: ['address_line', 'city', 'google_maps_url', 'location_precision', 'phone', 'state_code', 'website']
  recommendation updated
  publish: {'entity': 'business', 'action': 'create', 'id': '06d1bd6b-8939-441b-955a-5e7e3c5b6222', 'slug': 'svoi-tlc-wheelchair-accessible-vehicle-classes-traini'}

[13/20] LADA Driving School
  svoi: webs=0 phones=1 addr=1118 Quentin Road
  no company website
  fill keys: ['address_line', 'city', 'google_maps_url', 'location_precision', 'phone', 'postal_code', 'state_code']
  recommendation updated
  publish: {'entity': 'business', 'action': 'create', 'id': 'b3813fee-0602-4264-aa9a-aa5e9765e2ff', 'slug': 'svoi-lada-driving-school'}

[14/20] Infinity Driving School
  svoi: webs=0 phones=1 addr=1301 Kings Highway
  no company website
  fill keys: ['address_line', 'city', 'google_maps_url', 'location_precision', 'phone', 'state_code']
  recommendation updated
  publish: {'entity': 'business', 'action': 'create', 'id': 'fc59f66e-2236-4029-8e0f-3a8d01b0f0c2', 'slug': 'svoi-infinity-driving-school'}

[15/20] Left turn driving school
  svoi: webs=0 phones=2 addr=1635 East 19th Street 2nd Fl.
  no company website
  fill keys: ['address_line', 'city', 'google_maps_url', 'location_precision', 'phone', 'postal_code', 'state_code']
  recommendation updated
  publish: {'entity': 'business', 'action': 'create', 'id': '9c61ea4c-d16b-4114-8f85-cb3422a21247', 'slug': 'svoi-left-turn-driving-school'}

[16/20] АВТОШКОЛА LICENSED BY NY STATE,
  svoi: webs=0 phones=1 addr=1914 Avenue M
  no company website
  fill keys: ['address_line', 'city', 'google_maps_url', 'location_precision', 'phone', 'postal_code', 'state_code']
  recommendation updated
  publish: {'entity': 'business', 'action': 'create', 'id': '9a29a584-141d-4570-81db-98f976e48475', 'slug': 'svoi-licensed-by-ny-state'}

[17/20] Miglya Driving School
  svoi: webs=0 phones=1 addr=303 Avenue M
  no company website
  fill keys: ['address_line', 'city', 'google_maps_url', 'location_precision', 'phone', 'postal_code', 'state_code']
  recommendation updated
  publish: {'entity': 'business', 'action': 'create', 'id': 'd088b7df-3739-4a5c-ac93-9d10740e949c', 'slug': 'svoi-miglya-driving-school'}

[18/20] ITC, International Drivers Document - International Tourist Club,
  svoi: webs=0 phones=4 addr=14th Avenue 6408
  no company website
  fill keys: ['address_line', 'city', 'google_maps_url', 'location_precision', 'phone', 'state_code']
  recommendation updated
  publish: {'entity': 'business', 'action': 'create', 'id': 'c7699e2d-f813-4db8-b5b8-36c57f71011e', 'slug': 'svoi-itc-international-drivers-document-international'}

[19/20] R and M Business Services
  svoi: webs=1 phones=1 addr=535 Cranbury Road
  website keys: ['emails', 'facebook_url', 'phones']
  fill keys: ['address_line', 'city', 'email', 'google_maps_url', 'location_precision', 'phone', 'state_code', 'website']
  recommendation updated
  publish: {'entity': 'business', 'action': 'create', 'id': '659a4705-a3c8-4c97-a5d0-b4f2394f0065', 'slug': 'svoi-r-and-m-business-services'}

[20/20] Professional Accounting Julia Popova
  svoi: webs=0 phones=3 addr=East Brunswick
  weak address skipped: East Brunswick
  no company website
  fill keys: ['city', 'google_maps_url', 'phone']
  recommendation updated
  skip publish (entity=business, street=False)

Done. enriched=20 with_address=18 published=18 report=/Users/sammov/Russian business AI/scripts/business-enrich/data/svoi_enrich/batch_20260727T020122Z.json
Last targets=20 exit=0

===== ROUND 7 2026-07-27T02:01:25Z =====
targets=20 dry_run=False publish=True places=True publish_enriched=False

[1/20] Taxation and Accounting Services
  svoi: webs=0 phones=1 addr=67 Culford Place
  no company website
  places: error
  places quota exhausted — continuing without Places
  fill keys: ['address_line', 'city', 'google_maps_url', 'location_precision', 'phone', 'state_code']
  recommendation updated
  publish: {'entity': 'business', 'action': 'create', 'id': '428c52c4-f681-420a-8dc9-8df8784e0ad2', 'slug': 'svoi-taxation-and-accounting-services'}

[2/20] Avi Labkovski CPA, LLC
  svoi: webs=0 phones=1 addr=200 Sheffield Street
  no company website
  fill keys: ['address_line', 'city', 'google_maps_url', 'location_precision', 'phone', 'state_code']
  recommendation updated
  publish: {'entity': 'business', 'action': 'create', 'id': '0ae42773-380c-44bb-aa0e-0195eebe7fdf', 'slug': 'svoi-avi-labkovski-cpa-llc'}

[3/20] Spot-On Tax Services
  svoi: webs=1 phones=1 addr=340 Bloomfield Avenue
  website keys: ['description', 'emails', 'facebook_url', 'phones']
  fill keys: ['address_line', 'city', 'email', 'google_maps_url', 'location_precision', 'phone', 'state_code', 'website']
  recommendation updated
  publish: {'entity': 'business', 'action': 'create', 'id': '83b25585-73aa-41ef-8ce9-e08a6ce0d964', 'slug': 'svoi-spot-on-tax-services'}

[4/20] Барри Лэнди CPA, PC
  svoi: webs=1 phones=1 addr=99 Tulip Avenue
  website error: <urlopen error [Errno 8] nodename nor servname provided, or not known>
  fill keys: ['address_line', 'city', 'google_maps_url', 'location_precision', 'phone', 'postal_code', 'state_code', 'website']
  recommendation updated
  publish: {'entity': 'business', 'action': 'create', 'id': 'e555106f-87a3-4a65-8330-9fc12d024f0d', 'slug': 'svoi-cpa-pc'}

[5/20] Verta Consulting & Accounting Services
  svoi: webs=1 phones=1 addr=54 Sherwood Road
  website keys: ['emails', 'phones']
  fill keys: ['address_line', 'city', 'email', 'google_maps_url', 'location_precision', 'phone', 'state_code', 'website']
  recommendation updated
  publish: {'entity': 'business', 'action': 'create', 'id': 'e685f552-682b-4255-88bb-5c07bae70f99', 'slug': 'svoi-verta-consulting-accounting-services'}

[6/20] Goldenthal and Suss (CPA)
  svoi: webs=0 phones=1 addr=2791 Richmond Avenue
  no company website
  fill keys: ['address_line', 'city', 'google_maps_url', 'location_precision', 'phone', 'state_code']
  recommendation updated
  publish: {'entity': 'business', 'action': 'create', 'id': '5bc97c08-e491-4f3b-9a2b-3f5f817ecfe2', 'slug': 'svoi-goldenthal-and-suss-cpa'}

[7/20] iTAX SOLUTIONS
  svoi: webs=0 phones=2 addr=New York
  weak address skipped: New York
  no company website
  fill keys: ['city', 'google_maps_url', 'phone']
  recommendation updated
  skip publish (entity=business, street=False)

[8/20] Business Service and Tax Preparation
  svoi: webs=0 phones=1 addr=606 Brighton Beach Avenue
  no company website
  fill keys: ['address_line', 'city', 'google_maps_url', 'location_precision', 'phone', 'state_code']
  recommendation updated
  publish: {'entity': 'business', 'action': 'create', 'id': 'a54ce4fc-9651-45fc-970f-167da403f778', 'slug': 'svoi-business-service-and-tax-preparation'}

[9/20] G &T tax INCOME TAX
  svoi: webs=0 phones=2 addr=1047 Brighton Beach
  no company website
  fill keys: ['address_line', 'city', 'google_maps_url', 'location_precision', 'phone', 'postal_code', 'state_code']
  recommendation updated
  publish: {'entity': 'business', 'action': 'create', 'id': 'd1960d9d-7101-40ed-b8cc-3f3398d4dc32', 'slug': 'svoi-g-t-tax-income-tax'}

[10/20] Tax Target Group L.L.T.
  svoi: webs=1 phones=1 addr=1047 Brighton Beach Avenue
  website error: HTTP Error 404: Not Found
  fill keys: ['address_line', 'city', 'google_maps_url', 'location_precision', 'phone', 'postal_code', 'state_code', 'website']
  recommendation updated
  publish: {'entity': 'business', 'action': 'create', 'id': '30e2562f-89b2-476a-84a3-e880b461a865', 'slug': 'svoi-tax-target-group-l-l-t'}

[11/20] Tax Target Group LLC
  svoi: webs=0 phones=2 addr=1047 Brighton Beach Avenue
  no company website
  fill keys: ['address_line', 'city', 'google_maps_url', 'location_precision', 'phone', 'postal_code', 'state_code']
  recommendation updated
  publish: {'entity': 'business', 'action': 'create', 'id': '9a2e5cd6-d5f1-4462-837e-d45468c9567f', 'slug': 'svoi-tax-target-group-llc'}

[12/20] Mayya Shneyder, Inc.
  svoi: webs=0 phones=1 addr=174 Brighton 11th Street
  no company website
  fill keys: ['address_line', 'city', 'google_maps_url', 'location_precision', 'phone', 'state_code']
  recommendation updated
  publish: {'entity': 'business', 'action': 'create', 'id': 'a1fef8a6-48b1-4de9-84a1-3a8a059c2078', 'slug': 'svoi-mayya-shneyder-inc'}

[13/20] Eric Krupnik, CPA
  svoi: webs=0 phones=1 addr=852 Avenue Z
  no company website
  fill keys: ['address_line', 'city', 'google_maps_url', 'location_precision', 'phone', 'postal_code', 'state_code']
  recommendation updated
  publish: {'entity': 'business', 'action': 'create', 'id': 'c55ebad3-0461-4833-ad88-f99dfecd47bd', 'slug': 'svoi-eric-krupnik-cpa'}

[14/20] Advanced Accounting and Professional Services
  svoi: webs=0 phones=1 addr=2903 Ocean Avenue
  no company website
  fill keys: ['address_line', 'city', 'google_maps_url', 'location_precision', 'phone', 'state_code']
  recommendation updated
  publish: {'entity': 'business', 'action': 'create', 'id': '129fd6fb-a789-429a-8e11-f148944bad54', 'slug': 'svoi-advanced-accounting-and-professional-services'}

[15/20] Налоговые декларации
  svoi: webs=0 phones=1 addr=2751 Coney Island Avenue
  no company website
  fill keys: ['address_line', 'city', 'google_maps_url', 'location_precision', 'phone', 'postal_code', 'state_code']
  recommendation updated
  publish: {'entity': 'business', 'action': 'create', 'id': '114f33fa-02a0-4876-b1b7-839dfd6b8df1', 'slug': 'svoi-biz-4'}

[16/20] Center of Consulting Service
  svoi: webs=0 phones=1 addr=86th Street 2916
  no company website
  fill keys: ['address_line', 'city', 'google_maps_url', 'location_precision', 'phone', 'state_code']
  recommendation updated
  publish: {'entity': 'business', 'action': 'create', 'id': 'a84083c2-ac19-46a4-a565-6fe886b019e7', 'slug': 'svoi-center-of-consulting-service'}

[17/20] Alla Popov CPA
  svoi: webs=0 phones=1 addr=2602 Avenue U
  no company website
  fill keys: ['address_line', 'city', 'google_maps_url', 'location_precision', 'phone', 'postal_code', 'state_code']
  recommendation updated
  publish: {'entity': 'business', 'action': 'create', 'id': '08b552bf-184d-48af-893f-3ca442374942', 'slug': 'svoi-alla-popov-cpa'}

[18/20] Kraven Capital
  svoi: webs=0 phones=4 addr=187 Avenue U
  no company website
  fill keys: ['address_line', 'city', 'google_maps_url', 'location_precision', 'phone', 'postal_code', 'state_code']
  recommendation updated
  publish: {'entity': 'business', 'action': 'create', 'id': '78557fa5-f682-4073-95a8-a18ee3583ab2', 'slug': 'svoi-kraven-capital'}

[19/20] Genius Kids
  svoi: webs=0 phones=1 addr=701 Ginesi Drive
  no company website
  fill keys: ['address_line', 'city', 'google_maps_url', 'location_precision', 'phone', 'postal_code', 'state_code']
  recommendation updated
  publish: {'entity': 'business', 'action': 'create', 'id': '70217b38-d555-4cff-a216-0acd66a1ebf0', 'slug': 'svoi-genius-kids'}

[20/20] Genius Kids Day Care
  svoi: webs=0 phones=1 addr=701 Ginesi Drive
  no company website
  fill keys: ['address_line', 'city', 'google_maps_url', 'location_precision', 'phone', 'postal_code', 'state_code']
  recommendation updated
  publish: {'entity': 'business', 'action': 'create', 'id': '7f7e8bfc-5002-4349-a09d-d951225bb642', 'slug': 'svoi-genius-kids-day-care'}

Done. enriched=20 with_address=19 published=19 report=/Users/sammov/Russian business AI/scripts/business-enrich/data/svoi_enrich/batch_20260727T020234Z.json
Last targets=20 exit=0

===== ROUND 8 2026-07-27T02:02:38Z =====
targets=20 dry_run=False publish=True places=True publish_enriched=False

[1/20] Marlboro Prep - Montessori of Morganville
  svoi: webs=1 phones=1 addr=165 Amboy Road
  website error: <urlopen error [Errno 8] nodename nor servname provided, or not known>
  places: error
  places quota exhausted — continuing without Places
  fill keys: ['address_line', 'city', 'google_maps_url', 'location_precision', 'phone', 'postal_code', 'state_code', 'website']
  recommendation updated
  publish: {'entity': 'business', 'action': 'create', 'id': 'f9580186-6310-4699-ba86-97ca97119de0', 'slug': 'svoi-marlboro-prep-montessori-of-morganville'}

[2/20] Kroshka Day Care
  svoi: webs=0 phones=2 addr=Ferry Road
  no company website
  fill keys: ['address_line', 'city', 'google_maps_url', 'location_precision', 'phone', 'state_code']
  recommendation updated
  publish: {'entity': 'business', 'action': 'create', 'id': 'e6fb6888-e7d7-4ed3-9a23-754388dfd28c', 'slug': 'svoi-kroshka-day-care'}

[3/20] Solnyshko Daycare Center
  svoi: webs=1 phones=2 addr=20 Troy Road
  website keys: ['address_line', 'city', 'postal_code', 'state_code']
  fill keys: ['address_line', 'city', 'google_maps_url', 'location_precision', 'phone', 'postal_code', 'state_code', 'website']
  recommendation updated
  publish: {'entity': 'business', 'action': 'create', 'id': '09591d2f-cd10-4e94-8b59-39576d4b2bce', 'slug': 'svoi-solnyshko-daycare-center'}

[4/20] Solnyshko; Day Care Center
  svoi: webs=1 phones=1 addr=20 Troy Road
  website keys: ['address_line', 'city', 'postal_code', 'state_code']
  fill keys: ['address_line', 'city', 'google_maps_url', 'location_precision', 'phone', 'postal_code', 'state_code', 'website']
  recommendation updated
  publish: {'entity': 'business', 'action': 'create', 'id': 'af0f0098-fd8d-4363-b891-cbb4ca0aab55', 'slug': 'svoi-solnyshko-day-care-center'}

[5/20] Watchung Day Camp New в Маунтинсайд
  svoi: webs=0 phones=1 addr=Providence Rd
  no company website
  fill keys: ['address_line', 'city', 'google_maps_url', 'location_precision', 'phone']
  recommendation updated
  publish: {'entity': 'business', 'action': 'create', 'id': '920b9847-0f4c-44aa-9613-0b52194ddf93', 'slug': 'svoi-watchung-day-camp-new'}

[6/20] WondeRay Academy Day Care Center
  svoi: webs=1 phones=2 addr=509 Central Avenue
  website keys: ['description', 'phones']
  fill keys: ['address_line', 'city', 'google_maps_url', 'location_precision', 'phone', 'postal_code', 'state_code', 'website']
  recommendation updated
  publish: {'entity': 'business', 'action': 'create', 'id': 'bf9dcfff-59c7-4c2f-8209-f56fc4d9a69a', 'slug': 'svoi-wonderay-academy-day-care-center'}

[7/20] Viktoria Kids Academy
  svoi: webs=0 phones=2 addr=Raymond Street 15-25
  no company website
  fill keys: ['address_line', 'city', 'google_maps_url', 'location_precision', 'phone', 'postal_code', 'state_code']
  recommendation updated
  publish: {'entity': 'business', 'action': 'create', 'id': '021dba8c-851c-40ae-9c56-18a84acf1f71', 'slug': 'svoi-viktoria-kids-academy'}

[8/20] Stepping Stone Family Day Care
  svoi: webs=0 phones=2 addr=6th street
  no company website
  fill keys: ['address_line', 'city', 'google_maps_url', 'location_precision', 'phone', 'state_code']
  recommendation updated
  publish: {'entity': 'business', 'action': 'create', 'id': '1d9671d1-83fc-4b93-b961-ae8f136f95bb', 'slug': 'svoi-stepping-stone-family-day-care'}

[9/20] Magic Garden Learning Center
  svoi: webs=0 phones=1 addr=Saddle River Road 11-5
  no company website
  fill keys: ['address_line', 'city', 'google_maps_url', 'location_precision', 'phone', 'postal_code', 'state_code']
  recommendation updated
  publish: {'entity': 'business', 'action': 'create', 'id': '7aafb2eb-19f9-4fd7-8904-76a835ed68c3', 'slug': 'svoi-magic-garden-learning-center'}

[10/20] WizKids Academy Daycare and Preschool
  svoi: webs=1 phones=1 addr=379 Morris Avenue
  website keys: ['address_line', 'city', 'description', 'emails', 'facebook_url', 'instagram_url', 'postal_code', 'state_code']
  fill keys: ['address_line', 'city', 'email', 'google_maps_url', 'instagram_url', 'location_precision', 'phone', 'postal_code', 'state_code', 'website']
  recommendation updated
  publish: {'entity': 'business', 'action': 'create', 'id': 'edead408-f3c5-4341-bccc-f99b0120335b', 'slug': 'svoi-wizkids-academy-daycare-and-preschool'}

[11/20] Rainbows Group Family Day Care
  svoi: webs=1 phones=1 addr=18 Short Place
  website error: <urlopen error [Errno 8] nodename nor servname provided, or not known>
  fill keys: ['address_line', 'city', 'google_maps_url', 'location_precision', 'phone', 'state_code', 'website']
  recommendation updated
  publish: {'entity': 'business', 'action': 'create', 'id': 'f3aacc76-eec4-4832-9a0f-2624a8ef3358', 'slug': 'svoi-rainbows-group-family-day-care'}

[12/20] Magical Palace Of Knowledge
  svoi: webs=1 phones=1 addr=775 Valley Rd
  website error: <urlopen error [Errno 8] nodename nor servname provided, or not known>
  fill keys: ['address_line', 'city', 'google_maps_url', 'location_precision', 'phone', 'state_code', 'website']
  recommendation updated
  publish: {'entity': 'business', 'action': 'create', 'id': 'cde2ff79-4354-4621-bbdc-20d220a66ad7', 'slug': 'svoi-magical-palace-of-knowledge'}

[13/20] Adventure Land
  svoi: webs=0 phones=2 addr=280 Summit Avenue
  no company website
  fill keys: ['address_line', 'city', 'google_maps_url', 'location_precision', 'phone', 'postal_code', 'state_code']
  recommendation updated
  publish: {'entity': 'business', 'action': 'create', 'id': '904f0951-83cd-4c5b-a366-439094efba1e', 'slug': 'svoi-adventure-land'}

[14/20] Mickey Academy
  svoi: webs=1 phones=1 addr=11 Brighton Road
  website keys: ['emails']
  fill keys: ['address_line', 'city', 'email', 'google_maps_url', 'location_precision', 'phone', 'postal_code', 'state_code', 'website']
  recommendation updated
  publish: {'entity': 'business', 'action': 'create', 'id': '81e056c6-836b-4bf6-b72f-7a31b1984163', 'slug': 'svoi-mickey-academy'}

[15/20] Rainbows
  svoi: webs=0 phones=1 addr=New York
  weak address skipped: New York
  no company website
  fill keys: ['city', 'google_maps_url', 'phone']
  recommendation updated
  skip publish (entity=business, street=False)

[16/20] Pinocchio Family Daycare
  svoi: webs=0 phones=1 addr=483 Midland Avenue
  no company website
  fill keys: ['address_line', 'city', 'google_maps_url', 'location_precision', 'phone', 'state_code']
  recommendation updated
  publish: {'entity': 'business', 'action': 'create', 'id': '04690329-00e7-48df-b3eb-3f72b6ce6eda', 'slug': 'svoi-pinocchio-family-daycare'}

[17/20] Midland Childcare
  svoi: webs=0 phones=1 addr=90 Mapleton Avenue
  no company website
  fill keys: ['address_line', 'city', 'google_maps_url', 'location_precision', 'phone', 'postal_code', 'state_code']
  recommendation updated
  publish: {'entity': 'business', 'action': 'create', 'id': 'd87d6029-b5a2-4df3-bbc6-ccce3c47fafb', 'slug': 'svoi-midland-childcare'}

[18/20] Orange Line
  svoi: webs=1 phones=4 addr=867 Father Capodanno Boulevard
  website error: HTTP Error 403: Forbidden
  fill keys: ['address_line', 'city', 'google_maps_url', 'location_precision', 'phone', 'postal_code', 'state_code', 'website']
  recommendation updated
  publish: {'entity': 'business', 'action': 'create', 'id': 'd52219c6-fa8a-45da-9c2f-65306a25ab19', 'slug': 'svoi-orange-line'}

[19/20] North Ritz Club в Syosset
  svoi: webs=0 phones=1 addr=7150 Jericho Turnpike
  no company website
  fill keys: ['address_line', 'city', 'google_maps_url', 'location_precision', 'phone', 'state_code']
  recommendation updated
  publish: {'entity': 'business', 'action': 'create', 'id': 'a051db07-1fde-46eb-8bc0-3c1bd5f2d55b', 'slug': 'svoi-north-ritz-club-syosset'}

[20/20] Fair Lawn Russian Club
  svoi: webs=0 phones=1 addr=20th Street 10-10
  no company website
  fill keys: ['address_line', 'city', 'google_maps_url', 'location_precision', 'phone', 'postal_code', 'state_code']
  recommendation updated
  publish: {'entity': 'business', 'action': 'create', 'id': '5d61f5c6-0576-46bc-b8fb-1939f46495c1', 'slug': 'svoi-fair-lawn-russian-club'}

Done. enriched=20 with_address=19 published=19 report=/Users/sammov/Russian business AI/scripts/business-enrich/data/svoi_enrich/batch_20260727T020354Z.json
Last targets=20 exit=0

===== ROUND 9 2026-07-27T02:03:57Z =====
targets=20 dry_run=False publish=True places=True publish_enriched=False

[1/20] Day Spa & Sauna Resort
  svoi: webs=0 phones=1 addr=Broadway 24-20
  no company website
  places: error
  places quota exhausted — continuing without Places
  fill keys: ['address_line', 'city', 'google_maps_url', 'location_precision', 'phone', 'state_code']
  recommendation updated
  publish: {'entity': 'business', 'action': 'create', 'id': '6454ff01-c52c-47b7-8844-a9327fbeef47', 'slug': 'svoi-day-spa-sauna-resort'}

[2/20] Wellness Heat Club
  svoi: webs=1 phones=2 addr=HOPE AVE 163 HOPE AVE Passaic
  website error: <urlopen error [Errno 8] nodename nor servname provided, or not known>
  fill keys: ['address_line', 'city', 'google_maps_url', 'location_precision', 'phone', 'website']
  recommendation updated
  publish: {'entity': 'professional', 'action': 'create', 'id': 'c9770b42-4943-42fe-942e-fef4191e092f', 'slug': 'svoi-wellness-heat-club'}

[3/20] International Steam Baths
  svoi: webs=0 phones=1 addr=163 Hope Avenue
  no company website
  fill keys: ['address_line', 'city', 'google_maps_url', 'location_precision', 'phone', 'postal_code', 'state_code']
  recommendation updated
  publish: {'entity': 'professional', 'action': 'merge', 'id': 'c9770b42-4943-42fe-942e-fef4191e092f'}

[4/20] Foxy Gentlemen’s Club
  svoi: webs=0 phones=1 addr=1201 Surf Avenue
  no company website
  fill keys: ['address_line', 'city', 'google_maps_url', 'location_precision', 'phone', 'postal_code', 'state_code']
  recommendation updated
  publish: {'entity': 'business', 'action': 'create', 'id': '1d2a1d6d-948d-4e28-93b2-693b6da3ade8', 'slug': 'svoi-foxy-gentlemen-s-club'}

[5/20] Mermaid Spa in Sea Gate
  svoi: webs=0 phones=1 addr=3703 Mermaid Avenue
  no company website
  fill keys: ['address_line', 'city', 'google_maps_url', 'location_precision', 'phone', 'postal_code', 'state_code']
  recommendation updated
  publish: {'entity': 'business', 'action': 'create', 'id': '708c28c7-8de6-403f-98f8-da3a32b0445a', 'slug': 'svoi-mermaid-spa-in-sea-gate'}

[6/20] Bally Total Fitness NY
  svoi: webs=0 phones=1 addr=Coney Island Avenue
  no company website
  fill keys: ['address_line', 'city', 'google_maps_url', 'location_precision', 'phone']
  recommendation updated
  publish: {'entity': 'business', 'action': 'create', 'id': '650d0e0a-5055-4e5a-b807-1c8679883da7', 'slug': 'svoi-bally-total-fitness-ny'}

[7/20] Russian Bath-B
  svoi: webs=0 phones=2 addr=1200 Gravesend Neck Rd.
  no company website
  fill keys: ['address_line', 'city', 'google_maps_url', 'location_precision', 'phone', 'postal_code', 'state_code']
  recommendation updated
  publish: {'entity': 'business', 'action': 'create', 'id': '923da323-1dd6-4400-b593-b1c50e851b86', 'slug': 'svoi-russian-bath-b'}

[8/20] Only You
  svoi: webs=1 phones=1 addr=2508 Coney Island Avenue
  website error: <urlopen error [Errno 8] nodename nor servname provided, or not known>
  fill keys: ['address_line', 'city', 'google_maps_url', 'location_precision', 'phone', 'postal_code', 'state_code', 'website']
  recommendation updated
  publish: {'entity': 'business', 'action': 'create', 'id': '45d9fcd0-061a-41ad-bba2-1037c009b916', 'slug': 'svoi-only-you'}

[9/20] КАРАОКЕ-БАР Estelle
  svoi: webs=0 phones=1 addr=1824 Avenue U
  no company website
  fill keys: ['address_line', 'city', 'google_maps_url', 'location_precision', 'phone', 'postal_code', 'state_code']
  recommendation updated
  publish: {'entity': 'business', 'action': 'create', 'id': '19ee2323-8f3c-4782-b321-e93c511206c7', 'slug': 'svoi-estelle'}

[10/20] Brooklyn Health and Racquet Club
  svoi: webs=0 phones=1 addr=4400 Glenwood Road
  no company website
  fill keys: ['address_line', 'city', 'google_maps_url', 'location_precision', 'phone', 'state_code']
  recommendation updated
  publish: {'entity': 'business', 'action': 'create', 'id': 'c058e31d-a8f2-45b7-91c1-5a179bfc7576', 'slug': 'svoi-brooklyn-health-and-racquet-club'}

[11/20] Single Club Together
  svoi: webs=0 phones=2 addr=New York
  weak address skipped: New York
  no company website
  fill keys: ['city', 'google_maps_url', 'phone']
  recommendation updated
  skip publish (entity=business, street=False)

[12/20] Клуб At First Sight
  svoi: webs=0 phones=2 addr=New York
  weak address skipped: New York
  no company website
  fill keys: ['city', 'google_maps_url', 'phone']
  recommendation updated
  skip publish (entity=business, street=False)

[13/20] Клуб знакомств Eva''s Apple
  svoi: webs=0 phones=2 addr=New York
  weak address skipped: New York
  no company website
  fill keys: ['city', 'google_maps_url', 'phone']
  recommendation updated
  skip publish (entity=business, street=False)

[14/20] Bally's Sports Clubs
  svoi: webs=0 phones=1 addr=139 West 32nd Street
  no company website
  fill keys: ['address_line', 'city', 'google_maps_url', 'location_precision', 'phone', 'state_code']
  recommendation updated
  publish: {'entity': 'business', 'action': 'create', 'id': '3d86ad06-af6f-49a4-8350-033f764f73e1', 'slug': 'svoi-bally-s-sports-clubs'}

[15/20] Le Cachet Spa
  svoi: webs=1 phones=1 addr=39 East 30th Street
  website error: <urlopen error [Errno 8] nodename nor servname provided, or not known>
  fill keys: ['address_line', 'city', 'google_maps_url', 'location_precision', 'phone', 'state_code', 'website']
  recommendation updated
  publish: {'entity': 'professional', 'action': 'create', 'id': '75fd4b70-9507-4e53-8559-9c7a6ee66457', 'slug': 'svoi-le-cachet-spa'}

[16/20] Russian Turkish Baths
  svoi: webs=0 phones=3 addr=268 East 10th Street
  no company website
  fill keys: ['address_line', 'city', 'google_maps_url', 'location_precision', 'phone', 'postal_code', 'state_code']
  recommendation updated
  publish: {'entity': 'professional', 'action': 'create', 'id': '05d70e22-3815-49e5-bb3b-ff71f8caff5b', 'slug': 'svoi-russian-turkish-baths'}

[17/20] Cafe Matreshka - Restaurants
  svoi: webs=0 phones=1 addr=New York
  weak address skipped: New York
  no company website
  fill keys: ['city', 'google_maps_url', 'phone']
  recommendation updated
  skip publish (entity=business, street=False)

[18/20] The Wall Street Bath and Spa Русская Баня
  svoi: webs=1 phones=4 addr=88 Fulton Street
  website keys: ['facebook_url', 'instagram_url']
  fill keys: ['address_line', 'city', 'google_maps_url', 'instagram_url', 'location_precision', 'phone', 'state_code', 'website']
  recommendation updated
  publish: {'entity': 'business', 'action': 'create', 'id': 'ddc09069-73cc-4887-8eb3-d182a457c0e7', 'slug': 'svoi-the-wall-street-bath-and-spa'}

[19/20] Sergejs General Construction
  svoi: webs=0 phones=1 addr=3060 Edwin Avenue
  no company website
  fill keys: ['address_line', 'city', 'google_maps_url', 'location_precision', 'phone', 'postal_code', 'state_code']
  recommendation updated
  publish: {'entity': 'business', 'action': 'create', 'id': '8fcc48d8-355b-4995-9d46-fb0b5d7a876e', 'slug': 'svoi-sergejs-general-construction'}

[20/20] agir elektrical solution
  svoi: webs=0 phones=1 addr=2755 Harway Avenue
  no company website
  fill keys: ['address_line', 'city', 'google_maps_url', 'location_precision', 'phone', 'state_code']
  recommendation updated
  publish: {'entity': 'business', 'action': 'create', 'id': 'd0137f92-f19e-4b3b-ae37-38688120b28f', 'slug': 'svoi-agir-elektrical-solution'}

Done. enriched=20 with_address=16 published=16 report=/Users/sammov/Russian business AI/scripts/business-enrich/data/svoi_enrich/batch_20260727T020458Z.json
Last targets=20 exit=0

===== ROUND 10 2026-07-27T02:05:01Z =====
targets=20 dry_run=False publish=True places=True publish_enriched=False

[1/20] POWER NYC SIGNS & ELECTRIC
  svoi: webs=0 phones=1 addr=6402 Bay Parkway
  no company website
  places: error
  places quota exhausted — continuing without Places
  fill keys: ['address_line', 'city', 'google_maps_url', 'location_precision', 'phone', 'postal_code', 'state_code']
  recommendation updated
  publish: {'entity': 'business', 'action': 'create', 'id': 'ea6b8856-ebad-465a-8f9e-555f17728997', 'slug': 'svoi-power-nyc-signs-electric'}

[2/20] ECTACO, INC
  svoi: webs=0 phones=1 addr=31st STREET 3121
  no company website
  fill keys: ['address_line', 'city', 'google_maps_url', 'location_precision', 'phone', 'state_code']
  recommendation updated
  publish: {'entity': 'business', 'action': 'create', 'id': 'e318197d-690d-4be7-8784-78792264f307', 'slug': 'svoi-ectaco-inc'}

[3/20] The Old Electrical Corp.
  svoi: webs=0 phones=1 addr=New York
  weak address skipped: New York
  no company website
  fill keys: ['city', 'google_maps_url', 'phone']
  recommendation updated
  skip publish (entity=business, street=False)

[4/20] ЕЛЕКТРИК.Проводим електрические работы ( panels, switch, outlets,spotlights),
  svoi: webs=0 phones=1 addr=New York
  weak address skipped: New York
  no company website
  fill keys: ['city', 'google_maps_url', 'phone']
  recommendation updated
  skip publish (entity=business, street=False)

[5/20] Опытный электрик в Бруклине
  svoi: webs=0 phones=1 addr=New York
  weak address skipped: New York
  no company website
  fill keys: ['city', 'google_maps_url', 'phone']
  recommendation updated
  skip publish (entity=business, street=False)

[6/20] Профессиональный электрик бруклин
  svoi: webs=0 phones=1 addr=New York
  weak address skipped: New York
  no company website
  fill keys: ['city', 'google_maps_url', 'phone']
  recommendation updated
  skip publish (entity=business, street=False)

[7/20] Электрики Мы постараемся вам помочь
  svoi: webs=0 phones=1 addr=New York
  weak address skipped: New York
  no company website
  fill keys: ['city', 'google_maps_url', 'phone']
  recommendation updated
  skip publish (entity=business, street=False)

[8/20] Электромонтажные услуги
  svoi: webs=0 phones=1 addr=New York
  weak address skipped: New York
  no company website
  fill keys: ['city', 'google_maps_url', 'phone']
  recommendation updated
  skip publish (entity=business, street=False)

[9/20] Aleta Industries
  svoi: webs=0 phones=1 addr=242 Eagle Street
  no company website
  fill keys: ['address_line', 'city', 'google_maps_url', 'location_precision', 'phone', 'postal_code', 'state_code']
  recommendation updated
  publish: {'entity': 'business', 'action': 'create', 'id': '389347db-8fd0-4907-b17f-74b8f89dea0e', 'slug': 'svoi-aleta-industries'}

[10/20] Contact Plus Services Inc
  svoi: webs=0 phones=1 addr=247 Van Brunt Street
  no company website
  fill keys: ['address_line', 'city', 'google_maps_url', 'location_precision', 'phone', 'state_code']
  recommendation updated
  publish: {'entity': 'business', 'action': 'create', 'id': '969574bb-87e2-4071-b2b6-be06ab9735b6', 'slug': 'svoi-contact-plus-services-inc'}

[11/20] Сантехник, электрик
  svoi: webs=0 phones=1 addr=New York
  weak address skipped: New York
  no company website
  fill keys: ['city', 'google_maps_url', 'phone']
  recommendation updated
  skip publish (entity=business, street=False)

[12/20] умный дом
  svoi: webs=0 phones=1 addr=New York
  weak address skipped: New York
  no company website
  fill keys: ['city', 'google_maps_url', 'phone']
  recommendation updated
  skip publish (entity=business, street=False)

[13/20] Электрические работы
  svoi: webs=0 phones=1 addr=New York
  weak address skipped: New York
  no company website
  fill keys: ['city', 'google_maps_url', 'phone']
  recommendation updated
  skip publish (entity=business, street=False)

[14/20] автоэлектрик
  svoi: webs=0 phones=1 addr=New York
  weak address skipped: New York
  no company website
  fill keys: ['city', 'google_maps_url', 'phone']
  recommendation updated
  skip publish (entity=business, street=False)

[15/20] Профессиональный электрик
  svoi: webs=0 phones=2 addr=New York
  weak address skipped: New York
  no company website
  fill keys: ['city', 'google_maps_url', 'phone']
  recommendation updated
  skip publish (entity=business, street=False)

[16/20] Chel Group Realty
  svoi: webs=0 phones=2 addr=1204 West Northwest Highway
  no company website
  fill keys: ['address_line', 'city', 'google_maps_url', 'location_precision', 'phone', 'state_code']
  recommendation updated
  publish: {'entity': 'business', 'action': 'create', 'id': 'faba1e52-5794-4107-ab14-abb2c0522264', 'slug': 'svoi-chel-group-realty'}

[17/20] Yana Vilchynsky - Terra Property Group
  svoi: webs=0 phones=1 addr=2118 Brandywyn Ln
  no company website
  fill keys: ['address_line', 'city', 'google_maps_url', 'location_precision', 'phone', 'postal_code', 'state_code']
  recommendation updated
  publish: {'entity': 'business', 'action': 'create', 'id': '7c5a4306-961a-4f6b-b256-e412f6ab373a', 'slug': 'svoi-yana-vilchynsky-terra-property-group'}

[18/20] Перепелицкая Клара
  svoi: webs=0 phones=1 addr=250 Parkway Drive
  no company website
  fill keys: ['address_line', 'city', 'google_maps_url', 'location_precision', 'phone', 'postal_code', 'state_code']
  recommendation updated
  publish: {'entity': 'business', 'action': 'create', 'id': '7bfec467-3ed7-45f9-8394-fdb89b528fb1', 'slug': 'svoi-biz-5'}

[19/20] Royal Service Realty Home Sweet Home
  svoi: webs=0 phones=1 addr=Stratford Sq
  weak address skipped: Stratford Sq
  no company website
  fill keys: ['city', 'google_maps_url', 'phone']
  recommendation updated
  skip publish (entity=business, street=False)

[20/20] Gold & Azen Realty
  svoi: webs=0 phones=1 addr=785 South Buffalo Grove Road
  no company website
  fill keys: ['address_line', 'city', 'google_maps_url', 'location_precision', 'phone', 'postal_code', 'state_code']
  recommendation updated
  publish: {'entity': 'business', 'action': 'create', 'id': '99545dac-2692-4f47-83d6-e20c2f00b00b', 'slug': 'svoi-gold-azen-realty'}

Done. enriched=20 with_address=8 published=8 report=/Users/sammov/Russian business AI/scripts/business-enrich/data/svoi_enrich/batch_20260727T020546Z.json
Last targets=20 exit=0

===== ROUND 11 2026-07-27T02:05:49Z =====
targets=20 dry_run=False publish=True places=True publish_enriched=False

[1/20] Andrew Shevelev, American Real Estate Services
  svoi: webs=0 phones=1 addr=20594 North Milwaukee Avenue
  no company website
  places: error
  places quota exhausted — continuing without Places
  fill keys: ['address_line', 'city', 'google_maps_url', 'location_precision', 'phone', 'state_code']
  recommendation updated
  publish: {'entity': 'business', 'action': 'create', 'id': '9f404219-bdbe-4d9f-8b41-0e9b91cc90f8', 'slug': 'svoi-andrew-shevelev-american-real-estate-services'}

[2/20] Realtor Katerina Belajeva
  svoi: webs=0 phones=3 addr=Bloomingdale Rd 107 S
  no company website
  fill keys: ['address_line', 'city', 'google_maps_url', 'location_precision', 'phone', 'postal_code', 'state_code']
  recommendation updated
  publish: {'entity': 'professional', 'action': 'create', 'id': '8591c517-1bf0-49f7-9cbf-e1f627068520', 'slug': 'svoi-realtor-katerina-belajeva'}

[3/20] Alla Kimbarovsky Broker
  svoi: webs=0 phones=1 addr=607 Central Avenue
  no company website
  fill keys: ['address_line', 'city', 'google_maps_url', 'location_precision', 'phone', 'postal_code', 'state_code']
  recommendation updated
  publish: {'entity': 'business', 'action': 'create', 'id': '3a89f3c7-1a8f-4b2a-a9a5-1197591eb5ff', 'slug': 'svoi-alla-kimbarovsky-broker'}

[4/20] Alla Haham
  svoi: webs=0 phones=1 addr=81-B S. Milwaukee Ave
  no company website
  fill keys: ['address_line', 'city', 'google_maps_url', 'location_precision', 'phone', 'postal_code', 'state_code']
  recommendation updated
  publish: {'entity': 'business', 'action': 'create', 'id': '1b7c0a07-31fc-46c4-82e3-ef770c56a507', 'slug': 'svoi-alla-haham'}

[5/20] Coldwell Banker (Highland Park) - Oleg Trifonov
  svoi: webs=0 phones=1 addr=2nd 1741
  no company website
  fill keys: ['address_line', 'city', 'google_maps_url', 'location_precision', 'phone', 'postal_code', 'state_code']
  recommendation updated
  publish: {'entity': 'business', 'action': 'create', 'id': '27b4cae4-932c-45f3-b931-6a8748a14a90', 'slug': 'svoi-coldwell-banker-highland-park-oleg-trifonov'}

[6/20] Synergy Realty & Property Management
  svoi: webs=0 phones=2 addr=212 Milwaukee ave
  no company website
  fill keys: ['address_line', 'city', 'google_maps_url', 'location_precision', 'phone', 'postal_code', 'state_code']
  recommendation updated
  publish: {'entity': 'business', 'action': 'create', 'id': 'ddde7232-6eae-42f1-85b6-f216625c87f2', 'slug': 'svoi-synergy-realty-property-management'}

[7/20] RE/MAX International
  svoi: webs=0 phones=1 addr=401 South Milwaukee Avenue
  no company website
  fill keys: ['address_line', 'city', 'google_maps_url', 'location_precision', 'phone', 'postal_code', 'state_code']
  recommendation updated
  publish: {'entity': 'business', 'action': 'create', 'id': 'b0121c90-646e-4cec-aa5e-e508ffa93911', 'slug': 'svoi-re-max-international'}

[8/20] Irina Khaykin RE Broker
  svoi: webs=0 phones=4 addr=4179 Dundee Road
  no company website
  fill keys: ['address_line', 'city', 'google_maps_url', 'location_precision', 'phone', 'postal_code', 'state_code']
  recommendation updated
  publish: {'entity': 'business', 'action': 'create', 'id': '45ad4d00-8c0c-4cc0-a4f0-37e33dc4de33', 'slug': 'svoi-irina-khaykin-re-broker'}

[9/20] Перски Галина
  svoi: webs=0 phones=1 addr=4179 Dundee Road
  no company website
  fill keys: ['address_line', 'city', 'google_maps_url', 'location_precision', 'phone', 'postal_code', 'state_code']
  recommendation updated
  publish: {'entity': 'business', 'action': 'create', 'id': '37c9d52b-f496-4be2-a3b5-668737e582ec', 'slug': 'svoi-biz-6'}

[10/20] Cambridge Title Company
  svoi: webs=1 phones=1 addr=3100 Dundee Road
  website keys: ['emails', 'phones']
  fill keys: ['address_line', 'city', 'email', 'google_maps_url', 'location_precision', 'phone', 'postal_code', 'state_code', 'website']
  recommendation updated
  publish: {'entity': 'business', 'action': 'create', 'id': '6ca580ff-c3ff-44a0-b0fb-6aefa01afb5d', 'slug': 'svoi-cambridge-title-company'}

[11/20] Лисица Нона
  svoi: webs=0 phones=1 addr=3137 Dundee Road
  no company website
  fill keys: ['address_line', 'city', 'google_maps_url', 'location_precision', 'phone', 'state_code']
  recommendation updated
  publish: {'entity': 'business', 'action': 'create', 'id': '993cb8c5-f9b9-4388-9145-54e31301cacb', 'slug': 'svoi-biz-7'}

[12/20] Злотник Михаил
  svoi: webs=0 phones=1 addr=3000 Dundee Road
  no company website
  fill keys: ['address_line', 'city', 'google_maps_url', 'location_precision', 'phone', 'state_code']
  recommendation updated
  publish: {'entity': 'business', 'action': 'create', 'id': '6faac655-a41a-4e6f-a8b4-82dfe03f6b56', 'slug': 'svoi-biz-8'}

[13/20] Полищук Феликс
  svoi: webs=0 phones=1 addr=3000 Dundee Road
  no company website
  fill keys: ['address_line', 'city', 'google_maps_url', 'location_precision', 'phone', 'postal_code', 'state_code']
  recommendation updated
  publish: {'entity': 'business', 'action': 'create', 'id': 'c2f41ed4-bdb4-4906-aa37-e0790d91796c', 'slug': 'svoi-biz-9'}

[14/20] Viktoryia Yanuchkouskaya Core Realty
  svoi: webs=1 phones=2 addr=3000 Dundee Rd
  website error: <urlopen error [SSL: SSLV3_ALERT_HANDSHAKE_FAILURE] sslv3 alert handshake failure (_ssl.c:1129)>
  fill keys: ['address_line', 'city', 'google_maps_url', 'location_precision', 'phone', 'postal_code', 'state_code', 'website']
  recommendation updated
  publish: {'entity': 'business', 'action': 'create', 'id': 'dc250b6e-d279-41d1-b6a7-f6d276e205a9', 'slug': 'svoi-viktoryia-yanuchkouskaya-core-realty'}

[15/20] Левин Лора
  svoi: webs=0 phones=4 addr=3137 West Dundee Road
  no company website
  fill keys: ['address_line', 'city', 'google_maps_url', 'location_precision', 'phone', 'postal_code', 'state_code']
  recommendation updated
  publish: {'entity': 'business', 'action': 'create', 'id': '1fad8e21-d82e-4e6b-8e81-fbe5a350eb0f', 'slug': 'svoi-biz-10'}

[16/20] Bluebird Realty
  svoi: webs=1 phones=1 addr=Downers grove
  weak address skipped: Downers grove
  website keys: ['address_line', 'city', 'emails', 'phones', 'postal_code', 'state_code']
  fill keys: ['address_line', 'city', 'email', 'google_maps_url', 'location_precision', 'phone', 'postal_code', 'state_code', 'website']
  recommendation updated
  publish: {'entity': 'business', 'action': 'create', 'id': 'a4f78d70-743a-4726-8704-2edc3c6af756', 'slug': 'svoi-bluebird-realty'}

[17/20] OKSANA CHURA
  svoi: webs=0 phones=2 addr=Northbrook
  weak address skipped: Northbrook
  no company website
  fill keys: ['city', 'google_maps_url', 'phone']
  recommendation updated
  skip publish (entity=business, street=False)

[18/20] SKY REALTY GROUP
  svoi: webs=0 phones=2 addr=Northbrook
  weak address skipped: Northbrook
  no company website
  fill keys: ['city', 'google_maps_url', 'phone']
  recommendation updated
  skip publish (entity=business, street=False)

[19/20] Житницкая Талла
  svoi: webs=0 phones=1 addr=1438 Techny Road
  no company website
  fill keys: ['address_line', 'city', 'google_maps_url', 'location_precision', 'phone', 'postal_code', 'state_code']
  recommendation updated
  publish: {'entity': 'business', 'action': 'create', 'id': '1d525b5a-7410-4a1b-a320-807a481a00b5', 'slug': 'svoi-biz-11'}

[20/20] Cambridge Title Company
  svoi: webs=1 phones=1 addr=400 Central Avenue
  website keys: ['emails', 'phones']
  fill keys: ['address_line', 'city', 'email', 'google_maps_url', 'location_precision', 'phone', 'postal_code', 'state_code', 'website']
  recommendation updated
  publish: {'entity': 'business', 'action': 'create', 'id': 'ef93e70f-e3eb-4bba-909a-a978f7cc6fee', 'slug': 'svoi-cambridge-title-company-2'}

Done. enriched=20 with_address=18 published=18 report=/Users/sammov/Russian business AI/scripts/business-enrich/data/svoi_enrich/batch_20260727T020705Z.json
Last targets=20 exit=0

===== ROUND 12 2026-07-27T02:07:08Z =====
targets=20 dry_run=False publish=True places=True publish_enriched=False

[1/20] Айсен Лиза
  svoi: webs=0 phones=1 addr=1204 North Holder Lane
  no company website
  places: error
  places quota exhausted — continuing without Places
  fill keys: ['address_line', 'city', 'google_maps_url', 'location_precision', 'phone']
  recommendation updated
  publish: {'entity': 'professional', 'action': 'create', 'id': '0e872fb8-8150-4fcd-abbe-a9be6a859769', 'slug': 'svoi-biz'}

[2/20] Alla Aizenberg at ReMax United
  svoi: webs=0 phones=1 addr=Glenview
  weak address skipped: Glenview
  no company website
  fill keys: ['city', 'google_maps_url', 'phone']
  recommendation updated
  skip publish (entity=business, street=False)

[3/20] Prime Realty Group
  svoi: webs=0 phones=1 addr=9651 N Milwuakee Ave
  no company website
  fill keys: ['address_line', 'city', 'google_maps_url', 'location_precision', 'phone', 'postal_code', 'state_code']
  recommendation updated
  publish: {'entity': 'business', 'action': 'create', 'id': 'bdee0240-6a41-433a-baa3-f16ae6a7a729', 'slug': 'svoi-prime-realty-group'}

[4/20] Нападов Валерий
  svoi: webs=0 phones=1 addr=1245 Waukegan Road
  no company website
  fill keys: ['address_line', 'city', 'google_maps_url', 'location_precision', 'phone']
  recommendation updated
  publish: {'entity': 'business', 'action': 'create', 'id': '994d0d7b-771e-4412-9fbe-ada1c8f20b73', 'slug': 'svoi-biz-12'}

[5/20] Царфис Мила
  svoi: webs=0 phones=1 addr=1245 Waukegan Road
  no company website
  fill keys: ['address_line', 'city', 'google_maps_url', 'location_precision', 'phone', 'postal_code', 'state_code']
  recommendation updated
  publish: {'entity': 'business', 'action': 'create', 'id': 'cff57f64-e9a1-44e8-be77-32fca03bf3fd', 'slug': 'svoi-biz-13'}

[6/20] USA Realty Group - Alexander Savin
  svoi: webs=1 phones=3 addr=714 Enterprise Dr
  website error: <urlopen error [Errno 8] nodename nor servname provided, or not known>
  fill keys: ['address_line', 'city', 'google_maps_url', 'location_precision', 'phone', 'postal_code', 'state_code', 'website']
  recommendation updated
  publish: {'entity': 'business', 'action': 'create', 'id': '5d167a5a-0e69-412e-a0f2-effadb3c6e40', 'slug': 'svoi-usa-realty-group-alexander-savin'}

[7/20] AHA Realty North Shore
  svoi: webs=0 phones=1 addr=30 Green Bay Road
  no company website
  fill keys: ['address_line', 'city', 'google_maps_url', 'location_precision', 'phone', 'postal_code', 'state_code']
  recommendation updated
  publish: {'entity': 'business', 'action': 'create', 'id': 'f8484279-81ca-4685-aaa8-1f3f6f061344', 'slug': 'svoi-aha-realty-north-shore'}

[8/20] Re/Max Properties Northwest
  svoi: webs=1 phones=2 addr=37 South Prospect Avenue
  website error: HTTP Error 403: Forbidden
  fill keys: ['address_line', 'city', 'google_maps_url', 'location_precision', 'phone', 'postal_code', 'state_code', 'website']
  recommendation updated
  publish: {'entity': 'business', 'action': 'create', 'id': '061a747d-1b8a-46bf-a7a8-be4f34dbd988', 'slug': 'svoi-re-max-properties-northwest'}

[9/20] Aleks Yakovenko Broker
  svoi: webs=0 phones=2 addr=219 West Hillgrove Avenue
  no company website
  fill keys: ['address_line', 'city', 'google_maps_url', 'location_precision', 'phone', 'state_code']
  recommendation updated
  publish: {'entity': 'business', 'action': 'create', 'id': 'f3d6eb41-4bc0-4fa4-959e-e9d70a3e9ddc', 'slug': 'svoi-aleks-yakovenko-broker'}

[10/20] Olga Horechko& Gobber Realty
  svoi: webs=0 phones=2 addr=1860 S. Mannheim Rd
  no company website
  fill keys: ['address_line', 'city', 'google_maps_url', 'location_precision', 'phone', 'postal_code', 'state_code']
  recommendation updated
  publish: {'entity': 'business', 'action': 'create', 'id': 'bcd06d76-3601-4f56-a84f-851a9dedc57a', 'slug': 'svoi-olga-horechko-gobber-realty'}

[11/20] Alliance Title Corp
  svoi: webs=1 phones=2 addr=5523 North Cumberland Avenue
  website keys: ['emails', 'facebook_url', 'instagram_url', 'phones']
  fill keys: ['address_line', 'city', 'email', 'google_maps_url', 'instagram_url', 'location_precision', 'phone', 'postal_code', 'state_code', 'website']
  recommendation updated
  publish: {'entity': 'business', 'action': 'create', 'id': 'c79c9e54-4ff8-432d-822e-ab398b0745c5', 'slug': 'svoi-alliance-title-corp'}

[12/20] Remax 1st class
  svoi: webs=0 phones=2 addr=3947 Dempster
  no company website
  fill keys: ['address_line', 'city', 'google_maps_url', 'location_precision', 'phone', 'postal_code', 'state_code']
  recommendation updated
  publish: {'entity': 'business', 'action': 'create', 'id': 'fc9bacd4-9f30-4a2b-a967-67b921b667f9', 'slug': 'svoi-remax-1st-class'}

[13/20] A and M Realty
  svoi: webs=1 phones=2 addr=4117 Oakton Street
  website keys: ['address_line', 'city', 'description', 'emails', 'postal_code', 'state_code']
  fill keys: ['address_line', 'city', 'email', 'google_maps_url', 'location_precision', 'phone', 'postal_code', 'state_code', 'website']
  recommendation updated
  publish: {'entity': 'business', 'action': 'create', 'id': '4e1e2953-8742-42bf-b36c-35d7b55d38c9', 'slug': 'svoi-a-and-m-realty'}

[14/20] American International Realty
  svoi: webs=1 phones=2 addr=6138 North Lincoln Avenue
  website keys: ['facebook_url']
  fill keys: ['address_line', 'city', 'google_maps_url', 'location_precision', 'phone', 'postal_code', 'state_code', 'website']
  recommendation updated
  publish: {'entity': 'business', 'action': 'create', 'id': '2f93ecca-7d84-40c7-b744-4ebe03f29451', 'slug': 'svoi-american-international-realty'}

[15/20] Dralyuk Real Estate
  svoi: webs=1 phones=4 addr=5419 North Sheridan Road
  website error: <urlopen error [Errno 8] nodename nor servname provided, or not known>
  fill keys: ['address_line', 'city', 'google_maps_url', 'location_precision', 'phone', 'postal_code', 'state_code', 'website']
  recommendation updated
  publish: {'entity': 'business', 'action': 'create', 'id': '56c96217-2520-469e-8f44-91978affb1de', 'slug': 'svoi-dralyuk-real-estate'}

[16/20] Svetlana Simkin
  svoi: webs=0 phones=2 addr=Buffalo grove
  weak address skipped: Buffalo grove
  no company website
  fill keys: ['city', 'google_maps_url', 'phone']
  recommendation updated
  skip publish (entity=business, street=False)

[17/20] Wonders of Nature
  svoi: webs=0 phones=1 addr=714 South Buffalo Grove Road
  no company website
  fill keys: ['address_line', 'city', 'google_maps_url', 'location_precision', 'phone', 'state_code']
  recommendation updated
  publish: {'entity': 'business', 'action': 'create', 'id': '09978c3f-1e8e-41c9-912b-4a5ee00d8eae', 'slug': 'svoi-wonders-of-nature'}

[18/20] Dr. Olga Roshior
  svoi: webs=0 phones=1 addr=Wheaton
  weak address skipped: Wheaton
  no company website
  fill keys: ['city', 'google_maps_url', 'phone']
  recommendation updated
  publish: {'entity': 'professional', 'action': 'create', 'id': '7341f2e7-7cb1-42b8-b20c-41765dc0dde8', 'slug': 'svoi-dr-olga-roshior'}

[19/20] Healing Arts of Oriental Medicine
  svoi: webs=1 phones=1 addr=405 Lake Cook Road
  website error: <urlopen error [Errno 8] nodename nor servname provided, or not known>
  fill keys: ['address_line', 'city', 'google_maps_url', 'location_precision', 'phone', 'state_code', 'website']
  recommendation updated
  publish: {'entity': 'professional', 'action': 'create', 'id': '33a17d03-7707-447c-8168-7baebf0036c4', 'slug': 'svoi-healing-arts-of-oriental-medicine'}

[20/20] NER-PA
  svoi: webs=0 phones=1 addr=Northbrook
  weak address skipped: Northbrook
  no company website
  fill keys: ['city', 'google_maps_url', 'phone']
  recommendation updated
  skip publish (entity=business, street=False)

Done. enriched=20 with_address=16 published=17 report=/Users/sammov/Russian business AI/scripts/business-enrich/data/svoi_enrich/batch_20260727T020911Z.json
Last targets=20 exit=0

===== ROUND 13 2026-07-27T02:09:14Z =====
targets=20 dry_run=False publish=True places=True publish_enriched=False

[1/20] DGEA LEE SCHOOL
  svoi: webs=0 phones=1 addr=1228 N.River Rd
  no company website
  places: error
  places quota exhausted — continuing without Places
  fill keys: ['address_line', 'city', 'google_maps_url', 'location_precision', 'phone', 'postal_code', 'state_code']
  recommendation updated
  publish: {'entity': 'business', 'action': 'create', 'id': '447d7313-73c9-46a6-b859-b11743a87f63', 'slug': 'svoi-dgea-lee-school'}

[2/20] Millennium Advanced Care Physical Therapy
  svoi: webs=0 phones=2 addr=9416 Skokie Boulevard
  no company website
  fill keys: ['address_line', 'city', 'google_maps_url', 'location_precision', 'phone', 'postal_code', 'state_code']
  recommendation updated
  publish: {'entity': 'business', 'action': 'create', 'id': 'd2212652-2429-4a7e-9b79-42a0c426d57d', 'slug': 'svoi-millennium-advanced-care-physical-therapy'}

[3/20] Клиника Акупунктуры и Восточной Медицины
  svoi: webs=0 phones=1 addr=8019 Lincoln Ave
  no company website
  fill keys: ['address_line', 'city', 'google_maps_url', 'location_precision', 'phone', 'postal_code', 'state_code']
  recommendation updated
  publish: {'entity': 'business', 'action': 'create', 'id': 'c769abf8-0633-4c22-a370-69f591c3372f', 'slug': 'svoi-biz-14'}

[4/20] Windy City Chiropractic
  svoi: webs=0 phones=1 addr=2551 North Clark Street
  no company website
  fill keys: ['address_line', 'city', 'google_maps_url', 'location_precision', 'phone', 'state_code']
  recommendation updated
  publish: {'entity': 'professional', 'action': 'create', 'id': 'eb143652-757e-44b7-9db1-bba67eb89687', 'slug': 'svoi-windy-city-chiropractic'}

[5/20] Weight Loss Management Seminar
  svoi: webs=0 phones=4 addr=Chicago
  weak address skipped: Chicago
  no company website
  fill keys: ['city', 'google_maps_url', 'phone']
  recommendation updated
  skip publish (entity=business, street=False)

[6/20] KEDVON 3
  svoi: webs=0 phones=1 addr=70 South Buffalo Grove Road
  no company website
  fill keys: ['address_line', 'city', 'google_maps_url', 'location_precision', 'phone', 'postal_code', 'state_code']
  recommendation updated
  publish: {'entity': 'business', 'action': 'create', 'id': '5864081a-c8cc-4535-bfa4-ab50dbdd7975', 'slug': 'svoi-kedvon-3'}

[7/20] BACK TO NATURE 2-IL
  svoi: webs=0 phones=1 addr=259 East Dundee Road
  no company website
  fill keys: ['address_line', 'city', 'google_maps_url', 'location_precision', 'phone', 'postal_code', 'state_code']
  recommendation updated
  publish: {'entity': 'business', 'action': 'create', 'id': 'f46174a1-912b-4126-a5da-779591328baf', 'slug': 'svoi-back-to-nature-2-il'}

[8/20] Kedvon Pharmacy - Wheeling
  svoi: webs=0 phones=1 addr=56 South Milwaukee Avenue
  no company website
  fill keys: ['address_line', 'city', 'google_maps_url', 'location_precision', 'phone', 'state_code']
  recommendation updated
  publish: {'entity': 'business', 'action': 'create', 'id': '7072a5d2-5307-4997-9a5a-e85f4ed62f3d', 'slug': 'svoi-kedvon-pharmacy-wheeling'}

[9/20] Austin Pharmacy-IL
  svoi: webs=0 phones=1 addr=307 South Milwaukee Avenue
  no company website
  fill keys: ['address_line', 'city', 'google_maps_url', 'location_precision', 'phone', 'postal_code', 'state_code']
  recommendation updated
  publish: {'entity': 'business', 'action': 'create', 'id': 'eed907bd-8826-4b4d-af9b-32061e1f5303', 'slug': 'svoi-austin-pharmacy-il'}

[10/20] Golf Mill Pharmacy and Medical Supply
  svoi: webs=0 phones=1 addr=8941 West Golf Road
  no company website
  fill keys: ['address_line', 'city', 'google_maps_url', 'location_precision', 'phone', 'postal_code', 'state_code']
  recommendation updated
  publish: {'entity': 'business', 'action': 'create', 'id': '1472bb9b-8601-44ac-ad91-42e497a451e0', 'slug': 'svoi-golf-mill-pharmacy-and-medical-supply'}

[11/20] North Suburban Pharmacy
  svoi: webs=0 phones=1 addr=4913 Oakton Street
  no company website
  fill keys: ['address_line', 'city', 'google_maps_url', 'location_precision', 'phone', 'postal_code', 'state_code']
  recommendation updated
  publish: {'entity': 'business', 'action': 'create', 'id': '2904f67b-ac6c-4f96-ae75-3faf76f4db0e', 'slug': 'svoi-north-suburban-pharmacy'}

[12/20] Michael's Green Store
  svoi: webs=0 phones=1 addr=2957 West Devon Avenue
  no company website
  fill keys: ['address_line', 'city', 'google_maps_url', 'location_precision', 'phone', 'state_code']
  recommendation updated
  publish: {'entity': 'business', 'action': 'create', 'id': '4a453d12-409b-466f-bf81-8bc17916e049', 'slug': 'svoi-michael-s-green-store'}

[13/20] Kedvon Pharmacy - Chicago
  svoi: webs=0 phones=1 addr=2763 West Devon Avenue
  no company website
  fill keys: ['address_line', 'city', 'google_maps_url', 'location_precision', 'phone', 'postal_code', 'state_code']
  recommendation updated
  publish: {'entity': 'business', 'action': 'create', 'id': '2d183237-ec5b-4570-bcbf-c145175aff9d', 'slug': 'svoi-kedvon-pharmacy-chicago'}

[14/20] Broadway Pharmacy
  svoi: webs=0 phones=1 addr=4564 North Broadway Street
  no company website
  fill keys: ['address_line', 'city', 'google_maps_url', 'location_precision', 'phone', 'postal_code', 'state_code']
  recommendation updated
  publish: {'entity': 'business', 'action': 'create', 'id': 'd8f35c14-3a2b-47a3-8bd0-17476cf3d074', 'slug': 'svoi-broadway-pharmacy'}

[15/20] GREEN STORE-IL
  svoi: webs=0 phones=1 addr=2317 West Chicago Avenue
  no company website
  fill keys: ['address_line', 'city', 'google_maps_url', 'location_precision', 'phone', 'postal_code', 'state_code']
  recommendation updated
  publish: {'entity': 'business', 'action': 'create', 'id': '7fd02b8f-4688-42c2-b85d-6d21ba97e36b', 'slug': 'svoi-green-store-il'}

[16/20] Bienestar Pharmacy
  svoi: webs=0 phones=4 addr=966 West 21st Street
  no company website
  fill keys: ['address_line', 'city', 'google_maps_url', 'location_precision', 'phone', 'state_code']
  recommendation updated
  publish: {'entity': 'business', 'action': 'create', 'id': '9d4a0734-db77-4244-b99d-1c3909cce720', 'slug': 'svoi-bienestar-pharmacy'}

[17/20] Greens Landscaping INC.
  svoi: webs=0 phones=1 addr=Vernon Hills
  weak address skipped: Vernon Hills
  no company website
  fill keys: ['city', 'google_maps_url', 'phone']
  recommendation updated
  skip publish (entity=business, street=False)

[18/20] N Dobos Architecture
  svoi: webs=0 phones=2 addr=1431 Green Bay Road
  no company website
  fill keys: ['address_line', 'city', 'google_maps_url', 'location_precision', 'phone', 'postal_code', 'state_code']
  recommendation updated
  publish: {'entity': 'business', 'action': 'create', 'id': 'da4ed9fd-b405-4e77-be07-82af8ab7e66d', 'slug': 'svoi-n-dobos-architecture'}

[19/20] Designer Painting & Wallpapering, Inc.
  svoi: webs=1 phones=2 addr=4150 Cove Lane
  website error: <urlopen error [Errno 8] nodename nor servname provided, or not known>
  fill keys: ['address_line', 'city', 'google_maps_url', 'location_precision', 'phone', 'postal_code', 'state_code', 'website']
  recommendation updated
  publish: {'entity': 'business', 'action': 'create', 'id': '6772a89a-fae5-48c6-bb4b-bc6ddc5d58e5', 'slug': 'svoi-designer-painting-wallpapering-inc'}

[20/20] Old World Restoration
  svoi: webs=0 phones=1 addr=2529 West Division Street
  no company website
  fill keys: ['address_line', 'city', 'google_maps_url', 'location_precision', 'phone', 'postal_code', 'state_code']
  recommendation updated
  publish: {'entity': 'business', 'action': 'create', 'id': '9d6f8cc3-b6c1-4f77-b662-8a4e2eb3fa9e', 'slug': 'svoi-old-world-restoration'}

Done. enriched=20 with_address=18 published=18 report=/Users/sammov/Russian business AI/scripts/business-enrich/data/svoi_enrich/batch_20260727T021016Z.json
Last targets=20 exit=0

===== ROUND 14 2026-07-27T02:10:19Z =====
targets=20 dry_run=False publish=True places=True publish_enriched=False

[1/20] Michael Abrams
  svoi: webs=0 phones=4 addr=1901 North Clybourn Ave.
  no company website
  places: error
  places quota exhausted — continuing without Places
  fill keys: ['address_line', 'city', 'google_maps_url', 'location_precision', 'phone', 'postal_code', 'state_code']
  recommendation updated
  publish: {'entity': 'business', 'action': 'create', 'id': '03e27409-b89c-4a02-a876-eb7f2d635611', 'slug': 'svoi-michael-abrams'}

[2/20] MetroTax International, LLC
  svoi: webs=1 phones=1 addr=100 South Saunders Road
  website keys: []
  fill keys: ['address_line', 'city', 'google_maps_url', 'location_precision', 'phone', 'postal_code', 'state_code', 'website']
  recommendation updated
  publish: {'entity': 'business', 'action': 'create', 'id': '1ab4198b-8755-496e-9154-3900fcb35efd', 'slug': 'svoi-metrotax-international-llc'}

[3/20] Дмитрий Вайсбург
  svoi: webs=0 phones=4 addr=1425 McHenry Road
  no company website
  fill keys: ['address_line', 'city', 'google_maps_url', 'location_precision', 'phone', 'postal_code', 'state_code']
  recommendation updated
  publish: {'entity': 'business', 'action': 'create', 'id': '9503e262-1e2c-4b1e-99c7-f660207a0808', 'slug': 'svoi-biz-15'}

[4/20] Oleg Gurevich CPA
  svoi: webs=0 phones=1 addr=251 N.Milwaukee Ave
  no company website
  fill keys: ['address_line', 'city', 'google_maps_url', 'location_precision', 'phone', 'postal_code', 'state_code']
  recommendation updated
  publish: {'entity': 'business', 'action': 'create', 'id': 'd43a5192-5998-4aaa-bbd4-c9122ae4db0c', 'slug': 'svoi-oleg-gurevich-cpa'}

[5/20] Верная помощь
  svoi: webs=0 phones=1 addr=395 East Dundee Road
  no company website
  fill keys: ['address_line', 'city', 'google_maps_url', 'location_precision', 'phone', 'postal_code', 'state_code']
  recommendation updated
  publish: {'entity': 'business', 'action': 'create', 'id': 'd455bb9d-ab0a-4bb3-90ad-faa769e9b18b', 'slug': 'svoi-biz-16'}

[6/20] TM Accountant, Inc.
  svoi: webs=1 phones=1 addr=212 S Milwaukee Ave
  website keys: []
  fill keys: ['address_line', 'city', 'google_maps_url', 'location_precision', 'phone', 'postal_code', 'state_code', 'website']
  recommendation updated
  publish: {'entity': 'business', 'action': 'create', 'id': 'e7732c97-aec6-42bb-84be-06af345f1890', 'slug': 'svoi-tm-accountant-inc'}

[7/20] Dmitriy Polyakov CPA at S and P Tax Solutions LTD
  svoi: webs=0 phones=1 addr=95 Revere Drive
  no company website
  fill keys: ['address_line', 'city', 'google_maps_url', 'location_precision', 'phone', 'postal_code', 'state_code']
  recommendation updated
  publish: {'entity': 'business', 'action': 'create', 'id': '6849c6ae-9edd-47c1-8796-57411efc3bc6', 'slug': 'svoi-dmitriy-polyakov-cpa-at-s-and-p-tax-solutions-lt'}

[8/20] Narod Consulting Group
  svoi: webs=0 phones=1 addr=601 Skokie Blvd # 503
  no company website
  fill keys: ['address_line', 'city', 'google_maps_url', 'location_precision', 'phone', 'postal_code', 'state_code']
  recommendation updated
  publish: {'entity': 'business', 'action': 'create', 'id': '04b2f38f-1594-4cad-9cd7-3f857d0e3869', 'slug': 'svoi-narod-consulting-group'}

[9/20] СЛАВА ВАГУН
  svoi: webs=0 phones=1 addr=Northbrook
  weak address skipped: Northbrook
  no company website
  fill keys: ['city', 'google_maps_url', 'phone']
  recommendation updated
  skip publish (entity=business, street=False)

[10/20] Alexander Narod CPA PC
  svoi: webs=0 phones=1 addr=601 Skokie Blvd
  no company website
  fill keys: ['address_line', 'city', 'google_maps_url', 'location_precision', 'phone', 'postal_code', 'state_code']
  recommendation updated
  publish: {'entity': 'professional', 'action': 'create', 'id': 'f6e54d5d-63c9-4c6a-b061-ab80afefe6d1', 'slug': 'svoi-alexander-narod-cpa-pc'}

[11/20] J&R Accounting Group LLC
  svoi: webs=0 phones=2 addr=Elk Grove
  weak address skipped: Elk Grove
  no company website
  fill keys: ['city', 'google_maps_url', 'phone', 'postal_code', 'state_code']
  recommendation updated
  skip publish (entity=business, street=False)

[12/20] Tanya N. Agurkov, CPA
  svoi: webs=0 phones=3 addr=6 Civic Center Plaza Shopping Center
  no company website
  fill keys: ['address_line', 'city', 'google_maps_url', 'location_precision', 'phone', 'postal_code', 'state_code']
  recommendation updated
  publish: {'entity': 'business', 'action': 'create', 'id': 'af567dc3-3058-41ae-a64e-a6242ac7d851', 'slug': 'svoi-tanya-n-agurkov-cpa'}

[13/20] Ellina Dementeva,СРА
  svoi: webs=0 phones=1 addr=3415 Church St
  no company website
  fill keys: ['address_line', 'city', 'google_maps_url', 'location_precision', 'phone', 'postal_code', 'state_code']
  recommendation updated
  publish: {'entity': 'professional', 'action': 'create', 'id': 'f0f22378-302d-4fcd-993a-9fb56335c0be', 'slug': 'svoi-ellina-dementeva'}

[14/20] Bogachkov Alexander, CPA
  svoi: webs=0 phones=1 addr=4020 Greenleaf
  no company website
  fill keys: ['address_line', 'city', 'google_maps_url', 'location_precision', 'phone', 'postal_code', 'state_code']
  recommendation updated
  publish: {'entity': 'professional', 'action': 'create', 'id': 'd2e9fcea-f00a-4535-addf-88fe1c6f0f94', 'slug': 'svoi-bogachkov-alexander-cpa'}

[15/20] Bella Verkhovsky & Associate
  svoi: webs=0 phones=1 addr=6329 North California Avenue
  no company website
  fill keys: ['address_line', 'city', 'google_maps_url', 'location_precision', 'phone', 'postal_code', 'state_code']
  recommendation updated
  publish: {'entity': 'business', 'action': 'create', 'id': 'ec6f7d65-48f8-4f3b-9e3b-a32b5f46ac5e', 'slug': 'svoi-bella-verkhovsky-associate'}

[16/20] VOKK Consulting, Inc.
  svoi: webs=0 phones=4 addr=Chicago
  weak address skipped: Chicago
  no company website
  fill keys: ['city', 'google_maps_url', 'phone']
  recommendation updated
  skip publish (entity=business, street=False)

[17/20] Сказочный Остров
  svoi: webs=0 phones=1 addr=1141 North Arlington Heights Road
  no company website
  fill keys: ['address_line', 'city', 'google_maps_url', 'location_precision', 'phone', 'postal_code', 'state_code']
  recommendation updated
  publish: {'entity': 'business', 'action': 'create', 'id': 'e6556134-cacc-4c54-b687-604cf9527b12', 'slug': 'svoi-biz-17'}

[18/20] Bright Stars Kids University
  svoi: webs=1 phones=2 addr=100 Village Green Suite 100
  website keys: ['address_line', 'city', 'facebook_url', 'postal_code', 'state_code', 'yelp_url']
  fill keys: ['address_line', 'city', 'google_maps_url', 'location_precision', 'phone', 'postal_code', 'state_code', 'website', 'yelp_url']
  recommendation updated
  publish: {'entity': 'business', 'action': 'create', 'id': '7bf15738-43f9-4588-a21f-fa988f8879d7', 'slug': 'svoi-bright-stars-kids-university'}

[19/20] Fleur De La Via Daycare
  svoi: webs=0 phones=1 addr=110 West Boeger Drive
  no company website
  fill keys: ['address_line', 'city', 'google_maps_url', 'location_precision', 'phone', 'postal_code', 'state_code']
  recommendation updated
  publish: {'entity': 'business', 'action': 'create', 'id': '288a326b-556d-4739-af26-c0da01f87db1', 'slug': 'svoi-fleur-de-la-via-daycare'}

[20/20] Детский сад North Stars Academy
  svoi: webs=0 phones=1 addr=20845 Dogwood Street
  no company website
  fill keys: ['address_line', 'city', 'google_maps_url', 'location_precision', 'phone', 'postal_code', 'state_code']
  recommendation updated
  publish: {'entity': 'business', 'action': 'create', 'id': '73ea950b-03f0-440f-8948-455454701010', 'slug': 'svoi-north-stars-academy'}

Done. enriched=20 with_address=17 published=17 report=/Users/sammov/Russian business AI/scripts/business-enrich/data/svoi_enrich/batch_20260727T021128Z.json
Last targets=20 exit=0

===== ROUND 15 2026-07-27T02:11:32Z =====
targets=20 dry_run=False publish=True places=True publish_enriched=False

[1/20] Ulibka Childrens House
  svoi: webs=0 phones=1 addr=6763 Longtree Drive
  no company website
  places: error
  places quota exhausted — continuing without Places
  fill keys: ['address_line', 'city', 'google_maps_url', 'location_precision', 'phone', 'postal_code', 'state_code']
  recommendation updated
  publish: {'entity': 'business', 'action': 'create', 'id': 'f3143365-7571-4f20-b692-3a6c69f90a19', 'slug': 'svoi-ulibka-childrens-house'}

[2/20] NELSON CHILDCARE
  svoi: webs=1 phones=2 addr=3835 Willow Road
  website keys: ['facebook_url', 'opening_hours']
  fill keys: ['address_line', 'city', 'google_maps_url', 'location_precision', 'opening_hours', 'phone', 'state_code', 'website']
  recommendation updated
  publish: {'entity': 'business', 'action': 'create', 'id': '4141d1b5-ad8b-4737-907b-336c4b59d374', 'slug': 'svoi-nelson-childcare'}

[3/20] NORTHBROOK
  svoi: webs=0 phones=1 addr=Northbrook
  weak address skipped: Northbrook
  no company website
  fill keys: ['city', 'google_maps_url', 'phone']
  recommendation updated
  skip publish (entity=business, street=False)

[4/20] COUNTYSIDE MONTESSORI SCHOOL
  svoi: webs=1 phones=4 addr=1985 Pfingsten Road
  website error: <urlopen error [Errno 8] nodename nor servname provided, or not known>
  fill keys: ['address_line', 'city', 'google_maps_url', 'location_precision', 'phone', 'state_code', 'website']
  recommendation updated
  publish: {'entity': 'business', 'action': 'create', 'id': 'eed7074c-33d7-475d-a454-72e2325e9b98', 'slug': 'svoi-countyside-montessori-school'}

[5/20] BMW Knauz
  svoi: webs=0 phones=1 addr=407 Skokie Highway
  no company website
  fill keys: ['address_line', 'city', 'google_maps_url', 'location_precision', 'phone', 'state_code']
  recommendation updated
  publish: {'entity': 'business', 'action': 'create', 'id': '3de003a7-8ebb-4c6e-80a6-db324c3a1be9', 'slug': 'svoi-bmw-knauz'}

[6/20] Bill Sullivan Pontiac INC
  svoi: webs=0 phones=1 addr=777 West Dundee Road
  no company website
  fill keys: ['address_line', 'city', 'google_maps_url', 'location_precision', 'phone', 'state_code']
  recommendation updated
  publish: {'entity': 'business', 'action': 'create', 'id': 'dcf27010-0bff-42c7-8ff4-f8f09b4fce86', 'slug': 'svoi-bill-sullivan-pontiac-inc'}

[7/20] Chicagoland Auto Exchange
  svoi: webs=0 phones=1 addr=1st Street 2050
  no company website
  fill keys: ['address_line', 'city', 'google_maps_url', 'location_precision', 'phone', 'state_code']
  recommendation updated
  publish: {'entity': 'business', 'action': 'create', 'id': '9bc52ca2-c91b-49eb-beb8-d8b23ab94ee0', 'slug': 'svoi-chicagoland-auto-exchange'}

[8/20] BMW By Fields
  svoi: webs=0 phones=1 addr=700 Frontage Road
  no company website
  fill keys: ['address_line', 'city', 'google_maps_url', 'location_precision', 'phone', 'state_code']
  recommendation updated
  publish: {'entity': 'business', 'action': 'create', 'id': 'df47432a-8592-4a67-a31e-02841dd35fbe', 'slug': 'svoi-bmw-by-fields'}

[9/20] Bredemann Lexus In Glenview
  svoi: webs=1 phones=1 addr=2000 Waukegan Road
  website error: <urlopen error [SSL: CERTIFICATE_VERIFY_FAILED] certificate verify failed: unable to get local issuer certificate (_ssl.c:1129)>
  fill keys: ['address_line', 'city', 'google_maps_url', 'location_precision', 'phone', 'state_code', 'website']
  recommendation updated
  publish: {'entity': 'business', 'action': 'create', 'id': '97c1bc62-651a-4442-ab3a-af05d65bbdcd', 'slug': 'svoi-bredemann-lexus-in-glenview'}

[10/20] Autobarn VW Chrysler-Jeep
  svoi: webs=0 phones=1 addr=1012 Chicago Avenue
  no company website
  fill keys: ['address_line', 'city', 'google_maps_url', 'location_precision', 'phone', 'state_code']
  recommendation updated
  publish: {'entity': 'business', 'action': 'create', 'id': 'ebb94200-9595-497f-825d-4c303645b483', 'slug': 'svoi-autobarn-vw-chrysler-jeep'}

[11/20] Bernard Auto Group
  svoi: webs=0 phones=4 addr=Chicago
  weak address skipped: Chicago
  no company website
  fill keys: ['city', 'google_maps_url', 'phone']
  recommendation updated
  skip publish (entity=business, street=False)

[12/20] Alex Kelrikh Mortgage Consulting
  svoi: webs=0 phones=1 addr=Buffalo grove
  weak address skipped: Buffalo grove
  no company website
  fill keys: ['city', 'google_maps_url', 'phone']
  recommendation updated
  skip publish (entity=business, street=False)

[13/20] Diversified Alliance Funding
  svoi: webs=0 phones=1 addr=289 Brunswick Drive
  no company website
  fill keys: ['address_line', 'city', 'google_maps_url', 'location_precision', 'phone', 'postal_code', 'state_code']
  recommendation updated
  publish: {'entity': 'business', 'action': 'create', 'id': 'bebdb30b-6d37-4f42-89e5-7938df16590d', 'slug': 'svoi-diversified-alliance-funding'}

[14/20] Vitaliy Feldman Financial Services Representative
  svoi: webs=0 phones=1 addr=2150 East Lake Cook Road
  no company website
  fill keys: ['address_line', 'city', 'google_maps_url', 'location_precision', 'phone', 'postal_code', 'state_code']
  recommendation updated
  publish: {'entity': 'business', 'action': 'create', 'id': '40b75e90-712b-4e9d-bf41-4f87f4919b7e', 'slug': 'svoi-vitaliy-feldman-financial-services-representativ'}

[15/20] Lion Financial Business Group
  svoi: webs=0 phones=1 addr=624 Anthony Trail
  no company website
  fill keys: ['address_line', 'city', 'google_maps_url', 'location_precision', 'phone', 'postal_code', 'state_code']
  recommendation updated
  publish: {'entity': 'business', 'action': 'create', 'id': '75e9fc5c-d970-4814-b261-e9cfb2fe307d', 'slug': 'svoi-lion-financial-business-group'}

[16/20] Lora Bezborodko CPA
  svoi: webs=0 phones=1 addr=1040 South Milwaukee Avenue
  no company website
  fill keys: ['address_line', 'city', 'google_maps_url', 'location_precision', 'phone', 'postal_code', 'state_code']
  recommendation updated
  publish: {'entity': 'business', 'action': 'create', 'id': '59722f97-7845-4a3e-a73e-df409ef5a913', 'slug': 'svoi-lora-bezborodko-cpa'}

[17/20] A-1 Mortgage
  svoi: webs=1 phones=1 addr=95 Revere Drive
  website keys: []
  fill keys: ['address_line', 'city', 'google_maps_url', 'location_precision', 'phone', 'postal_code', 'state_code', 'website']
  recommendation updated
  publish: {'entity': 'business', 'action': 'create', 'id': '204656e8-3c39-40e9-b9d1-244714fe5969', 'slug': 'svoi-a-1-mortgage'}

[18/20] Robbins & Lloyd Mortgage: Sofya Fliman
  svoi: webs=0 phones=1 addr=Pfingsten Rd
  no company website
  fill keys: ['address_line', 'city', 'google_maps_url', 'location_precision', 'phone']
  recommendation updated
  publish: {'entity': 'business', 'action': 'create', 'id': 'f5f87b7b-93da-498c-9d21-17c51e3217d0', 'slug': 'svoi-robbins-lloyd-mortgage-sofya-fliman'}

[19/20] Gary Kreymer
  svoi: webs=0 phones=1 addr=4251 Commercial Way
  no company website
  fill keys: ['address_line', 'city', 'google_maps_url', 'location_precision', 'phone', 'state_code']
  recommendation updated
  publish: {'entity': 'business', 'action': 'create', 'id': '01fb4409-f2a5-4f9b-995d-908b77422c22', 'slug': 'svoi-gary-kreymer'}

[20/20] WGS FInancial, Galina Feldman
  svoi: webs=0 phones=1 addr=4251 Commercial Way
  no company website
  fill keys: ['address_line', 'city', 'google_maps_url', 'location_precision', 'phone', 'state_code']
  recommendation updated
  publish: {'entity': 'business', 'action': 'create', 'id': 'a7de38aa-2c27-4f71-8f4e-c6c8c4cba9ff', 'slug': 'svoi-wgs-financial-galina-feldman'}

Done. enriched=20 with_address=17 published=17 report=/Users/sammov/Russian business AI/scripts/business-enrich/data/svoi_enrich/batch_20260727T021240Z.json
Last targets=20 exit=0

===== ROUND 16 2026-07-27T02:12:44Z =====
targets=20 dry_run=False publish=True places=True publish_enriched=False

[1/20] Alex Grinspun/Olde Financial
  svoi: webs=0 phones=1 addr=1701 East Lake Avenue
  no company website
  places: error
  places quota exhausted — continuing without Places
  fill keys: ['address_line', 'city', 'google_maps_url', 'location_precision', 'phone', 'postal_code', 'state_code']
  recommendation updated
  publish: {'entity': 'business', 'action': 'create', 'id': '4db26829-f943-4cd1-9b79-9e6b571f3d9f', 'slug': 'svoi-alex-grinspun-olde-financial'}

[2/20] Solutions Financial Mortgage Co.
  svoi: webs=1 phones=2 addr=1701 East Lake Avenue
  website keys: ['facebook_url', 'instagram_url', 'phones']
  fill keys: ['address_line', 'city', 'google_maps_url', 'instagram_url', 'location_precision', 'phone', 'postal_code', 'state_code', 'website']
  recommendation updated
  publish: {'entity': 'business', 'action': 'create', 'id': '6151f241-8a09-4e01-9928-1dc035afed60', 'slug': 'svoi-solutions-financial-mortgage-co'}

[3/20] Investment Mortgage Group Борис Жилин
  svoi: webs=0 phones=1 addr=5266 Lincoln Ave
  no company website
  fill keys: ['address_line', 'city', 'google_maps_url', 'location_precision', 'phone', 'postal_code', 'state_code']
  recommendation updated
  publish: {'entity': 'business', 'action': 'create', 'id': '3048eefa-09dc-4143-a8dc-6e6235430221', 'slug': 'svoi-investment-mortgage-group'}

[4/20] Century Mortgage
  svoi: webs=0 phones=4 addr=6710 N. Crawford
  no company website
  fill keys: ['address_line', 'city', 'google_maps_url', 'location_precision', 'phone', 'postal_code', 'state_code']
  recommendation updated
  publish: {'entity': 'business', 'action': 'create', 'id': '4208e3db-0664-4b70-bd04-752659e7096e', 'slug': 'svoi-century-mortgage'}

[5/20] Zhukov Studios
  svoi: webs=1 phones=1 addr=Vernon Hills
  weak address skipped: Vernon Hills
  website keys: ['description', 'emails', 'yelp_url']
  fill keys: ['city', 'email', 'google_maps_url', 'phone', 'website', 'yelp_url']
  recommendation updated
  skip publish (entity=business, street=False)

[6/20] Digital Creations & Rstrtn in Carol Stream
  svoi: webs=0 phones=1 addr=883 Hampton Drive
  no company website
  fill keys: ['address_line', 'city', 'google_maps_url', 'location_precision', 'phone', 'state_code']
  recommendation updated
  publish: {'entity': 'business', 'action': 'create', 'id': '3b9700d9-bf34-4f54-aa05-5965a5a4c9de', 'slug': 'svoi-digital-creations-rstrtn-in-carol-stream'}

[7/20] BRIDGE TV Intl / Michael Shurov
  svoi: webs=0 phones=2 addr=426 Hazelwood Ter
  no company website
  fill keys: ['address_line', 'city', 'google_maps_url', 'location_precision', 'phone']
  recommendation updated
  publish: {'entity': 'business', 'action': 'create', 'id': '05c0620c-b748-4109-8739-0330aa85c956', 'slug': 'svoi-bridge-tv-intl-michael-shurov'}

[8/20] Yakovs Studio
  svoi: webs=0 phones=1 addr=Milwaukee Ave 718 S
  no company website
  fill keys: ['address_line', 'city', 'google_maps_url', 'location_precision', 'phone', 'state_code']
  recommendation updated
  publish: {'entity': 'business', 'action': 'create', 'id': '1ca449c3-af28-4ae0-bd3c-effc4e6a5df5', 'slug': 'svoi-yakovs-studio'}

[9/20] Photo Lab
  svoi: webs=0 phones=2 addr=Skoki
  weak address skipped: Skoki
  no company website
  fill keys: ['city', 'google_maps_url', 'phone']
  recommendation updated
  skip publish (entity=business, street=False)

[10/20] Sentury One Hour Photo
  svoi: webs=0 phones=1 addr=2802 North Clark Street
  no company website
  fill keys: ['address_line', 'city', 'google_maps_url', 'location_precision', 'phone', 'state_code']
  recommendation updated
  publish: {'entity': 'business', 'action': 'create', 'id': '0683e0f7-c38b-4c73-add2-521f88687424', 'slug': 'svoi-sentury-one-hour-photo'}

[11/20] AGStudio Co
  svoi: webs=0 phones=3 addr=Chicago
  weak address skipped: Chicago
  no company website
  fill keys: ['city', 'google_maps_url', 'phone']
  recommendation updated
  skip publish (entity=business, street=False)

[12/20] AGStudio Co.
  svoi: webs=0 phones=4 addr=Chicago
  weak address skipped: Chicago
  no company website
  fill keys: ['city', 'google_maps_url', 'phone']
  recommendation updated
  skip publish (entity=business, street=False)

[13/20] DeFranko Photo Studio
  svoi: webs=0 phones=1 addr=Chicago
  weak address skipped: Chicago
  no company website
  fill keys: ['city', 'google_maps_url', 'phone']
  recommendation updated
  skip publish (entity=business, street=False)

[14/20] Ksju Kami Photography
  svoi: webs=0 phones=3 addr=Chicago
  weak address skipped: Chicago
  no company website
  fill keys: ['city', 'google_maps_url', 'phone']
  recommendation updated
  skip publish (entity=business, street=False)

[15/20] Mantas Ivanauskas Photography
  svoi: webs=1 phones=2 addr=Chicago
  weak address skipped: Chicago
  website error: HTTP Error 308: Permanent Redirect
  fill keys: ['city', 'google_maps_url', 'phone', 'website']
  recommendation updated
  skip publish (entity=business, street=False)

[16/20] Иван Глощанюк
  svoi: webs=0 phones=4 addr=Chicago
  weak address skipped: Chicago
  no company website
  fill keys: ['city', 'google_maps_url', 'phone']
  recommendation updated
  skip publish (entity=business, street=False)

[17/20] Ukrainian Chicago Magazine™
  svoi: webs=1 phones=1 addr=Schaumburg
  weak address skipped: Schaumburg
  website keys: ['facebook_url', 'instagram_url']
  fill keys: ['city', 'google_maps_url', 'instagram_url', 'phone', 'website']
  recommendation updated
  skip publish (entity=business, street=False)

[18/20] Ethnic Media Company
  svoi: webs=0 phones=1 addr=615 Academy Drive
  no company website
  fill keys: ['address_line', 'city', 'google_maps_url', 'location_precision', 'phone', 'postal_code', 'state_code']
  recommendation updated
  publish: {'entity': 'business', 'action': 'create', 'id': '26301aca-0eb7-4669-9948-3abbff26f5e3', 'slug': 'svoi-ethnic-media-company'}

[19/20] Reklama Media Company
  svoi: webs=0 phones=1 addr=3100 Dundee Road
  no company website
  fill keys: ['address_line', 'city', 'google_maps_url', 'location_precision', 'phone']
  recommendation updated
  publish: {'entity': 'business', 'action': 'create', 'id': '94b79bb7-dcf6-4b59-88b4-dfc56237458f', 'slug': 'svoi-reklama-media-company'}

[20/20] SVET Russian Media Group
  svoi: webs=0 phones=1 addr=900 Skokie Boulevard
  no company website
  fill keys: ['address_line', 'city', 'google_maps_url', 'location_precision', 'phone']
  recommendation updated
  publish: {'entity': 'business', 'action': 'create', 'id': 'af06f4a5-a5ef-4dfc-94dd-1a0ecf2c1437', 'slug': 'svoi-svet-russian-media-group'}

Done. enriched=20 with_address=11 published=11 report=/Users/sammov/Russian business AI/scripts/business-enrich/data/svoi_enrich/batch_20260727T021343Z.json
Last targets=20 exit=0

===== ROUND 17 2026-07-27T02:13:46Z =====
targets=20 dry_run=False publish=True places=True publish_enriched=False

[1/20] Газета Земляки
  svoi: webs=0 phones=2 addr=5440 Fargo Avenue
  no company website
  places: error
  places quota exhausted — continuing without Places
  fill keys: ['address_line', 'city', 'google_maps_url', 'location_precision', 'phone', 'postal_code', 'state_code']
  recommendation updated
  publish: {'entity': 'business', 'action': 'create', 'id': '3e1a740f-792c-4050-a8f7-5a69c8e2d032', 'slug': 'svoi-biz-18'}

[2/20] Third Eye Magazine
  svoi: webs=0 phones=1 addr=4948 West Irving Park Road
  no company website
  fill keys: ['address_line', 'city', 'google_maps_url', 'location_precision', 'phone', 'postal_code', 'state_code']
  recommendation updated
  publish: {'entity': 'business', 'action': 'create', 'id': '7206000c-d0b0-4cd2-8bdf-fc7b9a0a18b6', 'slug': 'svoi-third-eye-magazine'}

[3/20] VS Modern Media Group, Inc
  svoi: webs=0 phones=4 addr=Chicago
  weak address skipped: Chicago
  no company website
  fill keys: ['city', 'google_maps_url', 'phone']
  recommendation updated
  skip publish (entity=business, street=False)

[4/20] A Express Moving and Delivery
  svoi: webs=0 phones=1 addr=Severn Court
  no company website
  fill keys: ['address_line', 'city', 'google_maps_url', 'location_precision', 'phone', 'state_code']
  recommendation updated
  publish: {'entity': 'business', 'action': 'create', 'id': '72b1f05d-7b3f-4591-9848-96edaa44bd43', 'slug': 'svoi-a-express-moving-and-delivery'}

[5/20] Fortune Moving and Delivery Inc.
  svoi: webs=0 phones=1 addr=Severn Court
  no company website
  fill keys: ['address_line', 'city', 'google_maps_url', 'location_precision', 'phone', 'state_code']
  recommendation updated
  publish: {'entity': 'business', 'action': 'create', 'id': 'de041d5b-0036-48d9-bff3-f603f4efcd89', 'slug': 'svoi-fortune-moving-and-delivery-inc'}

[6/20] Sams Delivery and Moving
  svoi: webs=0 phones=1 addr=Severn Court
  no company website
  fill keys: ['address_line', 'city', 'google_maps_url', 'location_precision', 'phone', 'state_code']
  recommendation updated
  publish: {'entity': 'business', 'action': 'create', 'id': '2a235bb3-3e8f-4d57-9cbf-3c79b8c6fe71', 'slug': 'svoi-sams-delivery-and-moving'}

[7/20] Wheeling Transportation Co., Inc.
  svoi: webs=1 phones=1 addr=Inverness
  weak address skipped: Inverness
  website keys: ['address_line', 'city', 'facebook_url', 'phones', 'postal_code', 'state_code']
  fill keys: ['address_line', 'city', 'google_maps_url', 'location_precision', 'phone', 'postal_code', 'state_code', 'website']
  recommendation updated
  publish: {'entity': 'business', 'action': 'create', 'id': 'a72b7e4a-d487-433d-935f-8e1a68d6b22b', 'slug': 'svoi-wheeling-transportation-co-inc'}

[8/20] KA Logistics
  svoi: webs=0 phones=1 addr=14459 Stately Oaks Circle
  no company website
  fill keys: ['address_line', 'city', 'google_maps_url', 'location_precision', 'phone', 'postal_code', 'state_code']
  recommendation updated
  publish: {'entity': 'business', 'action': 'create', 'id': '44d68c16-221d-4814-b0d7-64801e132916', 'slug': 'svoi-ka-logistics'}

[9/20] Moving Services IL
  svoi: webs=0 phones=1 addr=240 Raupp Boulevard
  no company website
  fill keys: ['address_line', 'city', 'google_maps_url', 'location_precision', 'phone', 'postal_code', 'state_code']
  recommendation updated
  publish: {'entity': 'business', 'action': 'create', 'id': '765cb6ce-6c59-464c-bbee-bed0c8851679', 'slug': 'svoi-moving-services-il'}

[10/20] ECOSMART TRUCKS CO
  svoi: webs=0 phones=1 addr=Rolling Meadows
  weak address skipped: Rolling Meadows
  no company website
  fill keys: ['city', 'google_maps_url', 'phone']
  recommendation updated
  skip publish (entity=business, street=False)

[11/20] Orest Express
  svoi: webs=0 phones=1 addr=221 Joey Drive
  no company website
  fill keys: ['address_line', 'city', 'google_maps_url', 'location_precision', 'phone', 'postal_code', 'state_code']
  recommendation updated
  publish: {'entity': 'business', 'action': 'create', 'id': '5245b3ec-8a99-42ab-b429-8e2d3961e8e4', 'slug': 'svoi-orest-express'}

[12/20] Cross-docking 24/7
  svoi: webs=0 phones=1 addr=Hodgkins
  weak address skipped: Hodgkins
  no company website
  fill keys: ['city', 'google_maps_url', 'phone']
  recommendation updated
  skip publish (entity=business, street=False)

[13/20] Roy Movers
  svoi: webs=0 phones=1 addr=9934 Wilson Avenue
  no company website
  fill keys: ['address_line', 'city', 'google_maps_url', 'location_precision', 'phone', 'state_code']
  recommendation updated
  publish: {'entity': 'business', 'action': 'create', 'id': '7db473b6-0d29-48a6-ab3d-26de5d9b1e8b', 'slug': 'svoi-roy-movers'}

[14/20] John Galt Group
  svoi: webs=0 phones=2 addr=River grove
  weak address skipped: River grove
  no company website
  fill keys: ['city', 'google_maps_url', 'phone']
  recommendation updated
  skip publish (entity=business, street=False)

[15/20] DVL Express Inc
  svoi: webs=0 phones=2 addr=1346 Hannah Avenue
  no company website
  fill keys: ['address_line', 'city', 'google_maps_url', 'location_precision', 'phone', 'postal_code', 'state_code']
  recommendation updated
  publish: {'entity': 'business', 'action': 'create', 'id': 'e9b2f02a-eada-4699-b9b0-b62f1222b647', 'slug': 'svoi-dvl-express-inc'}

[16/20] Brite Logistics
  svoi: webs=1 phones=1 addr=5000 S Homan Ave
  website keys: ['facebook_url', 'instagram_url']
  fill keys: ['address_line', 'city', 'google_maps_url', 'instagram_url', 'location_precision', 'phone', 'postal_code', 'state_code', 'website']
  recommendation updated
  publish: {'entity': 'business', 'action': 'create', 'id': 'a1979b68-75cc-4386-8067-15edca09887b', 'slug': 'svoi-brite-logistics'}

[17/20] Trade Movers Corp
  svoi: webs=0 phones=1 addr=1647 S Blue Island Ave
  no company website
  fill keys: ['address_line', 'city', 'google_maps_url', 'location_precision', 'phone', 'postal_code', 'state_code']
  recommendation updated
  publish: {'entity': 'business', 'action': 'create', 'id': '5f079a5d-78ef-44ae-8fe6-9a44849de1ec', 'slug': 'svoi-trade-movers-corp'}

[18/20] Sams Moving and Delivery
  svoi: webs=1 phones=1 addr=78 E Washington St
  website keys: []
  fill keys: ['address_line', 'city', 'google_maps_url', 'location_precision', 'phone', 'postal_code', 'state_code', 'website']
  recommendation updated
  publish: {'entity': 'business', 'action': 'create', 'id': '126fba09-b3dc-4c83-8c19-02c93fff5c39', 'slug': 'svoi-sams-moving-and-delivery'}

[19/20] A&IN Group, LLC
  svoi: webs=0 phones=1 addr=Chicago
  weak address skipped: Chicago
  no company website
  fill keys: ['city', 'google_maps_url', 'phone']
  recommendation updated
  skip publish (entity=business, street=False)

[20/20] Transport company CDL
  svoi: webs=0 phones=4 addr=Chicago
  weak address skipped: Chicago
  no company website
  fill keys: ['city', 'google_maps_url', 'phone']
  recommendation updated
  skip publish (entity=business, street=False)

Done. enriched=20 with_address=14 published=14 report=/Users/sammov/Russian business AI/scripts/business-enrich/data/svoi_enrich/batch_20260727T021449Z.json
Last targets=20 exit=0

===== ROUND 18 2026-07-27T02:14:52Z =====
targets=20 dry_run=False publish=True places=True publish_enriched=False

[1/20] Duct Cleaning Group
  svoi: webs=0 phones=1 addr=647 North Central Avenue
  no company website
  places: error
  places quota exhausted — continuing without Places
  fill keys: ['address_line', 'city', 'google_maps_url', 'location_precision', 'phone', 'state_code']
  recommendation updated
  publish: {'entity': 'business', 'action': 'create', 'id': 'f1fe747b-e798-4d62-8803-6ef7b479939d', 'slug': 'svoi-duct-cleaning-group'}

[2/20] AHR Ozon Inc.
  svoi: webs=0 phones=1 addr=4032 Tower Circle
  no company website
  fill keys: ['address_line', 'city', 'google_maps_url', 'location_precision', 'phone', 'postal_code', 'state_code']
  recommendation updated
  publish: {'entity': 'business', 'action': 'create', 'id': '9d08e67e-935a-4d80-9663-7260b4961ea8', 'slug': 'svoi-ahr-ozon-inc'}

[3/20] American Vintage Home Heating
  svoi: webs=0 phones=2 addr=1523 Payne Street
  no company website
  fill keys: ['address_line', 'city', 'google_maps_url', 'location_precision', 'phone', 'state_code']
  recommendation updated
  publish: {'entity': 'business', 'action': 'create', 'id': 'c58f7d6f-69a2-44ed-8c19-8ad23b18a719', 'slug': 'svoi-american-vintage-home-heating'}

[4/20] Comfort Temperature Systems
  svoi: webs=0 phones=5 addr=8221 N Kimball Rd.
  no company website
  fill keys: ['address_line', 'city', 'google_maps_url', 'location_precision', 'phone', 'postal_code', 'state_code']
  recommendation updated
  publish: {'entity': 'business', 'action': 'create', 'id': '3d53b57f-894f-4963-909f-d9fd1bb80299', 'slug': 'svoi-comfort-temperature-systems'}

[5/20] Alliance Consulting
  svoi: webs=0 phones=1 addr=830 South Buffalo Grove Road
  no company website
  fill keys: ['address_line', 'city', 'google_maps_url', 'location_precision', 'phone', 'postal_code', 'state_code']
  recommendation updated
  publish: {'entity': 'business', 'action': 'create', 'id': '146eab5f-b907-432a-ab1f-1255075ba73f', 'slug': 'svoi-alliance-consulting'}

[6/20] Fikrat Consulting Inc.
  svoi: webs=1 phones=1 addr=Wheeling
  weak address skipped: Wheeling
  website keys: ['emails', 'opening_hours', 'phones']
  fill keys: ['city', 'email', 'google_maps_url', 'opening_hours', 'phone', 'website']
  recommendation updated
  skip publish (entity=business, street=False)

[7/20] Natalia А.
  svoi: webs=0 phones=1 addr=Arlington heights
  weak address skipped: Arlington heights
  no company website
  fill keys: ['city', 'google_maps_url', 'phone']
  recommendation updated
  skip publish (entity=business, street=False)

[8/20] Notary Consulting Group
  svoi: webs=0 phones=1 addr=325 Oak Creek Dr
  no company website
  fill keys: ['address_line', 'city', 'google_maps_url', 'location_precision', 'phone']
  recommendation updated
  publish: {'entity': 'professional', 'action': 'create', 'id': '4b275429-2325-4d52-ae69-4bf15e67d0cc', 'slug': 'svoi-notary-consulting-group'}

[9/20] Notary Public Service. Legaline International, LLC
  svoi: webs=0 phones=2 addr=Skoki
  weak address skipped: Skoki
  no company website
  fill keys: ['city', 'google_maps_url', 'phone']
  recommendation updated
  skip publish (entity=business, street=False)

[10/20] Russian City Bureau
  svoi: webs=0 phones=1 addr=6405 North California Avenue
  no company website
  fill keys: ['address_line', 'city', 'google_maps_url', 'location_precision', 'phone', 'state_code']
  recommendation updated
  publish: {'entity': 'business', 'action': 'create', 'id': '6b6c8236-30a3-42f3-b54c-f249d54b805a', 'slug': 'svoi-russian-city-bureau'}

[11/20] Russian Interpretation Svc
  svoi: webs=0 phones=1 addr=920 West Lakeside Avenue
  no company website
  fill keys: ['address_line', 'city', 'google_maps_url', 'location_precision', 'phone', 'state_code']
  recommendation updated
  publish: {'entity': 'business', 'action': 'create', 'id': '43aa727f-9a72-47df-b06c-21e21b3ee9bc', 'slug': 'svoi-russian-interpretation-svc'}

[12/20] Say It In Russian/Russian Type
  svoi: webs=0 phones=1 addr=1722 West Nelson Street
  no company website
  fill keys: ['address_line', 'city', 'google_maps_url', 'location_precision', 'phone', 'state_code']
  recommendation updated
  publish: {'entity': 'business', 'action': 'create', 'id': 'b3fe6ce6-e28b-41e2-bc6e-b901ae92f598', 'slug': 'svoi-say-it-in-russian-russian-type'}

[13/20] Наталья Ганзенко
  svoi: webs=0 phones=3 addr=212 East Ohio Street
  no company website
  fill keys: ['address_line', 'city', 'google_maps_url', 'location_precision', 'phone', 'postal_code', 'state_code']
  recommendation updated
  publish: {'entity': 'business', 'action': 'create', 'id': '0970c9d8-13fd-41f2-822d-ffcfd6da57e3', 'slug': 'svoi-biz-19'}

[14/20] Accurate Russian Ukrainian Translation Services
  svoi: webs=0 phones=2 addr=Chicago
  weak address skipped: Chicago
  no company website
  fill keys: ['city', 'google_maps_url', 'phone']
  recommendation updated
  skip publish (entity=business, street=False)

[15/20] Prime Language Services
  svoi: webs=1 phones=2 addr=Chicago
  weak address skipped: Chicago
  website keys: ['description']
  fill keys: ['city', 'google_maps_url', 'phone', 'website']
  recommendation updated
  skip publish (entity=business, street=False)

[16/20] Translation Center NOBBY
  svoi: webs=0 phones=1 addr=Chicago
  weak address skipped: Chicago
  no company website
  fill keys: ['city', 'google_maps_url', 'phone']
  recommendation updated
  skip publish (entity=business, street=False)

[17/20] Дмитрий Васильев
  svoi: webs=0 phones=4 addr=Chicago
  weak address skipped: Chicago
  no company website
  fill keys: ['city', 'google_maps_url', 'phone']
  recommendation updated
  skip publish (entity=business, street=False)

[18/20] Facial
  svoi: webs=0 phones=1 addr=Buffalo grove
  weak address skipped: Buffalo grove
  no company website
  fill keys: ['city', 'google_maps_url', 'phone']
  recommendation updated
  skip publish (entity=business, street=False)

[19/20] Dr. Vladimir Panine, MD
  svoi: webs=0 phones=1 addr=2605 Lincoln Highway
  no company website
  fill keys: ['address_line', 'city', 'google_maps_url', 'location_precision', 'phone', 'postal_code', 'state_code']
  recommendation updated
  publish: {'entity': 'professional', 'action': 'create', 'id': '6ffb74a5-51ba-4aa8-b847-abb4c98294c7', 'slug': 'svoi-dr-vladimir-panine-md'}

[20/20] Northern Illinois Plastic Surgery
  svoi: webs=0 phones=1 addr=950 North York Road
  no company website
  fill keys: ['address_line', 'city', 'google_maps_url', 'location_precision', 'phone', 'postal_code', 'state_code']
  recommendation updated
  publish: {'entity': 'business', 'action': 'create', 'id': '4e9a5bf4-cdc5-4766-9a71-c885dbf073ed', 'slug': 'svoi-northern-illinois-plastic-surgery'}

Done. enriched=20 with_address=12 published=12 report=/Users/sammov/Russian business AI/scripts/business-enrich/data/svoi_enrich/batch_20260727T021557Z.json
Last targets=20 exit=0

===== ROUND 19 2026-07-27T02:16:00Z =====
targets=20 dry_run=False publish=True places=True publish_enriched=False

[1/20] USA Natural Health Clinic
  svoi: webs=0 phones=5 addr=5929 North Cicero Avenue
  no company website
  places: error
  places quota exhausted — continuing without Places
  fill keys: ['address_line', 'city', 'google_maps_url', 'location_precision', 'phone', 'postal_code', 'state_code']
  recommendation updated
  publish: {'entity': 'business', 'action': 'create', 'id': 'e4891f45-4590-4223-a19d-a08653d92985', 'slug': 'svoi-usa-natural-health-clinic'}

[2/20] Garden Fresh Market Naperville
  svoi: webs=1 phones=1 addr=75th Street 955
  website keys: ['address_line', 'city', 'description', 'facebook_url', 'instagram_url', 'opening_hours', 'phones', 'postal_code', 'state_code', 'yelp_url']
  fill keys: ['address_line', 'city', 'google_maps_url', 'instagram_url', 'location_precision', 'opening_hours', 'phone', 'postal_code', 'state_code', 'website', 'yelp_url']
  recommendation updated
  publish: {'entity': 'business', 'action': 'create', 'id': 'a919f9e4-871a-4285-9358-89a74f682bd4', 'slug': 'svoi-garden-fresh-market-naperville'}

[3/20] Inter Deli
  svoi: webs=0 phones=1 addr=Grove Road S. Buffalo Grove Rd.
  no company website
  fill keys: ['address_line', 'city', 'google_maps_url', 'location_precision', 'phone', 'postal_code', 'state_code']
  recommendation updated
  publish: {'entity': 'business', 'action': 'create', 'id': '1a0db99b-bba8-4d9b-b2c8-a213b51218d3', 'slug': 'svoi-inter-deli'}

[4/20] Одесский Привоз
  svoi: webs=0 phones=1 addr=1241 West Dundee Road
  no company website
  fill keys: ['address_line', 'city', 'google_maps_url', 'location_precision', 'phone', 'postal_code', 'state_code']
  recommendation updated
  publish: {'entity': 'business', 'action': 'create', 'id': '23a74d49-d0d7-4bac-b9c0-3a057978cd3f', 'slug': 'svoi-biz-20'}

[5/20] Krystynas Deli Schaumburg
  svoi: webs=1 phones=1 addr=1102 South Roselle Road
  website keys: ['description', 'facebook_url', 'instagram_url']
  fill keys: ['address_line', 'city', 'google_maps_url', 'instagram_url', 'location_precision', 'phone', 'postal_code', 'state_code', 'website']
  recommendation updated
  publish: {'entity': 'business', 'action': 'create', 'id': '92da9ba6-5b50-40e0-ac28-ac63ae47c4ae', 'slug': 'svoi-krystynas-deli-schaumburg'}

[6/20] Allegro Deli
  svoi: webs=1 phones=1 addr=771 South Buffalo Grove Road
  website keys: []
  fill keys: ['address_line', 'city', 'google_maps_url', 'location_precision', 'phone', 'postal_code', 'state_code', 'website']
  recommendation updated
  publish: {'entity': 'business', 'action': 'create', 'id': '5d305f8c-0eea-4368-984b-9b4e5da652f4', 'slug': 'svoi-allegro-deli'}

[7/20] Dinos Food and Liquors
  svoi: webs=0 phones=1 addr=443 Ashland Avenue
  no company website
  fill keys: ['address_line', 'city', 'google_maps_url', 'location_precision', 'phone', 'postal_code', 'state_code']
  recommendation updated
  publish: {'entity': 'business', 'action': 'create', 'id': '57a4e521-1dcf-4bac-8328-fee686e24734', 'slug': 'svoi-dinos-food-and-liquors'}

[8/20] Harvest Fresh International
  svoi: webs=0 phones=1 addr=100 East Rand Road
  no company website
  fill keys: ['address_line', 'city', 'google_maps_url', 'location_precision', 'phone', 'postal_code', 'state_code']
  recommendation updated
  publish: {'entity': 'business', 'action': 'create', 'id': 'c5aff02f-2ea2-46a9-972a-12c134d60ecd', 'slug': 'svoi-harvest-fresh-international'}

[9/20] European Sausage and Food
  svoi: webs=1 phones=1 addr=818 State Street
  website keys: ['description', 'phones']
  fill keys: ['address_line', 'city', 'google_maps_url', 'location_precision', 'phone', 'postal_code', 'state_code', 'website']
  recommendation updated
  publish: {'entity': 'business', 'action': 'create', 'id': '2f1f57f1-b3cf-4825-802a-b711db86a1ad', 'slug': 'svoi-european-sausage-and-food'}

[10/20] Village Market Place
  svoi: webs=0 phones=1 addr=891 East Geneva Road
  no company website
  fill keys: ['address_line', 'city', 'google_maps_url', 'location_precision', 'phone', 'postal_code', 'state_code']
  recommendation updated
  publish: {'entity': 'business', 'action': 'create', 'id': '36ea7d39-6d32-4ac1-bfaa-9a2cd8550381', 'slug': 'svoi-village-market-place'}

[11/20] Fresh Farms
  svoi: webs=1 phones=1 addr=291 East Dundee Road
  website keys: ['description', 'facebook_url', 'instagram_url']
  fill keys: ['address_line', 'city', 'google_maps_url', 'instagram_url', 'location_precision', 'phone', 'postal_code', 'state_code', 'website']
  recommendation updated
  publish: {'entity': 'business', 'action': 'create', 'id': '4cc20a60-62bc-4788-8c9d-f1a695d62342', 'slug': 'svoi-fresh-farms'}

[12/20] Eurus Deli
  svoi: webs=0 phones=1 addr=22 Butterfield Road
  no company website
  fill keys: ['address_line', 'city', 'google_maps_url', 'location_precision', 'phone', 'postal_code', 'state_code']
  recommendation updated
  publish: {'entity': 'business', 'action': 'create', 'id': '2d4d7fc4-308a-40fc-902d-d7c0f6dd2ca5', 'slug': 'svoi-eurus-deli'}

[13/20] Elegance in Meats
  svoi: webs=0 phones=1 addr=3135 Dundee Road
  no company website
  fill keys: ['address_line', 'city', 'google_maps_url', 'location_precision', 'phone', 'postal_code', 'state_code']
  recommendation updated
  publish: {'entity': 'business', 'action': 'create', 'id': '5fc178bf-dec7-494f-a2d3-069810b506fb', 'slug': 'svoi-elegance-in-meats'}

[14/20] Wallys Markets
  svoi: webs=0 phones=1 addr=1731 West Golf Road
  no company website
  fill keys: ['address_line', 'city', 'google_maps_url', 'location_precision', 'phone', 'postal_code', 'state_code']
  recommendation updated
  publish: {'entity': 'business', 'action': 'create', 'id': '6a210f71-09e0-4aeb-b210-c78da919d9a0', 'slug': 'svoi-wallys-markets'}

[15/20] Sweet Happiness
  svoi: webs=0 phones=1 addr=Dearlove rd
  no company website
  fill keys: ['address_line', 'city', 'google_maps_url', 'location_precision', 'phone', 'state_code']
  recommendation updated
  publish: {'entity': 'business', 'action': 'create', 'id': '24648073-cc1d-48d7-a490-857cd37eb459', 'slug': 'svoi-sweet-happiness'}

[16/20] Niles Polish Deli
  svoi: webs=0 phones=1 addr=8705 N Milwaukee Ave
  no company website
  fill keys: ['address_line', 'city', 'google_maps_url', 'location_precision', 'phone', 'postal_code', 'state_code']
  recommendation updated
  publish: {'entity': 'business', 'action': 'create', 'id': '3d3fa7a9-fac6-417f-b7bc-7a8a7c7016b3', 'slug': 'svoi-niles-polish-deli'}

[17/20] Eurostyle Deli
  svoi: webs=0 phones=1 addr=4861 Oakton St
  no company website
  fill keys: ['address_line', 'city', 'google_maps_url', 'location_precision', 'phone', 'postal_code', 'state_code']
  recommendation updated
  publish: {'entity': 'business', 'action': 'create', 'id': 'aa50b6ed-a16e-4e16-a2f6-661e1669b3cf', 'slug': 'svoi-eurostyle-deli'}

[18/20] Montrose Food Mart and Deli
  svoi: webs=0 phones=1 addr=6601 West Irving Park Road
  no company website
  fill keys: ['address_line', 'city', 'google_maps_url', 'location_precision', 'phone', 'postal_code', 'state_code']
  recommendation updated
  publish: {'entity': 'business', 'action': 'create', 'id': 'd6c0e729-e844-418e-974a-00d814d03177', 'slug': 'svoi-montrose-food-mart-and-deli'}

[19/20] Montrose Deli
  svoi: webs=0 phones=1 addr=5411 West Montrose Avenue
  no company website
  fill keys: ['address_line', 'city', 'google_maps_url', 'location_precision', 'phone', 'postal_code', 'state_code']
  recommendation updated
  publish: {'entity': 'business', 'action': 'create', 'id': '8bd8ab37-e537-4927-9889-180c07ef6d38', 'slug': 'svoi-montrose-deli'}

[20/20] Kurowskis Sausage Shop
  svoi: webs=0 phones=1 addr=2976 North Milwaukee Avenue
  no company website
  fill keys: ['address_line', 'city', 'google_maps_url', 'location_precision', 'phone', 'postal_code', 'state_code']
  recommendation updated
  publish: {'entity': 'business', 'action': 'create', 'id': '621b5164-5b6b-4697-affd-7f0edc7c81a9', 'slug': 'svoi-kurowskis-sausage-shop'}

Done. enriched=20 with_address=20 published=20 report=/Users/sammov/Russian business AI/scripts/business-enrich/data/svoi_enrich/batch_20260727T021712Z.json
Last targets=20 exit=0

===== ROUND 20 2026-07-27T02:17:15Z =====
targets=20 dry_run=False publish=True places=True publish_enriched=False

[1/20] Amish Healthy Foods
  svoi: webs=1 phones=4 addr=1025 North Western Avenue
  website keys: ['description', 'facebook_url', 'opening_hours']
  places: error
  places quota exhausted — continuing without Places
  fill keys: ['address_line', 'city', 'google_maps_url', 'location_precision', 'opening_hours', 'phone', 'state_code', 'website']
  recommendation updated
  publish: {'entity': 'business', 'action': 'create', 'id': '942fa28a-7ef4-42a0-98eb-695be9f1132b', 'slug': 'svoi-amish-healthy-foods'}

[2/20] 4EVER Design Studio (Chicago Web Design, Printing, Design)
  svoi: webs=0 phones=2 addr=Arlington heights
  weak address skipped: Arlington heights
  no company website
  fill keys: ['city', 'google_maps_url', 'phone']
  recommendation updated
  skip publish (entity=business, street=False)

[3/20] Dexprint
  svoi: webs=0 phones=1 addr=1041 Vandustrial Drive
  no company website
  fill keys: ['address_line', 'city', 'google_maps_url', 'location_precision', 'phone', 'postal_code', 'state_code']
  recommendation updated
  publish: {'entity': 'business', 'action': 'create', 'id': 'ebde01f4-6856-4f2d-b3fb-a1669d50b4dc', 'slug': 'svoi-dexprint'}

[4/20] MegaTron Print
  svoi: webs=1 phones=1 addr=4946 W Irving Park rd
  website keys: ['emails', 'facebook_url']
  fill keys: ['address_line', 'city', 'email', 'google_maps_url', 'location_precision', 'phone', 'state_code', 'website']
  recommendation updated
  publish: {'entity': 'business', 'action': 'create', 'id': 'ddb9e10b-1a22-4f1e-9906-eb125f5eb6ee', 'slug': 'svoi-megatron-print'}

[5/20] GREY-MEDIA
  svoi: webs=0 phones=5 addr=Chicago
  weak address skipped: Chicago
  no company website
  fill keys: ['city', 'google_maps_url', 'phone']
  recommendation updated
  skip publish (entity=business, street=False)

[6/20] Women's Doc (DJAMILIA KRYUKOV, M.D.)
  svoi: webs=1 phones=1 addr=20 Executive Court
  website keys: ['description', 'phones']
  fill keys: ['address_line', 'city', 'google_maps_url', 'location_precision', 'phone', 'website']
  recommendation updated
  publish: {'entity': 'professional', 'action': 'create', 'id': '6b6ad756-d6cd-47c1-9a3d-c3cbf4daf605', 'slug': 'svoi-women-s-doc-djamilia-kryukov-m-d'}

[7/20] Irina Harag, M.D.,
  svoi: webs=0 phones=1 addr=150 Half Day Road
  no company website
  fill keys: ['address_line', 'city', 'google_maps_url', 'location_precision', 'phone', 'postal_code', 'state_code']
  recommendation updated
  publish: {'entity': 'professional', 'action': 'create', 'id': 'aa130ec4-836c-4dfd-8403-0c6581340d49', 'slug': 'svoi-irina-harag-m-d'}

[8/20] Buffalo Grove Medical Center Buffalo Grove Clinic
  svoi: webs=0 phones=1 addr=135 N. Arlington Heights Road Suite 195
  no company website
  fill keys: ['address_line', 'city', 'google_maps_url', 'location_precision', 'phone', 'postal_code', 'state_code']
  recommendation updated
  publish: {'entity': 'business', 'action': 'create', 'id': '99c51a9b-1707-4598-ac68-050d2f76f9c4', 'slug': 'svoi-buffalo-grove-medical-center-buffalo-grove-clini'}

[9/20] Wheaton Medical Center
  svoi: webs=0 phones=1 addr=301 S. County Farm Rd
  no company website
  fill keys: ['address_line', 'city', 'google_maps_url', 'location_precision', 'phone', 'postal_code', 'state_code']
  recommendation updated
  publish: {'entity': 'business', 'action': 'create', 'id': '93d2ddec-715e-4908-8bb2-3b9ebc22ae41', 'slug': 'svoi-wheaton-medical-center'}

[10/20] Medical Centers for Childrens
  svoi: webs=0 phones=1 addr=Buffalo grove
  weak address skipped: Buffalo grove
  no company website
  fill keys: ['city', 'google_maps_url', 'phone']
  recommendation updated
  skip publish (entity=business, street=False)

[11/20] Your Medicos, S.C.
  svoi: webs=1 phones=1 addr=1300 Busch Parkway
  website error: <urlopen error [SSL: TLSV1_ALERT_PROTOCOL_VERSION] tlsv1 alert protocol version (_ssl.c:1129)>
  fill keys: ['address_line', 'city', 'google_maps_url', 'location_precision', 'phone', 'state_code', 'website']
  recommendation updated
  publish: {'entity': 'business', 'action': 'create', 'id': '1b06d595-db0f-4ed5-aaa6-6044657db0da', 'slug': 'svoi-your-medicos-s-c'}

[12/20] Dr. Michael Arshavsky D.C.
  svoi: webs=0 phones=1 addr=3233 North Arlington Heights Road
  no company website
  fill keys: ['address_line', 'city', 'google_maps_url', 'location_precision', 'phone', 'postal_code', 'state_code']
  recommendation updated
  publish: {'entity': 'professional', 'action': 'create', 'id': '4a5efc31-4d10-4d46-9ba9-43f9e20b7413', 'slug': 'svoi-dr-michael-arshavsky-d-c'}

[13/20] Гуревич Тамара
  svoi: webs=0 phones=1 addr=455 South Roselle Road
  no company website
  fill keys: ['address_line', 'city', 'google_maps_url', 'location_precision', 'phone', 'postal_code', 'state_code']
  recommendation updated
  publish: {'entity': 'business', 'action': 'create', 'id': '541b5a12-5435-41a7-be84-ab3066360934', 'slug': 'svoi-biz-21'}

[14/20] Dr. Igor Lukashevsky D.C.
  svoi: webs=0 phones=1 addr=Dundee Parkway
  weak address skipped: Dundee Parkway
  no company website
  fill keys: ['city', 'google_maps_url', 'phone', 'postal_code', 'state_code']
  recommendation updated
  skip publish (entity=business, street=False)

[15/20] Многопрофильный медицинский центр
  svoi: webs=0 phones=1 addr=333 West Dundee Road
  no company website
  fill keys: ['address_line', 'city', 'google_maps_url', 'location_precision', 'phone', 'postal_code', 'state_code']
  recommendation updated
  publish: {'entity': 'business', 'action': 'create', 'id': 'a637d646-5307-4533-883a-074b4ff0d4eb', 'slug': 'svoi-biz-22'}

[16/20] Family Medical Clinic
  svoi: webs=0 phones=1 addr=20570 North Milwaukee Avenue
  no company website
  fill keys: ['address_line', 'city', 'google_maps_url', 'location_precision', 'phone', 'state_code']
  recommendation updated
  publish: {'entity': 'business', 'action': 'create', 'id': '785e2af7-94c9-46f7-b54c-1798967b7b66', 'slug': 'svoi-family-medical-clinic'}

[17/20] Ivanchenko Pain and Rehab
  svoi: webs=1 phones=1 addr=985 South Buffalo Grove Road
  website keys: ['address_line', 'city', 'description', 'facebook_url', 'opening_hours', 'phones', 'postal_code']
  fill keys: ['address_line', 'city', 'google_maps_url', 'location_precision', 'opening_hours', 'phone', 'postal_code', 'state_code', 'website']
  recommendation updated
  publish: {'entity': 'business', 'action': 'create', 'id': 'a5de9f4f-f254-4862-90e9-4e6374b6f86c', 'slug': 'svoi-ivanchenko-pain-and-rehab'}

[18/20] Advanced Medical Clinic
  svoi: webs=0 phones=1 addr=200 Milwaukee Avenue
  no company website
  fill keys: ['address_line', 'city', 'google_maps_url', 'location_precision', 'phone', 'postal_code', 'state_code']
  recommendation updated
  publish: {'entity': 'business', 'action': 'create', 'id': '07346757-e63e-4ce5-bef9-e314d955c796', 'slug': 'svoi-advanced-medical-clinic'}

[19/20] Absolute Health Clinic
  svoi: webs=0 phones=1 addr=1655 North Arlington Heights Road
  no company website
  fill keys: ['address_line', 'city', 'google_maps_url', 'location_precision', 'phone', 'postal_code', 'state_code']
  recommendation updated
  publish: {'entity': 'business', 'action': 'create', 'id': '9d7c6915-8edb-4bcb-a3cd-6b5e142c6e72', 'slug': 'svoi-absolute-health-clinic'}

[20/20] North Suburban Chiropractic Clinic
  svoi: webs=0 phones=1 addr=1430 North Arlington Heights Road
  no company website
  fill keys: ['address_line', 'city', 'google_maps_url', 'location_precision', 'phone', 'postal_code', 'state_code']
  recommendation updated
  publish: {'entity': 'business', 'action': 'create', 'id': '1943636a-5d6e-4af0-970f-bf2f13c0f81c', 'slug': 'svoi-north-suburban-chiropractic-clinic'}

Done. enriched=20 with_address=16 published=16 report=/Users/sammov/Russian business AI/scripts/business-enrich/data/svoi_enrich/batch_20260727T021823Z.json
Last targets=20 exit=0

===== ROUND 21 2026-07-27T02:18:26Z =====
targets=20 dry_run=False publish=True places=True publish_enriched=False

[1/20] Dr. Anna Petrov, MD
  svoi: webs=0 phones=1 addr=Wheeling
  weak address skipped: Wheeling
  no company website
  places: error
  places quota exhausted — continuing without Places
  fill keys: ['city', 'google_maps_url', 'phone']
  recommendation updated
  publish: {'entity': 'professional', 'action': 'create', 'id': '54697dd9-f329-40aa-9d9c-2c6d814558ae', 'slug': 'svoi-dr-anna-petrov-md'}

[2/20] Northwest Orthopedic Surgery
  svoi: webs=0 phones=1 addr=1120 North Arlington Heights Road
  no company website
  fill keys: ['address_line', 'city', 'google_maps_url', 'location_precision', 'phone', 'postal_code', 'state_code']
  recommendation updated
  publish: {'entity': 'business', 'action': 'create', 'id': 'b01cd44e-8701-4764-81cc-53a8bb54ef59', 'slug': 'svoi-northwest-orthopedic-surgery'}

[3/20] Gordin Medical Center
  svoi: webs=1 phones=1 addr=350 E. Dundee Rd.
  website keys: ['description', 'phones']
  fill keys: ['address_line', 'city', 'google_maps_url', 'location_precision', 'phone', 'postal_code', 'state_code', 'website']
  recommendation updated
  publish: {'entity': 'business', 'action': 'create', 'id': '63db081d-8e7b-4d02-ac39-a403d8a6b140', 'slug': 'svoi-gordin-medical-center'}

[4/20] Mildun Medical Center
  svoi: webs=0 phones=1 addr=77 Milwaukee Ave
  no company website
  fill keys: ['address_line', 'city', 'google_maps_url', 'location_precision', 'phone', 'postal_code', 'state_code']
  recommendation updated
  publish: {'entity': 'business', 'action': 'create', 'id': '7e03dada-ed93-4d42-91d9-ea19cad875ac', 'slug': 'svoi-mildun-medical-center'}

[5/20] Бухало Юрий
  svoi: webs=0 phones=4 addr=880 Central Road
  no company website
  fill keys: ['address_line', 'city', 'google_maps_url', 'location_precision', 'phone', 'postal_code', 'state_code']
  recommendation updated
  publish: {'entity': 'business', 'action': 'create', 'id': '14d3c2c6-9fb5-4ae5-bec2-14a4cbc225d2', 'slug': 'svoi-biz-23'}

[6/20] EUGENE ISYANOV, M.S., L.C.P.C
  svoi: webs=0 phones=1 addr=Highland Park
  weak address skipped: Highland Park
  no company website
  fill keys: ['city', 'google_maps_url', 'phone']
  recommendation updated
  skip publish (entity=business, street=False)

[7/20] East West Internal Medicine Associates
  svoi: webs=0 phones=1 addr=342 South Milwaukee Avenue
  no company website
  fill keys: ['address_line', 'city', 'google_maps_url', 'location_precision', 'phone', 'postal_code', 'state_code']
  recommendation updated
  publish: {'entity': 'business', 'action': 'create', 'id': 'eaf1eeca-61f8-4bda-898e-b4d12ad6fe77', 'slug': 'svoi-east-west-internal-medicine-associates'}

[8/20] Access Health Center, Ltd.
  svoi: webs=0 phones=1 addr=75th Street 1700
  no company website
  fill keys: ['address_line', 'city', 'google_maps_url', 'location_precision', 'phone', 'state_code']
  recommendation updated
  publish: {'entity': 'business', 'action': 'create', 'id': 'bf5cd617-fa41-4ce0-8fa3-ddcf7bc7b994', 'slug': 'svoi-access-health-center-ltd'}

[9/20] Dr. Yan Katsnelson, MD
  svoi: webs=0 phones=1 addr=4141 East Dundee Road
  no company website
  fill keys: ['address_line', 'city', 'google_maps_url', 'location_precision', 'phone', 'postal_code', 'state_code']
  recommendation updated
  publish: {'entity': 'professional', 'action': 'create', 'id': '24358682-6df3-4db8-be6f-bfbbdccf72ab', 'slug': 'svoi-dr-yan-katsnelson-md'}

[10/20] Melamed Weight and Wellness
  svoi: webs=1 phones=1 addr=707 Lake Cook Road
  website keys: ['address_line', 'city', 'description', 'facebook_url', 'instagram_url', 'opening_hours', 'phones', 'postal_code', 'state_code']
  fill keys: ['address_line', 'city', 'google_maps_url', 'instagram_url', 'location_precision', 'opening_hours', 'phone', 'postal_code', 'state_code', 'website']
  recommendation updated
  publish: {'entity': 'business', 'action': 'create', 'id': '79d7bd3f-c49e-4b52-85e5-b2a09bdd7188', 'slug': 'svoi-melamed-weight-and-wellness'}

[11/20] Womens and Children Health Care Associates
  svoi: webs=0 phones=1 addr=800 Biesterfield Road
  no company website
  fill keys: ['address_line', 'city', 'google_maps_url', 'location_precision', 'phone', 'postal_code', 'state_code']
  recommendation updated
  publish: {'entity': 'business', 'action': 'create', 'id': '5ee6bf9b-901a-4f8e-84eb-9827147a661d', 'slug': 'svoi-womens-and-children-health-care-associates'}

[12/20] Lifewave Institute
  svoi: webs=0 phones=1 addr=3113 Dundee Road
  no company website
  fill keys: ['address_line', 'city', 'google_maps_url', 'location_precision', 'phone', 'postal_code', 'state_code']
  recommendation updated
  publish: {'entity': 'professional', 'action': 'create', 'id': 'af0c4f12-d9f7-4cd9-95b1-4afa38d4a77d', 'slug': 'svoi-lifewave-institute'}

[13/20] Aanchor Health Center
  svoi: webs=1 phones=1 addr=1186 Roosevelt Road
  website keys: []
  fill keys: ['address_line', 'city', 'google_maps_url', 'location_precision', 'phone', 'state_code', 'website']
  recommendation updated
  publish: {'entity': 'business', 'action': 'create', 'id': '373e5372-255d-443f-a14a-dc2489fa80ee', 'slug': 'svoi-aanchor-health-center'}

[14/20] Dr. Alexander Prager - JW CENTER
  svoi: webs=0 phones=1 addr=1500 Shermer Road
  no company website
  fill keys: ['address_line', 'city', 'google_maps_url', 'location_precision', 'phone', 'postal_code', 'state_code']
  recommendation updated
  publish: {'entity': 'business', 'action': 'create', 'id': '11dba860-9114-4d2e-81e6-3b81f7d06acb', 'slug': 'svoi-dr-alexander-prager-jw-center'}

[15/20] Городецкий Александр
  svoi: webs=0 phones=1 addr=1247 Milwaukee Avenue
  no company website
  fill keys: ['address_line', 'city', 'google_maps_url', 'location_precision', 'phone', 'postal_code', 'state_code']
  recommendation updated
  publish: {'entity': 'business', 'action': 'create', 'id': '9dee9bd6-b0e8-46d8-976e-e47f1576a7f4', 'slug': 'svoi-biz-24'}

[16/20] Treatment of Neck, Back, Joinnts and Muscle Pain
  svoi: webs=0 phones=1 addr=3633 West Lake Ave
  no company website
  fill keys: ['address_line', 'city', 'google_maps_url', 'location_precision', 'phone', 'postal_code', 'state_code']
  recommendation updated
  publish: {'entity': 'business', 'action': 'create', 'id': 'e0b10b76-7831-4e53-ab17-8b737fe9fa83', 'slug': 'svoi-treatment-of-neck-back-joinnts-and-muscle-pain'}

[17/20] Illinois Foot and Ankle Clinic
  svoi: webs=0 phones=1 addr=1400 East Golf Road
  no company website
  fill keys: ['address_line', 'city', 'google_maps_url', 'location_precision', 'phone', 'postal_code', 'state_code']
  recommendation updated
  publish: {'entity': 'business', 'action': 'create', 'id': 'b2e4c866-90f4-4514-816d-5a296c42644f', 'slug': 'svoi-illinois-foot-and-ankle-clinic'}

[18/20] JourneyCare
  svoi: webs=0 phones=2 addr=2050 Claire Court
  no company website
  fill keys: ['address_line', 'city', 'google_maps_url', 'location_precision', 'phone', 'postal_code', 'state_code']
  recommendation updated
  publish: {'entity': 'business', 'action': 'create', 'id': '7f2887b3-2d68-41cb-b86f-e6f14f69fdeb', 'slug': 'svoi-journeycare'}

[19/20] IMED MRI & VEIN
  svoi: webs=0 phones=1 addr=7804 West College Drive
  no company website
  fill keys: ['address_line', 'city', 'google_maps_url', 'location_precision', 'phone', 'postal_code', 'state_code']
  recommendation updated
  publish: {'entity': 'business', 'action': 'merge', 'id': '9dee9bd6-b0e8-46d8-976e-e47f1576a7f4'}

[20/20] ACU Health Center Ltd
  svoi: webs=0 phones=1 addr=736 North York Road
  no company website
  fill keys: ['address_line', 'city', 'google_maps_url', 'location_precision', 'phone', 'postal_code', 'state_code']
  recommendation updated
  publish: {'entity': 'business', 'action': 'create', 'id': '30ad1626-ca52-4f9f-821f-4d545cafe411', 'slug': 'svoi-acu-health-center-ltd'}

Done. enriched=20 with_address=18 published=19 report=/Users/sammov/Russian business AI/scripts/business-enrich/data/svoi_enrich/batch_20260727T021934Z.json
Last targets=20 exit=0

===== ROUND 22 2026-07-27T02:19:37Z =====
targets=20 dry_run=False publish=True places=True publish_enriched=False

[1/20] Rozman Institute of Medicine and Rehabilitation
  svoi: webs=0 phones=1 addr=333 Waukegan Road
  no company website
  places: error
  places quota exhausted — continuing without Places
  fill keys: ['address_line', 'city', 'google_maps_url', 'location_precision', 'phone', 'postal_code', 'state_code']
  recommendation updated
  publish: {'entity': 'business', 'action': 'create', 'id': 'caed3d60-f633-41d0-b9a1-f413497b36a0', 'slug': 'svoi-rozman-institute-of-medicine-and-rehabilitation'}

[2/20] Excel Care Health Services, Inc
  svoi: webs=0 phones=1 addr=2250 East Devon Avenue
  no company website
  fill keys: ['address_line', 'city', 'google_maps_url', 'location_precision', 'phone', 'postal_code', 'state_code']
  recommendation updated
  publish: {'entity': 'business', 'action': 'create', 'id': 'f732f501-11c2-442e-be34-2eac9f2b7a00', 'slug': 'svoi-excel-care-health-services-inc'}

[3/20] Advance Chiropractors
  svoi: webs=1 phones=1 addr=7936 West Oakton Court
  website error: <urlopen error [Errno 8] nodename nor servname provided, or not known>
  fill keys: ['address_line', 'city', 'google_maps_url', 'location_precision', 'phone', 'state_code', 'website']
  recommendation updated
  publish: {'entity': 'business', 'action': 'create', 'id': 'a7dcd8d9-4770-4748-b967-e04f987f9cd6', 'slug': 'svoi-advance-chiropractors'}

[4/20] Dr. Galina Simkin MD
  svoi: webs=0 phones=1 addr=9701 Knox Avenue
  no company website
  fill keys: ['address_line', 'city', 'google_maps_url', 'location_precision', 'phone', 'postal_code', 'state_code']
  recommendation updated
  publish: {'entity': 'professional', 'action': 'create', 'id': '8a763637-1019-4339-a48f-2328e895f8ae', 'slug': 'svoi-dr-galina-simkin-md'}

[5/20] Dr. Julia Litvin MD at Skokie Hospital
  svoi: webs=0 phones=4 addr=9669 Kenton Avenue
  no company website
  fill keys: ['address_line', 'city', 'google_maps_url', 'location_precision', 'phone', 'postal_code', 'state_code']
  recommendation updated
  publish: {'entity': 'professional', 'action': 'create', 'id': '32586a0a-49f2-433c-a640-c40c3296223a', 'slug': 'svoi-dr-julia-litvin-md-at-skokie-hospital'}

[6/20] Miracle Medical Supply
  svoi: webs=0 phones=1 addr=175 North Milwaukee Avenue
  no company website
  fill keys: ['address_line', 'city', 'google_maps_url', 'location_precision', 'phone', 'postal_code', 'state_code']
  recommendation updated
  publish: {'entity': 'business', 'action': 'create', 'id': '0c477c95-f6b9-4c0a-ac25-f5924e9cc9f6', 'slug': 'svoi-miracle-medical-supply'}

[7/20] Laima Medical Supply
  svoi: webs=0 phones=1 addr=S Buffalo Grove Rd
  no company website
  fill keys: ['address_line', 'city', 'google_maps_url', 'location_precision', 'phone']
  recommendation updated
  publish: {'entity': 'business', 'action': 'create', 'id': 'a70edf46-2444-437f-918d-21bd03de1267', 'slug': 'svoi-laima-medical-supply'}

[8/20] Apti Inc
  svoi: webs=0 phones=1 addr=307 South Milwaukee Avenue
  no company website
  fill keys: ['address_line', 'city', 'google_maps_url', 'location_precision', 'phone', 'postal_code', 'state_code']
  recommendation updated
  publish: {'entity': 'business', 'action': 'create', 'id': '515d5ba6-f4f3-4d08-85cc-7d4ed3f0e817', 'slug': 'svoi-apti-inc'}

[9/20] Ace Medical Supply LLC
  svoi: webs=0 phones=1 addr=7515 North Milwaukee Avenue
  no company website
  fill keys: ['address_line', 'city', 'google_maps_url', 'location_precision', 'phone', 'postal_code', 'state_code']
  recommendation updated
  publish: {'entity': 'business', 'action': 'create', 'id': '38281799-3b8f-421a-8337-e4b710f9a327', 'slug': 'svoi-ace-medical-supply-llc'}

[10/20] American Best Medical Surgical Supply
  svoi: webs=0 phones=1 addr=6336 North California Avenue
  no company website
  fill keys: ['address_line', 'city', 'google_maps_url', 'location_precision', 'phone', 'postal_code', 'state_code']
  recommendation updated
  publish: {'entity': 'business', 'action': 'create', 'id': 'b26eafcf-e199-4f47-b6bf-fb72afa62f4d', 'slug': 'svoi-american-best-medical-surgical-supply'}

[11/20] AB4U MED SUPPLY-IL
  svoi: webs=0 phones=1 addr=5325 North Sheridan Road
  no company website
  fill keys: ['address_line', 'city', 'google_maps_url', 'location_precision', 'phone', 'postal_code', 'state_code']
  recommendation updated
  publish: {'entity': 'business', 'action': 'create', 'id': '9c84751b-a8b6-4e9c-8363-cdc49482a0a3', 'slug': 'svoi-ab4u-med-supply-il'}

[12/20] Advanced Medical Supply Inc
  svoi: webs=0 phones=4 addr=3322 North Milwaukee Avenue
  no company website
  fill keys: ['address_line', 'city', 'google_maps_url', 'location_precision', 'phone', 'postal_code', 'state_code']
  recommendation updated
  publish: {'entity': 'business', 'action': 'create', 'id': 'e2b68cdf-eaa6-4d15-8182-27daf2e7ddca', 'slug': 'svoi-advanced-medical-supply-inc'}

[13/20] Pearle Vision
  svoi: webs=1 phones=1 addr=464 West Half Day Road
  website keys: ['facebook_url', 'instagram_url']
  fill keys: ['address_line', 'city', 'google_maps_url', 'instagram_url', 'location_precision', 'phone', 'postal_code', 'state_code', 'website']
  recommendation updated
  publish: {'entity': 'business', 'action': 'create', 'id': '11df1cac-0c72-493f-8ae2-e54643581eed', 'slug': 'svoi-pearle-vision'}

[14/20] Marina Roytman OD
  svoi: webs=0 phones=1 addr=1120 West Lake Cook Road
  no company website
  fill keys: ['address_line', 'city', 'google_maps_url', 'location_precision', 'phone', 'postal_code', 'state_code']
  recommendation updated
  publish: {'entity': 'business', 'action': 'create', 'id': '6297a398-451e-4ed2-ae42-36e44fe38718', 'slug': 'svoi-marina-roytman-od'}

[15/20] Eye Q Optique
  svoi: webs=0 phones=1 addr=722 South Buffalo Grove Road
  no company website
  fill keys: ['address_line', 'city', 'google_maps_url', 'location_precision', 'phone', 'postal_code', 'state_code']
  recommendation updated
  publish: {'entity': 'business', 'action': 'create', 'id': '3ff170cc-c5e6-49a6-a0ed-4cceb500bef4', 'slug': 'svoi-eye-q-optique'}

[16/20] Affordable Optical
  svoi: webs=0 phones=1 addr=92 South Milwaukee Avenue
  no company website
  fill keys: ['address_line', 'city', 'google_maps_url', 'location_precision', 'phone', 'postal_code', 'state_code']
  recommendation updated
  publish: {'entity': 'business', 'action': 'create', 'id': 'fa747198-88ed-4bf4-9863-fe04bb42f8d0', 'slug': 'svoi-affordable-optical'}

[17/20] Superior Optical
  svoi: webs=1 phones=3 addr=2723 Pfingsten Road
  website keys: ['description', 'emails', 'opening_hours', 'phones']
  fill keys: ['address_line', 'city', 'email', 'google_maps_url', 'location_precision', 'opening_hours', 'phone', 'postal_code', 'state_code', 'website']
  recommendation updated
  publish: {'entity': 'business', 'action': 'create', 'id': 'e272bea3-48c1-44a5-811a-ee9a9517e378', 'slug': 'svoi-superior-optical'}

[18/20] Dr. Svetlana Tsipurskys, MD
  svoi: webs=0 phones=1 addr=2640 Golf Road
  no company website
  fill keys: ['address_line', 'city', 'google_maps_url', 'location_precision', 'phone', 'state_code']
  recommendation updated
  publish: {'entity': 'professional', 'action': 'create', 'id': 'c5c70aa9-7bf1-49bd-ab3d-1c326c5f9120', 'slug': 'svoi-dr-svetlana-tsipurskys-md'}

[19/20] Leo Ayzenberg, M.D. Ophtalmology Practice
  svoi: webs=0 phones=1 addr=4145 W. Peterson Ave
  no company website
  fill keys: ['address_line', 'city', 'google_maps_url', 'location_precision', 'phone', 'postal_code', 'state_code']
  recommendation updated
  publish: {'entity': 'business', 'action': 'create', 'id': '9426a9cb-6680-47c7-a364-26b329161737', 'slug': 'svoi-leo-ayzenberg-m-d-ophtalmology-practice'}

[20/20] Dr. Tatjana Pavlovic
  svoi: webs=0 phones=1 addr=2719 West Peterson Avenue
  no company website
  fill keys: ['address_line', 'city', 'google_maps_url', 'location_precision', 'phone', 'postal_code', 'state_code']
  recommendation updated
  publish: {'entity': 'professional', 'action': 'create', 'id': 'bd985bc1-461e-47a2-b38d-c9aa0f24e5d2', 'slug': 'svoi-dr-tatjana-pavlovic'}

Done. enriched=20 with_address=20 published=20 report=/Users/sammov/Russian business AI/scripts/business-enrich/data/svoi_enrich/batch_20260727T022038Z.json
Last targets=20 exit=0

===== ROUND 23 2026-07-27T02:20:41Z =====
targets=20 dry_run=False publish=True places=True publish_enriched=False

[1/20] Contacts and Specs
  svoi: webs=0 phones=1 addr=3123 North Broadway
  no company website
  places: error
  places quota exhausted — continuing without Places
  fill keys: ['address_line', 'city', 'google_maps_url', 'location_precision', 'phone', 'postal_code', 'state_code']
  recommendation updated
  publish: {'entity': 'business', 'action': 'create', 'id': '4c1549c0-2fc9-4c04-9cc7-120556d80754', 'slug': 'svoi-contacts-and-specs'}

[2/20] O P Eyecare Inc
  svoi: webs=0 phones=1 addr=815 West Van Buren Street
  no company website
  fill keys: ['address_line', 'city', 'google_maps_url', 'location_precision', 'phone']
  recommendation updated
  publish: {'entity': 'business', 'action': 'create', 'id': '31e929aa-eaec-4f0e-ac87-ec82d0b98ea5', 'slug': 'svoi-o-p-eyecare-inc'}

[3/20] LensCrafters
  svoi: webs=0 phones=1 addr=225 North Michigan Avenue
  no company website
  fill keys: ['address_line', 'city', 'google_maps_url', 'location_precision', 'phone', 'postal_code', 'state_code']
  recommendation updated
  publish: {'entity': 'business', 'action': 'create', 'id': 'ab97471a-c5de-457e-8b32-f5d1bc83d4a3', 'slug': 'svoi-lenscrafters'}

[4/20] James L. Sementilli, OD
  svoi: webs=0 phones=1 addr=205 North Michigan Avenue
  no company website
  fill keys: ['address_line', 'city', 'google_maps_url', 'location_precision', 'phone', 'postal_code', 'state_code']
  recommendation updated
  publish: {'entity': 'business', 'action': 'create', 'id': '6fccf37f-9ebc-45b7-9866-a65776572814', 'slug': 'svoi-james-l-sementilli-od'}

[5/20] Dr. William Lissner, MD
  svoi: webs=0 phones=1 addr=25 East Washington Street
  no company website
  fill keys: ['address_line', 'city', 'google_maps_url', 'location_precision', 'phone', 'postal_code', 'state_code']
  recommendation updated
  publish: {'entity': 'professional', 'action': 'create', 'id': 'f95efbe0-779a-4310-b919-05f3a828705a', 'slug': 'svoi-dr-william-lissner-md'}

[6/20] Illinois Retina Assoc
  svoi: webs=1 phones=4 addr=25 East Washington Street
  website keys: ['address_line', 'city', 'description', 'facebook_url', 'instagram_url', 'opening_hours', 'postal_code', 'state_code']
  fill keys: ['address_line', 'city', 'google_maps_url', 'instagram_url', 'location_precision', 'opening_hours', 'phone', 'postal_code', 'state_code', 'website']
  recommendation updated
  publish: {'entity': 'business', 'action': 'create', 'id': '6dcabc59-441a-4a5d-a3b3-49d9a17faaec', 'slug': 'svoi-illinois-retina-assoc'}

[7/20] Dina Kaner, M.D.
  svoi: webs=0 phones=1 addr=3385 N. Arlington Heights Rd
  no company website
  fill keys: ['address_line', 'city', 'google_maps_url', 'location_precision', 'phone', 'postal_code', 'state_code']
  recommendation updated
  publish: {'entity': 'professional', 'action': 'create', 'id': 'e550b576-d913-4812-8b8c-0820a811ded4', 'slug': 'svoi-dina-kaner-m-d'}

[8/20] Dr. Dina Kaner, MD
  svoi: webs=1 phones=1 addr=3385 North Arlington Heights Road
  website error: <urlopen error [Errno 8] nodename nor servname provided, or not known>
  fill keys: ['address_line', 'city', 'google_maps_url', 'location_precision', 'phone', 'postal_code', 'state_code', 'website']
  recommendation updated
  publish: {'entity': 'professional', 'action': 'create', 'id': '32a5d642-fd5c-48f4-bf03-2eaf42be12ea', 'slug': 'svoi-dr-dina-kaner-md'}

[9/20] Advocate Medical Group: Bayer-Kuznetso Victor MD
  svoi: webs=0 phones=1 addr=9301 West Golf Road
  no company website
  fill keys: ['address_line', 'city', 'google_maps_url', 'location_precision', 'phone', 'postal_code', 'state_code']
  recommendation updated
  publish: {'entity': 'professional', 'action': 'create', 'id': 'c14ba0ae-d28e-4d34-ba3b-5012f7b37b06', 'slug': 'svoi-advocate-medical-group-bayer-kuznetso-victor-md'}

[10/20] Д-р Татьяна Сколин MD
  svoi: webs=0 phones=1 addr=1803 Glenview Road
  no company website
  fill keys: ['address_line', 'city', 'google_maps_url', 'location_precision', 'phone', 'postal_code', 'state_code']
  recommendation updated
  publish: {'entity': 'professional', 'action': 'create', 'id': '78f88462-3028-4c10-97bd-4879dabfb4d8', 'slug': 'svoi-md-2'}

[11/20] Dr. Natalya Vernovsky MD
  svoi: webs=0 phones=1 addr=240 Waukegan Rd
  no company website
  fill keys: ['address_line', 'city', 'google_maps_url', 'location_precision', 'phone']
  recommendation updated
  publish: {'entity': 'professional', 'action': 'create', 'id': 'd15587ba-cb9e-446e-83b1-a1bc6e708cbd', 'slug': 'svoi-dr-natalya-vernovsky-md'}

[12/20] Dr. Tatyana Kagan MD
  svoi: webs=0 phones=1 addr=9933 Lawler Avenue
  no company website
  fill keys: ['address_line', 'city', 'google_maps_url', 'location_precision', 'phone', 'postal_code', 'state_code']
  recommendation updated
  publish: {'entity': 'professional', 'action': 'create', 'id': '76d3c8c9-9983-4887-9b07-70e50bf4765f', 'slug': 'svoi-dr-tatyana-kagan-md'}

[13/20] West Suburban Pediatric Associates
  svoi: webs=0 phones=1 addr=947 South Mannheim Road
  no company website
  fill keys: ['address_line', 'city', 'google_maps_url', 'location_precision', 'phone', 'postal_code', 'state_code']
  recommendation updated
  publish: {'entity': 'business', 'action': 'create', 'id': 'ff1b312c-1fbb-44b4-b6e5-c2cb061bdbba', 'slug': 'svoi-west-suburban-pediatric-associates'}

[14/20] Dr. Lia A Arber MD
  svoi: webs=0 phones=4 addr=7447 West Talcott Avenue
  no company website
  fill keys: ['address_line', 'city', 'google_maps_url', 'location_precision', 'phone', 'state_code']
  recommendation updated
  publish: {'entity': 'professional', 'action': 'create', 'id': '47600e1a-686e-4f66-b1d0-0f4638f5ffdf', 'slug': 'svoi-dr-lia-a-arber-md'}

[15/20] Meest Karpaty
  svoi: webs=0 phones=1 addr=761 South Benton Street
  no company website
  fill keys: ['address_line', 'city', 'google_maps_url', 'location_precision', 'phone', 'postal_code', 'state_code']
  recommendation updated
  publish: {'entity': 'business', 'action': 'create', 'id': '7e6a7e61-a339-4309-bbae-72c4040a0e40', 'slug': 'svoi-meest-karpaty'}

[16/20] Kalina Corporation
  svoi: webs=0 phones=1 addr=338 South Rohlwing Road
  no company website
  fill keys: ['address_line', 'city', 'google_maps_url', 'location_precision', 'phone', 'postal_code', 'state_code']
  recommendation updated
  publish: {'entity': 'business', 'action': 'create', 'id': 'f33799b4-b8a8-421b-afea-8ab09fd5faee', 'slug': 'svoi-kalina-corporation'}

[17/20] Eastern Express Восточный Экспресс
  svoi: webs=0 phones=1 addr=271 East Dundee Road
  no company website
  fill keys: ['address_line', 'city', 'google_maps_url', 'location_precision', 'phone', 'state_code']
  recommendation updated
  publish: {'entity': 'business', 'action': 'create', 'id': 'f865ad03-6ee7-4bc1-a5ed-fb9cdb177c58', 'slug': 'svoi-eastern-express'}

[18/20] Meest Chicago Shipping LLC
  svoi: webs=0 phones=1 addr=820 North Ridge Avenue
  no company website
  fill keys: ['address_line', 'city', 'google_maps_url', 'location_precision', 'phone', 'state_code']
  recommendation updated
  publish: {'entity': 'business', 'action': 'create', 'id': '46bd59f9-eaed-4f64-93b8-acaac1082f1c', 'slug': 'svoi-meest-chicago-shipping-llc'}

[19/20] Meest Chicag
  svoi: webs=1 phones=1 addr=820 Ridge Ave
  website keys: []
  fill keys: ['address_line', 'city', 'google_maps_url', 'location_precision', 'phone', 'postal_code', 'state_code', 'website']
  recommendation updated
  publish: {'entity': 'business', 'action': 'create', 'id': '77537606-59b1-40c2-b736-1e91d6164a64', 'slug': 'svoi-meest-chicag'}

[20/20] US AUTO SHIPPING
  svoi: webs=0 phones=5 addr=72nd st 15w754
  no company website
  fill keys: ['address_line', 'city', 'google_maps_url', 'location_precision', 'phone', 'postal_code', 'state_code']
  recommendation updated
  publish: {'entity': 'business', 'action': 'create', 'id': 'db1a5c1e-1659-4a72-855b-9977b8f05e6c', 'slug': 'svoi-us-auto-shipping'}

Done. enriched=20 with_address=20 published=20 report=/Users/sammov/Russian business AI/scripts/business-enrich/data/svoi_enrich/batch_20260727T022139Z.json
Last targets=20 exit=0

===== ROUND 24 2026-07-27T02:21:43Z =====
targets=20 dry_run=False publish=True places=True publish_enriched=False

[1/20] Atlantic Express
  svoi: webs=0 phones=4 addr=8801 S. 78 Avenue
  no company website
  places: error
  places quota exhausted — continuing without Places
  fill keys: ['address_line', 'city', 'google_maps_url', 'location_precision', 'phone', 'postal_code', 'state_code']
  recommendation updated
  publish: {'entity': 'business', 'action': 'create', 'id': 'c024939f-ab4e-48d5-860b-c09b619281bc', 'slug': 'svoi-atlantic-express'}

[2/20] Компанія Чайка / Chaika Company
  svoi: webs=0 phones=1 addr=5736 West Belmont Avenue
  no company website
  fill keys: ['address_line', 'city', 'google_maps_url', 'location_precision', 'phone', 'postal_code', 'state_code']
  recommendation updated
  publish: {'entity': 'business', 'action': 'create', 'id': '67b713c7-053a-475e-a3a3-d187b8e440d5', 'slug': 'svoi-chaika-company'}

[3/20] Chaika Inc.
  svoi: webs=0 phones=1 addr=2319 W Chicago Ave
  no company website
  fill keys: ['address_line', 'city', 'google_maps_url', 'location_precision', 'phone', 'postal_code', 'state_code']
  recommendation updated
  publish: {'entity': 'business', 'action': 'create', 'id': 'a09c4081-6646-4e5e-aafd-141bb3bf8a92', 'slug': 'svoi-chaika-inc'}

[4/20] Meest - Chicago
  svoi: webs=0 phones=4 addr=2235 West Chicago Avenue
  no company website
  fill keys: ['address_line', 'city', 'google_maps_url', 'location_precision', 'phone', 'state_code']
  recommendation updated
  publish: {'entity': 'business', 'action': 'create', 'id': 'aa593ec5-3660-4517-a0a2-c27dc7a69785', 'slug': 'svoi-meest-chicago'}

[5/20] Z Fine Jewelry and Art
  svoi: webs=0 phones=1 addr=511 Hawthorn Center
  no company website
  fill keys: ['address_line', 'city', 'google_maps_url', 'location_precision', 'phone', 'postal_code', 'state_code']
  recommendation updated
  publish: {'entity': 'business', 'action': 'create', 'id': '16a26ee8-fe6b-4f42-a6f3-74eac1c0ec67', 'slug': 'svoi-z-fine-jewelry-and-art'}

[6/20] Alkota Russian Treasures Inc.
  svoi: webs=0 phones=3 addr=212 E. Scranton Avenue
  no company website
  fill keys: ['address_line', 'city', 'google_maps_url', 'location_precision', 'phone', 'postal_code', 'state_code']
  recommendation updated
  publish: {'entity': 'business', 'action': 'create', 'id': '5073f3d4-cdfd-47a8-8058-c22ac7e123f1', 'slug': 'svoi-alkota-russian-treasures-inc'}

[7/20] DorTrak Inc.
  svoi: webs=0 phones=1 addr=Lincoln Avenue 27W570
  no company website
  fill keys: ['address_line', 'city', 'google_maps_url', 'location_precision', 'phone', 'postal_code', 'state_code']
  recommendation updated
  publish: {'entity': 'business', 'action': 'create', 'id': '6b3a0ba7-4704-4b99-b620-f296bf7f9e08', 'slug': 'svoi-dortrak-inc'}

[8/20] IDS Interior Design Studio
  svoi: webs=0 phones=1 addr=2170 Plum Grove Road
  no company website
  fill keys: ['address_line', 'city', 'google_maps_url', 'location_precision', 'phone', 'postal_code', 'state_code']
  recommendation updated
  publish: {'entity': 'business', 'action': 'create', 'id': 'e15f766b-710d-4239-9b71-bc6a51bed494', 'slug': 'svoi-ids-interior-design-studio'}

[9/20] Al and Al Flowers
  svoi: webs=0 phones=1 addr=400 West Dundee Road
  no company website
  fill keys: ['address_line', 'city', 'google_maps_url', 'location_precision', 'phone', 'postal_code', 'state_code']
  recommendation updated
  publish: {'entity': 'business', 'action': 'create', 'id': 'f400489c-f070-4826-b1c0-0ec42211392d', 'slug': 'svoi-al-and-al-flowers'}

[10/20] Flower 21
  svoi: webs=0 phones=1 addr=1145 North Milwaukee Avenue
  no company website
  fill keys: ['address_line', 'city', 'google_maps_url', 'location_precision', 'phone', 'postal_code', 'state_code']
  recommendation updated
  publish: {'entity': 'business', 'action': 'create', 'id': 'c4ef903e-2627-4c02-960c-831b39d3a2e4', 'slug': 'svoi-flower-21'}

[11/20] Yanni Design Studio
  svoi: webs=0 phones=2 addr=500 Quail Hollow Drive
  no company website
  fill keys: ['address_line', 'city', 'google_maps_url', 'location_precision', 'phone', 'postal_code', 'state_code']
  recommendation updated
  publish: {'entity': 'business', 'action': 'create', 'id': '3fa786fc-7b16-41eb-9015-a4672c6280bd', 'slug': 'svoi-yanni-design-studio'}

[12/20] Russian Shop-Maison Russe
  svoi: webs=0 phones=1 addr=1720 Ogden Avenue
  no company website
  fill keys: ['address_line', 'city', 'google_maps_url', 'location_precision', 'phone', 'postal_code', 'state_code']
  recommendation updated
  publish: {'entity': 'business', 'action': 'create', 'id': '588de0f6-d6b0-4c50-b83e-8453deee1805', 'slug': 'svoi-russian-shop-maison-russe'}

[13/20] Zlata
  svoi: webs=0 phones=1 addr=822 Dawes Avenue
  no company website
  fill keys: ['address_line', 'city', 'google_maps_url', 'location_precision', 'phone', 'postal_code', 'state_code']
  recommendation updated
  publish: {'entity': 'business', 'action': 'create', 'id': '88931158-4fe0-45cf-89ae-2eee57158b72', 'slug': 'svoi-zlata'}

[14/20] C.D.Peacock
  svoi: webs=1 phones=1 addr=140 Woodfield Mall
  website keys: ['description', 'facebook_url', 'instagram_url', 'opening_hours', 'phones']
  fill keys: ['address_line', 'city', 'google_maps_url', 'instagram_url', 'location_precision', 'opening_hours', 'phone', 'state_code', 'website']
  recommendation updated
  publish: {'entity': 'business', 'action': 'create', 'id': '7d4f0120-66af-44d8-94a4-fdfd40728782', 'slug': 'svoi-c-d-peacock'}

[15/20] CITY OF JOY Skokie
  svoi: webs=0 phones=2 addr=S.Milwaukee
  weak address skipped: S.Milwaukee
  no company website
  fill keys: ['city', 'google_maps_url', 'phone']
  recommendation updated
  skip publish (entity=business, street=False)

[16/20] Di Moda Jewelers
  svoi: webs=0 phones=1 addr=337 East Dundee Road
  no company website
  fill keys: ['address_line', 'city', 'google_maps_url', 'location_precision', 'phone', 'postal_code', 'state_code']
  recommendation updated
  publish: {'entity': 'business', 'action': 'create', 'id': '6b3a3523-9e54-4757-9a41-ee4f8ef3410a', 'slug': 'svoi-di-moda-jewelers'}

[17/20] A Zodiac Flowers Gifts
  svoi: webs=0 phones=1 addr=600 Central Avenue
  no company website
  fill keys: ['address_line', 'city', 'google_maps_url', 'location_precision', 'phone', 'postal_code', 'state_code']
  recommendation updated
  publish: {'entity': 'business', 'action': 'create', 'id': '27dec52a-ba4b-4b91-972e-9536676bb182', 'slug': 'svoi-a-zodiac-flowers-gifts'}

[18/20] Lana's Flowers
  svoi: webs=0 phones=1 addr=9208 Waukegan Road
  no company website
  fill keys: ['address_line', 'city', 'google_maps_url', 'location_precision', 'phone', 'postal_code', 'state_code']
  recommendation updated
  publish: {'entity': 'business', 'action': 'create', 'id': '4ee527f4-25fd-4734-9c28-c073e7f31afa', 'slug': 'svoi-lana-s-flowers'}

[19/20] Anthony Fur Studio
  svoi: webs=0 phones=3 addr=7900 N. Milwaukee Ave
  no company website
  fill keys: ['address_line', 'city', 'google_maps_url', 'location_precision', 'phone', 'postal_code', 'state_code']
  recommendation updated
  publish: {'entity': 'business', 'action': 'create', 'id': '7e66a832-fc54-46e8-bca3-38b027db0b37', 'slug': 'svoi-anthony-fur-studio'}

[20/20] TRAEGER FURS
  svoi: webs=0 phones=1 addr=7841 Lincoln Ave
  no company website
  fill keys: ['address_line', 'city', 'google_maps_url', 'location_precision', 'phone', 'postal_code', 'state_code']
  recommendation updated
  publish: {'entity': 'business', 'action': 'create', 'id': 'df5db673-365b-4b7e-89fd-8b06560d288c', 'slug': 'svoi-traeger-furs'}

Done. enriched=20 with_address=19 published=19 report=/Users/sammov/Russian business AI/scripts/business-enrich/data/svoi_enrich/batch_20260727T022245Z.json
Last targets=20 exit=0

===== ROUND 25 2026-07-27T02:22:48Z =====
targets=20 dry_run=False publish=True places=True publish_enriched=False

[1/20] Michaels Green Store
  svoi: webs=0 phones=1 addr=2957 West Devon Avenue
  no company website
  places: error
  places quota exhausted — continuing without Places
  fill keys: ['address_line', 'city', 'google_maps_url', 'location_precision', 'phone', 'postal_code', 'state_code']
  recommendation updated
  publish: {'entity': 'business', 'action': 'create', 'id': 'd1ea27f7-40c6-4691-af89-c4ed1d2c146b', 'slug': 'svoi-michaels-green-store'}

[2/20] Hahn Liquors Inc
  svoi: webs=0 phones=2 addr=1410 West Devon Avenue
  no company website
  fill keys: ['address_line', 'city', 'google_maps_url', 'location_precision', 'phone', 'state_code']
  recommendation updated
  publish: {'entity': 'business', 'action': 'create', 'id': '685d9b32-1434-449e-842e-f6e7017b5ad4', 'slug': 'svoi-hahn-liquors-inc'}

[3/20] Hanson Liquors
  svoi: webs=0 phones=2 addr=5834 West Fullerton Avenue
  no company website
  fill keys: ['address_line', 'city', 'google_maps_url', 'location_precision', 'phone', 'state_code']
  recommendation updated
  publish: {'entity': 'business', 'action': 'create', 'id': '9dbf619f-77cc-4a5a-ad79-fe0559ea0a39', 'slug': 'svoi-hanson-liquors'}

[4/20] Star Distributors Inc
  svoi: webs=0 phones=4 addr=3500 North Milwaukee Avenue
  no company website
  fill keys: ['address_line', 'city', 'google_maps_url', 'location_precision', 'phone', 'postal_code', 'state_code']
  recommendation updated
  publish: {'entity': 'business', 'action': 'create', 'id': '6ee41182-d626-4107-9786-1583403b4f82', 'slug': 'svoi-star-distributors-inc'}

[5/20] Remodelers Supply Center
  svoi: webs=0 phones=1 addr=2500 North Pulaski Road
  no company website
  fill keys: ['address_line', 'city', 'google_maps_url', 'location_precision', 'phone', 'postal_code', 'state_code']
  recommendation updated
  publish: {'entity': 'business', 'action': 'create', 'id': 'e2a66eb8-7b7e-47da-a382-ff05bfa51916', 'slug': 'svoi-remodelers-supply-center'}

[6/20] Andy’s Furniture
  svoi: webs=0 phones=1 addr=2870 North Milwaukee Avenue
  no company website
  fill keys: ['address_line', 'city', 'google_maps_url', 'location_precision', 'phone', 'postal_code', 'state_code']
  recommendation updated
  publish: {'entity': 'business', 'action': 'create', 'id': '2a4e3295-a40b-4505-8524-cac9c457e5e0', 'slug': 'svoi-andy-s-furniture'}

[7/20] Mila Design Special Florist
  svoi: webs=0 phones=1 addr=2325 West Huron Street
  no company website
  fill keys: ['address_line', 'city', 'google_maps_url', 'location_precision', 'phone', 'postal_code', 'state_code']
  recommendation updated
  publish: {'entity': 'business', 'action': 'create', 'id': '7dcd9a73-44ca-4c5a-9b5e-6b9caf860485', 'slug': 'svoi-mila-design-special-florist'}

[8/20] Delta Import Co.
  svoi: webs=0 phones=1 addr=2242 West Chicago Avenue
  no company website
  fill keys: ['address_line', 'city', 'google_maps_url', 'location_precision', 'phone', 'state_code']
  recommendation updated
  publish: {'entity': 'business', 'action': 'create', 'id': '6dfb3047-410b-4c34-a520-4c172b88c160', 'slug': 'svoi-delta-import-co'}

[9/20] Groove-Union Media Corp.
  svoi: webs=0 phones=4 addr=Chicago
  weak address skipped: Chicago
  no company website
  fill keys: ['city', 'google_maps_url', 'phone']
  recommendation updated
  skip publish (entity=business, street=False)

[10/20] Dr. Alexander Golbin, MD
  svoi: webs=0 phones=1 addr=565 Lakeview Parkway
  no company website
  fill keys: ['address_line', 'city', 'google_maps_url', 'location_precision', 'phone', 'postal_code', 'state_code']
  recommendation updated
  publish: {'entity': 'professional', 'action': 'create', 'id': '8edd4ad0-ab38-4029-bfa3-0c7740531e05', 'slug': 'svoi-dr-alexander-golbin-md'}

[11/20] Marina Didenko, LCSW, P.C.
  svoi: webs=0 phones=1 addr=1699 Wall Street
  no company website
  fill keys: ['address_line', 'city', 'google_maps_url', 'location_precision', 'phone', 'postal_code', 'state_code']
  recommendation updated
  publish: {'entity': 'business', 'action': 'create', 'id': 'a645cc2c-5972-4369-a9ca-2b14c77af71e', 'slug': 'svoi-marina-didenko-lcsw-p-c'}

[12/20] Lifeline Counseling Center
  svoi: webs=0 phones=1 addr=333 Waukegan Road
  no company website
  fill keys: ['address_line', 'city', 'google_maps_url', 'location_precision', 'phone', 'postal_code', 'state_code']
  recommendation updated
  publish: {'entity': 'business', 'action': 'create', 'id': 'c213d9cf-ef6e-48e7-805c-f87e3db0eabf', 'slug': 'svoi-lifeline-counseling-center'}

[13/20] Associates in Psychiatric Wellness, LP - Mark Shukhman, MD
  svoi: webs=0 phones=5 addr=4711 Golf Rd #1200
  no company website
  fill keys: ['address_line', 'city', 'google_maps_url', 'location_precision', 'phone', 'postal_code', 'state_code']
  recommendation updated
  publish: {'entity': 'professional', 'action': 'create', 'id': '6c438bd9-cff8-4690-a104-9094826fdc63', 'slug': 'svoi-associates-in-psychiatric-wellness-lp-mark-shukh'}

[14/20] AUTOPOINT
  svoi: webs=0 phones=1 addr=2314 North Rand Road
  no company website
  fill keys: ['address_line', 'city', 'google_maps_url', 'location_precision', 'phone', 'state_code']
  recommendation updated
  publish: {'entity': 'business', 'action': 'create', 'id': '40183bc8-8985-455e-a74d-31d31a930814', 'slug': 'svoi-autopoint'}

[15/20] Albo Auto Body and Sales
  svoi: webs=0 phones=1 addr=505 West Colfax Street
  no company website
  fill keys: ['address_line', 'city', 'google_maps_url', 'location_precision', 'phone', 'postal_code', 'state_code']
  recommendation updated
  publish: {'entity': 'business', 'action': 'create', 'id': '1f837232-6a7b-466a-8530-4d69be725648', 'slug': 'svoi-albo-auto-body-and-sales'}

[16/20] Foran Financial, Inc.
  svoi: webs=0 phones=1 addr=Wheeling
  weak address skipped: Wheeling
  no company website
  fill keys: ['city', 'google_maps_url', 'phone']
  recommendation updated
  skip publish (entity=business, street=False)

[17/20] Windsor Mobil
  svoi: webs=0 phones=2 addr=1315 East Palatine Road
  no company website
  fill keys: ['address_line', 'city', 'google_maps_url', 'location_precision', 'phone', 'postal_code', 'state_code']
  recommendation updated
  publish: {'entity': 'business', 'action': 'create', 'id': 'e9413b57-c47b-47c6-938e-dc2163edda6d', 'slug': 'svoi-windsor-mobil'}

[18/20] HI-TECH
  svoi: webs=0 phones=1 addr=890 South Milwaukee Avenue
  no company website
  fill keys: ['address_line', 'city', 'google_maps_url', 'location_precision', 'phone', 'state_code']
  recommendation updated
  publish: {'entity': 'business', 'action': 'create', 'id': 'c8013229-5978-45e3-a25a-b2bcf4680d3b', 'slug': 'svoi-hi-tech'}

[19/20] AMERICAN GROUP SERVICES, Inc.
  svoi: webs=0 phones=1 addr=419 West Touhy Avenue
  no company website
  fill keys: ['address_line', 'city', 'google_maps_url', 'location_precision', 'phone', 'state_code']
  recommendation updated
  publish: {'entity': 'business', 'action': 'create', 'id': 'b231ec2f-e69f-4b27-93c0-33b5feebe162', 'slug': 'svoi-american-group-services-inc'}

[20/20] Golf Mill Auto Center
  svoi: webs=0 phones=1 addr=9600 North Milwaukee Avenue
  no company website
  fill keys: ['address_line', 'city', 'google_maps_url', 'location_precision', 'phone', 'postal_code', 'state_code']
  recommendation updated
  publish: {'entity': 'business', 'action': 'create', 'id': '27ca6bb2-44b0-450c-b106-7d84527d0722', 'slug': 'svoi-golf-mill-auto-center'}

Done. enriched=20 with_address=18 published=18 report=/Users/sammov/Russian business AI/scripts/business-enrich/data/svoi_enrich/batch_20260727T022344Z.json
Last targets=20 exit=0

===== ROUND 26 2026-07-27T02:23:47Z =====
targets=20 dry_run=False publish=True places=True publish_enriched=False

[1/20] Auto Repair With Steve
  svoi: webs=0 phones=1 addr=1131 Waukegan Road
  no company website
  places: error
  places quota exhausted — continuing without Places
  fill keys: ['address_line', 'city', 'google_maps_url', 'location_precision', 'phone']
  recommendation updated
  publish: {'entity': 'business', 'action': 'create', 'id': '96b336c7-f33e-4279-b4d8-86c6ea5feee4', 'slug': 'svoi-auto-repair-with-steve'}

[2/20] Magic Touch Paintless Dent Repair
  svoi: webs=0 phones=2 addr=Glenview
  weak address skipped: Glenview
  no company website
  fill keys: ['city', 'google_maps_url', 'phone']
  recommendation updated
  skip publish (entity=business, street=False)

[3/20] Merlin Muffler & Brake
  svoi: webs=1 phones=2 addr=6108 West Dempster Street
  website keys: ['facebook_url', 'instagram_url']
  fill keys: ['address_line', 'city', 'google_maps_url', 'instagram_url', 'location_precision', 'phone', 'website']
  recommendation updated
  publish: {'entity': 'business', 'action': 'create', 'id': '5f960740-c416-486f-8a07-4012e920ef0a', 'slug': 'svoi-merlin-muffler-brake'}

[4/20] Duxler Complete Auto Care
  svoi: webs=0 phones=1 addr=2620 Green Bay Road
  no company website
  fill keys: ['address_line', 'city', 'google_maps_url', 'location_precision', 'phone', 'postal_code', 'state_code']
  recommendation updated
  publish: {'entity': 'business', 'action': 'create', 'id': 'e479a506-912e-4977-bce4-63c1cec98f90', 'slug': 'svoi-duxler-complete-auto-care'}

[5/20] 3C Automotive and Repair
  svoi: webs=1 phones=3 addr=8256 Lincoln Avenue
  website keys: ['emails', 'facebook_url', 'phones']
  fill keys: ['address_line', 'city', 'email', 'google_maps_url', 'location_precision', 'phone', 'postal_code', 'state_code', 'website']
  recommendation updated
  publish: {'entity': 'business', 'action': 'create', 'id': 'f2d3b1cf-167d-47f3-b2ff-c6920dfe48dc', 'slug': 'svoi-3c-automotive-and-repair'}

[6/20] Accurate Auto Repair
  svoi: webs=0 phones=1 addr=7890 Lincoln Avenue
  no company website
  fill keys: ['address_line', 'city', 'google_maps_url', 'location_precision', 'phone']
  recommendation updated
  publish: {'entity': 'business', 'action': 'create', 'id': '3f08f957-5232-4b90-9b6d-e54739f5517e', 'slug': 'svoi-accurate-auto-repair'}

[7/20] Bee-Zee Body Shop
  svoi: webs=0 phones=1 addr=Skoki
  weak address skipped: Skoki
  no company website
  fill keys: ['city', 'google_maps_url', 'phone']
  recommendation updated
  skip publish (entity=business, street=False)

[8/20] Lincolnwood Auto Body Customizing & Collision
  svoi: webs=1 phones=3 addr=Central Park Ave. 7334 N.
  website keys: ['description', 'phones']
  fill keys: ['address_line', 'city', 'google_maps_url', 'location_precision', 'phone', 'postal_code', 'state_code', 'website']
  recommendation updated
  publish: {'entity': 'business', 'action': 'create', 'id': '52939b36-db19-405f-af1c-df8c8058a730', 'slug': 'svoi-lincolnwood-auto-body-customizing-collision'}

[9/20] North Auto Clinic
  svoi: webs=0 phones=2 addr=1211 Howard Street
  no company website
  fill keys: ['address_line', 'city', 'google_maps_url', 'location_precision', 'phone', 'state_code']
  recommendation updated
  publish: {'entity': 'business', 'action': 'create', 'id': '0423663b-7be0-48f4-a83c-cdbf3f199010', 'slug': 'svoi-north-auto-clinic'}

[10/20] Howard & Bell Auto Center Copmlete Auto Body Shop
  svoi: webs=0 phones=1 addr=2255 West Howard Street
  no company website
  fill keys: ['address_line', 'city', 'google_maps_url', 'location_precision', 'phone', 'state_code']
  recommendation updated
  publish: {'entity': 'business', 'action': 'create', 'id': '00c67a0f-6759-4b3e-9f4e-18f6aa9c0b81', 'slug': 'svoi-howard-bell-auto-center-copmlete-auto-body-shop'}

[11/20] ARCADIA AUTO REPAIR
  svoi: webs=0 phones=1 addr=5655 West Grand Avenue
  no company website
  fill keys: ['address_line', 'city', 'google_maps_url', 'location_precision', 'phone', 'postal_code', 'state_code']
  recommendation updated
  publish: {'entity': 'business', 'action': 'create', 'id': '63d7ce4a-544a-4443-a360-ff84bc3b08fe', 'slug': 'svoi-arcadia-auto-repair'}

[12/20] Advance Auto Center
  svoi: webs=1 phones=1 addr=3433 North Pulaski Road
  website error: <urlopen error [Errno 8] nodename nor servname provided, or not known>
  fill keys: ['address_line', 'city', 'google_maps_url', 'location_precision', 'phone', 'postal_code', 'state_code', 'website']
  recommendation updated
  publish: {'entity': 'business', 'action': 'create', 'id': 'ed4e2305-88be-4385-a133-28febcf04ad1', 'slug': 'svoi-advance-auto-center'}

[13/20] AA Tempo Auto
  svoi: webs=0 phones=4 addr=3431 North Pulaski Road
  no company website
  fill keys: ['address_line', 'city', 'google_maps_url', 'location_precision', 'phone']
  recommendation updated
  publish: {'entity': 'business', 'action': 'create', 'id': 'bcdbbc94-132b-4ad5-ba28-76f8851d2f82', 'slug': 'svoi-aa-tempo-auto'}

[14/20] Harolds Radiator and Air Service
  svoi: webs=0 phones=1 addr=2015 N Cicero Ave
  no company website
  fill keys: ['address_line', 'city', 'google_maps_url', 'location_precision', 'phone', 'postal_code', 'state_code']
  recommendation updated
  publish: {'entity': 'business', 'action': 'create', 'id': 'eb6d8184-d300-4f76-b9b9-3818392b504c', 'slug': 'svoi-harolds-radiator-and-air-service'}

[15/20] Luxury Rides
  svoi: webs=1 phones=4 addr=Chicago
  weak address skipped: Chicago
  website error: <urlopen error [SSL: CERTIFICATE_VERIFY_FAILED] certificate verify failed: self signed certificate (_ssl.c:1129)>
  fill keys: ['city', 'google_maps_url', 'phone', 'website']
  recommendation updated
  skip publish (entity=business, street=False)

[16/20] Здоровая домашняя кухня
  svoi: webs=0 phones=1 addr=Vernon Hills
  weak address skipped: Vernon Hills
  no company website
  fill keys: ['city', 'google_maps_url', 'phone']
  recommendation updated
  skip publish (entity=business, street=False)

[17/20] Astoria Exquisite Banquets
  svoi: webs=0 phones=1 addr=1375 West Dundee Road
  no company website
  fill keys: ['address_line', 'city', 'google_maps_url', 'location_precision', 'phone', 'state_code']
  recommendation updated
  publish: {'entity': 'business', 'action': 'create', 'id': 'd138c7d3-4138-4302-ad06-4a9ba9d65d9b', 'slug': 'svoi-astoria-exquisite-banquets'}

[18/20] Ресторан Версаль (Versailles Restaurant)
  svoi: webs=0 phones=1 addr=100 West Dundee Road
  no company website
  fill keys: ['address_line', 'city', 'google_maps_url', 'location_precision', 'phone', 'state_code']
  recommendation updated
  publish: {'entity': 'business', 'action': 'create', 'id': '992e5e52-54a7-4bbb-9cfa-761bd0fe1e96', 'slug': 'svoi-versailles-restaurant'}

[19/20] Pavilion Restaurant and Bar
  svoi: webs=0 phones=1 addr=100 McHenry Road
  no company website
  fill keys: ['address_line', 'city', 'google_maps_url', 'location_precision', 'phone', 'postal_code', 'state_code']
  recommendation updated
  publish: {'entity': 'business', 'action': 'create', 'id': 'ffe2e2e5-123c-4445-befc-6a76ad1fb3b0', 'slug': 'svoi-pavilion-restaurant-and-bar'}

[20/20] Versailles
  svoi: webs=0 phones=1 addr=100 McHenry Road
  no company website
  fill keys: ['address_line', 'city', 'google_maps_url', 'location_precision', 'phone', 'postal_code', 'state_code']
  recommendation updated
  publish: {'entity': 'business', 'action': 'create', 'id': 'c99ce085-7eac-437d-aa97-b72069b9c039', 'slug': 'svoi-versailles'}

Done. enriched=20 with_address=16 published=16 report=/Users/sammov/Russian business AI/scripts/business-enrich/data/svoi_enrich/batch_20260727T022447Z.json
Last targets=20 exit=0

===== ROUND 27 2026-07-27T02:24:50Z =====
targets=20 dry_run=False publish=True places=True publish_enriched=False

[1/20] Ресторан XО
  svoi: webs=0 phones=1 addr=1057 East Lake Cook Road
  no company website
  places: error
  places quota exhausted — continuing without Places
  fill keys: ['address_line', 'city', 'google_maps_url', 'location_precision', 'phone', 'postal_code', 'state_code']
  recommendation updated
  publish: {'entity': 'business', 'action': 'create', 'id': '670dc913-5262-479e-aa19-922af1313ad3', 'slug': 'svoi-x'}

[2/20] Bait Cafe
  svoi: webs=0 phones=1 addr=706 South Buffalo Grove Road
  no company website
  fill keys: ['address_line', 'city', 'google_maps_url', 'location_precision', 'phone', 'postal_code', 'state_code']
  recommendation updated
  publish: {'entity': 'business', 'action': 'create', 'id': '4277d021-9019-4332-8bf6-269db1395bda', 'slug': 'svoi-bait-cafe'}

[3/20] Bait cafe & Banquets
  svoi: webs=0 phones=2 addr=706 S Buffalo Grove Rd
  no company website
  fill keys: ['address_line', 'city', 'google_maps_url', 'location_precision', 'phone', 'state_code']
  recommendation updated
  publish: {'entity': 'business', 'action': 'merge', 'id': '4277d021-9019-4332-8bf6-269db1395bda'}

[4/20] Jazz Cafe - Restaurants
  svoi: webs=0 phones=1 addr=250 McHenry Road
  no company website
  fill keys: ['address_line', 'city', 'google_maps_url', 'location_precision', 'phone', 'postal_code', 'state_code']
  recommendation updated
  publish: {'entity': 'business', 'action': 'create', 'id': 'f90a097f-6c06-4524-8794-d8257303188f', 'slug': 'svoi-jazz-cafe-restaurants'}

[5/20] Old Town Restaurant
  svoi: webs=0 phones=1 addr=113 Stephen Street
  no company website
  fill keys: ['address_line', 'city', 'google_maps_url', 'location_precision', 'phone', 'postal_code', 'state_code']
  recommendation updated
  publish: {'entity': 'business', 'action': 'create', 'id': '1d79262c-5384-460f-aa06-6bf54a1a53b5', 'slug': 'svoi-old-town-restaurant'}

[6/20] La Mirage
  svoi: webs=1 phones=1 addr=3223 West Algonquin Road
  website error: <urlopen error [Errno 8] nodename nor servname provided, or not known>
  fill keys: ['address_line', 'city', 'google_maps_url', 'location_precision', 'phone', 'postal_code', 'state_code', 'website']
  recommendation updated
  publish: {'entity': 'business', 'action': 'create', 'id': '91b08ee4-ab72-4a9d-8230-f9d3937f371a', 'slug': 'svoi-la-mirage'}

[7/20] Maestro Seafood and Grill
  svoi: webs=0 phones=1 addr=500 Anthony Trail
  no company website
  fill keys: ['address_line', 'city', 'google_maps_url', 'location_precision', 'phone', 'postal_code', 'state_code']
  recommendation updated
  publish: {'entity': 'business', 'action': 'create', 'id': '4b1eeec0-a8d1-47bc-b40e-65d24ff2820a', 'slug': 'svoi-maestro-seafood-and-grill'}

[8/20] Bohemian Garden Restaurant - Restaurants
  svoi: webs=0 phones=1 addr=75th Street 980
  no company website
  fill keys: ['address_line', 'city', 'google_maps_url', 'location_precision', 'phone', 'state_code']
  recommendation updated
  publish: {'entity': 'business', 'action': 'create', 'id': '347bb7f4-3cd9-479f-937e-3284e2884a6e', 'slug': 'svoi-bohemian-garden-restaurant-restaurants'}

[9/20] Max and Benny's Restaurant & Deli
  svoi: webs=0 phones=1 addr=461 Waukegan Road
  no company website
  fill keys: ['address_line', 'city', 'google_maps_url', 'location_precision', 'phone', 'postal_code', 'state_code']
  recommendation updated
  publish: {'entity': 'business', 'action': 'create', 'id': 'f54726f6-0f67-4b4e-9081-d12ef028d27b', 'slug': 'svoi-max-and-benny-s-restaurant-deli'}

[10/20] Pavilion Restaurant and Lounge
  svoi: webs=0 phones=1 addr=577 South Waukegan Road
  no company website
  fill keys: ['address_line', 'city', 'google_maps_url', 'location_precision', 'phone', 'postal_code', 'state_code']
  recommendation updated
  publish: {'entity': 'business', 'action': 'create', 'id': '83399111-1939-4b7d-8409-e08007ac04dd', 'slug': 'svoi-pavilion-restaurant-and-lounge'}

[11/20] Ресторан Петергоф
  svoi: webs=1 phones=1 addr=577 South Waukegan Road
  website keys: ['emails', 'facebook_url', 'instagram_url', 'phones']
  fill keys: ['address_line', 'city', 'email', 'google_maps_url', 'instagram_url', 'location_precision', 'phone', 'postal_code', 'state_code', 'website']
  recommendation updated
  publish: {'entity': 'business', 'action': 'create', 'id': '04c6aadc-09e2-458e-bc94-56d8d73af257', 'slug': 'svoi-biz-25'}

[12/20] U Gazdy Polish Restaurant
  svoi: webs=1 phones=2 addr=270 West Irving Park Road
  website keys: ['address_line', 'city', 'description', 'facebook_url', 'instagram_url', 'postal_code', 'state_code']
  fill keys: ['address_line', 'city', 'google_maps_url', 'instagram_url', 'location_precision', 'phone', 'postal_code', 'state_code', 'website']
  recommendation updated
  publish: {'entity': 'business', 'action': 'create', 'id': '5bc79819-a1c8-4d34-a306-4eb7074ee2ca', 'slug': 'svoi-u-gazdy-polish-restaurant'}

[13/20] Bohemian Crystal Restaurant
  svoi: webs=0 phones=1 addr=639 North Blackhawk Drive
  no company website
  fill keys: ['address_line', 'city', 'google_maps_url', 'location_precision', 'phone', 'postal_code', 'state_code']
  recommendation updated
  publish: {'entity': 'business', 'action': 'create', 'id': '3210138f-9319-4968-b7a1-e2d164100323', 'slug': 'svoi-bohemian-crystal-restaurant'}

[14/20] Old Georgia Tiflis
  svoi: webs=0 phones=1 addr=874 Green Bay Road
  no company website
  fill keys: ['address_line', 'city', 'google_maps_url', 'location_precision', 'phone', 'postal_code', 'state_code']
  recommendation updated
  publish: {'entity': 'business', 'action': 'create', 'id': '356719f3-99cc-46f5-87e4-f87113e6c344', 'slug': 'svoi-old-georgia-tiflis'}

[15/20] Casa Royale Banquets
  svoi: webs=0 phones=4 addr=783 Lee Street
  no company website
  fill keys: ['address_line', 'city', 'google_maps_url', 'location_precision', 'phone', 'postal_code', 'state_code']
  recommendation updated
  publish: {'entity': 'business', 'action': 'create', 'id': 'd3e5a101-80bd-4418-89fd-fd575212197c', 'slug': 'svoi-casa-royale-banquets'}

[16/20] Omega Restaurant
  svoi: webs=0 phones=1 addr=9100 Golf Road
  no company website
  fill keys: ['address_line', 'city', 'google_maps_url', 'location_precision', 'phone', 'postal_code', 'state_code']
  recommendation updated
  publish: {'entity': 'business', 'action': 'create', 'id': '022e104c-75e3-4041-9950-255638324342', 'slug': 'svoi-omega-restaurant'}

[17/20] Chateau Ritz
  svoi: webs=0 phones=1 addr=9100 North Milwaukee Avenue
  no company website
  fill keys: ['address_line', 'city', 'google_maps_url', 'location_precision', 'phone', 'postal_code', 'state_code']
  recommendation updated
  publish: {'entity': 'business', 'action': 'create', 'id': '6f25df75-7e29-411b-a794-4888cc9b62a1', 'slug': 'svoi-chateau-ritz'}

[18/20] Harry Caray’s Italian Steakhouse
  svoi: webs=0 phones=1 addr=10233 West Higgins Road
  no company website
  fill keys: ['address_line', 'city', 'google_maps_url', 'location_precision', 'phone', 'postal_code', 'state_code']
  recommendation updated
  publish: {'entity': 'business', 'action': 'create', 'id': 'f008487e-93cc-44e8-96bd-362c01be5dd1', 'slug': 'svoi-harry-caray-s-italian-steakhouse'}

[19/20] Bagel Restaurant and Deli Skokie
  svoi: webs=0 phones=1 addr=50 Old Orchard Shopping Center
  no company website
  fill keys: ['address_line', 'city', 'google_maps_url', 'location_precision', 'phone', 'postal_code', 'state_code']
  recommendation updated
  publish: {'entity': 'business', 'action': 'create', 'id': '75ed995f-bfdd-4e7b-869c-9d347635f160', 'slug': 'svoi-bagel-restaurant-and-deli-skokie'}

[20/20] Hyatt Regency OHare
  svoi: webs=0 phones=1 addr=9300 Bryn Mawr Avenue
  no company website
  fill keys: ['address_line', 'city', 'google_maps_url', 'location_precision', 'phone', 'postal_code', 'state_code']
  recommendation updated
  publish: {'entity': 'business', 'action': 'create', 'id': '57e3c80e-21a5-4a0e-9934-3bfbb0c1a056', 'slug': 'svoi-hyatt-regency-ohare'}

Done. enriched=20 with_address=20 published=20 report=/Users/sammov/Russian business AI/scripts/business-enrich/data/svoi_enrich/batch_20260727T022600Z.json
Last targets=20 exit=0

===== ROUND 28 2026-07-27T02:26:04Z =====
targets=20 dry_run=False publish=True places=True publish_enriched=False

[1/20] Zhivago Restaurant
  svoi: webs=0 phones=1 addr=9925 Gross Point Road
  no company website
  places: error
  places quota exhausted — continuing without Places
  fill keys: ['address_line', 'city', 'google_maps_url', 'location_precision', 'phone', 'state_code']
  recommendation updated
  publish: {'entity': 'business', 'action': 'create', 'id': 'cff5b0cf-317a-4821-b4ee-4b065858afcd', 'slug': 'svoi-zhivago-restaurant'}

[2/20] Pescatore Palace
  svoi: webs=0 phones=1 addr=3400 North River Road
  no company website
  fill keys: ['address_line', 'city', 'google_maps_url', 'location_precision', 'phone', 'postal_code', 'state_code']
  recommendation updated
  publish: {'entity': 'business', 'action': 'create', 'id': '5b2a9c97-7192-466b-8dcb-e72fa32d2a8d', 'slug': 'svoi-pescatore-palace'}

[3/20] Globe Cafe & Bar
  svoi: webs=0 phones=2 addr=1710 Orrington Avenue
  no company website
  fill keys: ['address_line', 'city', 'google_maps_url', 'location_precision', 'phone', 'postal_code', 'state_code']
  recommendation updated
  publish: {'entity': 'business', 'action': 'create', 'id': 'b0f5460c-3237-4adf-93e3-ebf22c1ae5be', 'slug': 'svoi-globe-cafe-bar'}

[4/20] Va Pensiero
  svoi: webs=0 phones=1 addr=1566 Oak Avenue
  no company website
  fill keys: ['address_line', 'city', 'google_maps_url', 'location_precision', 'phone', 'postal_code', 'state_code']
  recommendation updated
  publish: {'entity': 'business', 'action': 'create', 'id': '5d82c8f1-a546-44f4-8162-cb9705fb0b7f', 'slug': 'svoi-va-pensiero'}

[5/20] Красное яблочко
  svoi: webs=0 phones=1 addr=6474 North Milwaukee Avenue
  no company website
  fill keys: ['address_line', 'city', 'google_maps_url', 'location_precision', 'phone', 'state_code']
  recommendation updated
  publish: {'entity': 'business', 'action': 'create', 'id': 'f402e857-f703-454c-90bc-c345b2ece35b', 'slug': 'svoi-biz-26'}

[6/20] Oceanique
  svoi: webs=0 phones=1 addr=505 Main Street
  no company website
  fill keys: ['address_line', 'city', 'google_maps_url', 'location_precision', 'phone', 'state_code']
  recommendation updated
  publish: {'entity': 'business', 'action': 'create', 'id': '46ca4a85-815f-4283-b017-1e91ddfffb74', 'slug': 'svoi-oceanique'}

[7/20] Martinique Banquet Complex
  svoi: webs=0 phones=1 addr=8200 South Cicero Avenue
  no company website
  fill keys: ['address_line', 'city', 'google_maps_url', 'location_precision', 'phone', 'postal_code', 'state_code']
  recommendation updated
  publish: {'entity': 'business', 'action': 'create', 'id': '5ca0814a-cbf3-4556-bcbc-4abaf91fc860', 'slug': 'svoi-martinique-banquet-complex'}

[8/20] Mabenka Restaurant
  svoi: webs=1 phones=3 addr=7844 South Cicero Avenue
  website keys: []
  fill keys: ['address_line', 'city', 'google_maps_url', 'location_precision', 'phone', 'postal_code', 'state_code', 'website']
  recommendation updated
  publish: {'entity': 'business', 'action': 'create', 'id': '881e355d-5e87-41bd-8dca-200926267b7a', 'slug': 'svoi-mabenka-restaurant'}

[9/20] Royal Gardens Banquets Affordable Banquets
  svoi: webs=0 phones=1 addr=2515 North Harlem Avenue
  no company website
  fill keys: ['address_line', 'city', 'google_maps_url', 'location_precision', 'phone', 'state_code']
  recommendation updated
  publish: {'entity': 'business', 'action': 'create', 'id': '33de8ec9-8c11-4296-ab87-0a027a5ea413', 'slug': 'svoi-royal-gardens-banquets-affordable-banquets'}

[10/20] Magic Jug
  svoi: webs=0 phones=2 addr=6354 W Irving Park Rd
  no company website
  fill keys: ['address_line', 'city', 'google_maps_url', 'location_precision', 'phone', 'postal_code', 'state_code']
  recommendation updated
  publish: {'entity': 'business', 'action': 'create', 'id': '47cb8ecd-fddc-4b1b-8883-2af14e737c64', 'slug': 'svoi-magic-jug'}

[11/20] Chicago By Night
  svoi: webs=0 phones=1 addr=5600 West Belmont Avenue
  no company website
  fill keys: ['address_line', 'city', 'google_maps_url', 'location_precision', 'phone', 'postal_code', 'state_code']
  recommendation updated
  publish: {'entity': 'business', 'action': 'create', 'id': '0d09b76b-af74-4704-86d2-0a6f8e49c478', 'slug': 'svoi-chicago-by-night'}

[12/20] Jibek Jolu - Restaurants
  svoi: webs=1 phones=1 addr=5047 North Lincoln Avenue
  website keys: ['description', 'instagram_url']
  fill keys: ['address_line', 'city', 'google_maps_url', 'instagram_url', 'location_precision', 'phone', 'postal_code', 'state_code', 'website']
  recommendation updated
  publish: {'entity': 'business', 'action': 'create', 'id': '90c4871c-ec3a-408b-a97a-ae3c3dc46943', 'slug': 'svoi-jibek-jolu-restaurants'}

[13/20] Ресторан Элизабет Restaurant
  svoi: webs=1 phones=1 addr=4835 North Western Avenue
  website error: HTTP Error 404: Not Found
  fill keys: ['address_line', 'city', 'google_maps_url', 'location_precision', 'phone', 'state_code', 'website']
  recommendation updated
  publish: {'entity': 'business', 'action': 'create', 'id': 'cb259695-1228-46f2-b610-0159ed92690d', 'slug': 'svoi-restaurant'}

[14/20] Little Bucharest Bistro
  svoi: webs=0 phones=1 addr=3661 North Elston Avenue
  no company website
  fill keys: ['address_line', 'city', 'google_maps_url', 'location_precision', 'phone', 'postal_code', 'state_code']
  recommendation updated
  publish: {'entity': 'business', 'action': 'create', 'id': '08352156-72ea-4285-b49e-bdea39abe00d', 'slug': 'svoi-little-bucharest-bistro'}

[15/20] Czerwone Jabluszko
  svoi: webs=0 phones=4 addr=3121 North Milwaukee Avenue
  no company website
  fill keys: ['address_line', 'city', 'google_maps_url', 'location_precision', 'phone', 'postal_code', 'state_code']
  recommendation updated
  publish: {'entity': 'business', 'action': 'create', 'id': '877c0f66-8b58-451f-91ea-6e734e877fb7', 'slug': 'svoi-czerwone-jabluszko'}

[16/20] Modern Style Hair
  svoi: webs=0 phones=1 addr=473 W Northwest Hwy
  no company website
  fill keys: ['address_line', 'city', 'google_maps_url', 'location_precision', 'phone', 'postal_code', 'state_code']
  recommendation updated
  publish: {'entity': 'business', 'action': 'create', 'id': '326ccae9-23a7-44e3-ba03-48df1db11c6c', 'slug': 'svoi-modern-style-hair'}

[17/20] The Beauty Spot
  svoi: webs=0 phones=1 addr=810 South Waukegan Road
  no company website
  fill keys: ['address_line', 'city', 'google_maps_url', 'location_precision', 'phone', 'state_code']
  recommendation updated
  publish: {'entity': 'business', 'action': 'create', 'id': '6159d6b8-1189-4c23-9613-22840de09c02', 'slug': 'svoi-the-beauty-spot'}

[18/20] Waxing
  svoi: webs=0 phones=1 addr=Schaumburg
  weak address skipped: Schaumburg
  no company website
  fill keys: ['city', 'google_maps_url', 'phone']
  recommendation updated
  skip publish (entity=business, street=False)

[19/20] Marina & I Inc
  svoi: webs=0 phones=1 addr=1147 Milwaukee Avenue
  no company website
  fill keys: ['address_line', 'city', 'google_maps_url', 'location_precision', 'phone', 'postal_code', 'state_code']
  recommendation updated
  publish: {'entity': 'business', 'action': 'create', 'id': '27d672fe-a8d4-450e-b85d-430a4d2be830', 'slug': 'svoi-marina-i-inc'}

[20/20] Hair Clue
  svoi: webs=0 phones=1 addr=Ridge Court
  no company website
  fill keys: ['address_line', 'city', 'google_maps_url', 'location_precision', 'phone']
  recommendation updated
  publish: {'entity': 'business', 'action': 'create', 'id': 'f51fa218-1aed-4465-8370-4cbe80c0a5b6', 'slug': 'svoi-hair-clue'}

Done. enriched=20 with_address=19 published=19 report=/Users/sammov/Russian business AI/scripts/business-enrich/data/svoi_enrich/batch_20260727T022710Z.json
Last targets=20 exit=0

===== ROUND 29 2026-07-27T02:27:13Z =====
targets=20 dry_run=False publish=True places=True publish_enriched=False

[1/20] Philip Anthony Salon
  svoi: webs=0 phones=1 addr=859 Sanders Road
  no company website
  places: error
  places quota exhausted — continuing without Places
  fill keys: ['address_line', 'city', 'google_maps_url', 'location_precision', 'phone', 'state_code']
  recommendation updated
  publish: {'entity': 'business', 'action': 'create', 'id': 'a3e457bd-7126-4418-a01e-c5c067a79f41', 'slug': 'svoi-philip-anthony-salon'}

[2/20] Charles Ifergan Salon
  svoi: webs=0 phones=1 addr=380 Lake Cook Road
  no company website
  fill keys: ['address_line', 'city', 'google_maps_url', 'location_precision', 'phone', 'state_code']
  recommendation updated
  publish: {'entity': 'business', 'action': 'create', 'id': 'e1d52f53-af58-4818-a5f3-809b546d6b30', 'slug': 'svoi-charles-ifergan-salon'}

[3/20] Mederma Spa
  svoi: webs=1 phones=1 addr=1710 Milwaukee Avenue
  website keys: ['description', 'facebook_url', 'instagram_url', 'phones']
  fill keys: ['address_line', 'city', 'google_maps_url', 'instagram_url', 'location_precision', 'phone', 'state_code', 'website']
  recommendation updated
  publish: {'entity': 'business', 'action': 'create', 'id': 'b05172f9-638f-4db2-9705-599d3d207e60', 'slug': 'svoi-mederma-spa'}

[4/20] Audras Spa
  svoi: webs=1 phones=1 addr=314 West Ogden Avenue
  website error: <urlopen error [Errno 8] nodename nor servname provided, or not known>
  fill keys: ['address_line', 'city', 'google_maps_url', 'location_precision', 'phone', 'postal_code', 'state_code', 'website']
  recommendation updated
  publish: {'entity': 'business', 'action': 'create', 'id': 'f7b14150-757f-4bce-b7f7-b151b222d770', 'slug': 'svoi-audras-spa'}

[5/20] KEITH'S Ltd.
  svoi: webs=0 phones=1 addr=1101 Lee Street
  no company website
  fill keys: ['address_line', 'city', 'google_maps_url', 'location_precision', 'phone', 'postal_code', 'state_code']
  recommendation updated
  publish: {'entity': 'business', 'action': 'create', 'id': 'd5ca2f13-9f89-4285-bc1a-d8a7d4a45986', 'slug': 'svoi-keith-s-ltd'}

[6/20] La Mode Hair Design & Spa
  svoi: webs=0 phones=1 addr=1811 Waukegan Road
  no company website
  fill keys: ['address_line', 'city', 'google_maps_url', 'location_precision', 'phone', 'postal_code', 'state_code']
  recommendation updated
  publish: {'entity': 'business', 'action': 'create', 'id': '1f1aaa14-4fef-45c5-8327-8dbf6da4c719', 'slug': 'svoi-la-mode-hair-design-spa'}

[7/20] Pavilion Salon & Spa Inc
  svoi: webs=0 phones=1 addr=5441 North East River Road
  no company website
  fill keys: ['address_line', 'city', 'google_maps_url', 'location_precision', 'phone', 'postal_code', 'state_code']
  recommendation updated
  publish: {'entity': 'business', 'action': 'create', 'id': '2c77269d-b87f-4081-a9ea-63f555867f2f', 'slug': 'svoi-pavilion-salon-spa-inc'}

[8/20] Eva Hair Salon
  svoi: webs=0 phones=1 addr=9449 Ogden Avenue
  no company website
  fill keys: ['address_line', 'city', 'google_maps_url', 'location_precision', 'phone', 'postal_code', 'state_code']
  recommendation updated
  publish: {'entity': 'business', 'action': 'create', 'id': 'd83c57fe-cc45-4269-8229-64245fa369a6', 'slug': 'svoi-eva-hair-salon'}

[9/20] Exotic Tan and Spa
  svoi: webs=1 phones=1 addr=5128 North Harlem Avenue
  website error: <urlopen error [Errno 8] nodename nor servname provided, or not known>
  fill keys: ['address_line', 'city', 'google_maps_url', 'location_precision', 'phone', 'postal_code', 'state_code', 'website']
  recommendation updated
  publish: {'entity': 'business', 'action': 'create', 'id': 'ffc3544c-05ef-414e-a97b-9cb2ed2fc66f', 'slug': 'svoi-exotic-tan-and-spa'}

[10/20] Vergo Salon Spa
  svoi: webs=0 phones=1 addr=6706 North Crawford Avenue
  no company website
  fill keys: ['address_line', 'city', 'google_maps_url', 'location_precision', 'phone', 'postal_code', 'state_code']
  recommendation updated
  publish: {'entity': 'business', 'action': 'create', 'id': 'bb595815-8d0c-48b8-81d0-19a8e03c055e', 'slug': 'svoi-vergo-salon-spa'}

[11/20] Stephanies Touch Of Class
  svoi: webs=0 phones=2 addr=6155 South Archer Avenue
  no company website
  fill keys: ['address_line', 'city', 'google_maps_url', 'location_precision', 'phone', 'postal_code', 'state_code']
  recommendation updated
  publish: {'entity': 'business', 'action': 'create', 'id': '6fff10c5-a0a5-4fed-98ff-3aea3774f634', 'slug': 'svoi-stephanies-touch-of-class'}

[12/20] XOX Salon and Spa
  svoi: webs=0 phones=1 addr=4458 North Milwaukee Avenue
  no company website
  fill keys: ['address_line', 'city', 'google_maps_url', 'location_precision', 'phone', 'postal_code', 'state_code']
  recommendation updated
  publish: {'entity': 'business', 'action': 'create', 'id': 'cfe6cad4-a338-47b9-a284-14e386c376f2', 'slug': 'svoi-xox-salon-and-spa'}

[13/20] Salon Quest Locs
  svoi: webs=0 phones=2 addr=6810 South Paulina Street
  no company website
  fill keys: ['address_line', 'city', 'google_maps_url', 'location_precision', 'phone', 'postal_code', 'state_code']
  recommendation updated
  publish: {'entity': 'business', 'action': 'create', 'id': '700d02b8-d68e-4022-931a-56ed24771c8d', 'slug': 'svoi-salon-quest-locs'}

[14/20] Yehia & Co Hair Designs
  svoi: webs=0 phones=1 addr=1455 East 53rd Street
  no company website
  fill keys: ['address_line', 'city', 'google_maps_url', 'location_precision', 'phone', 'postal_code', 'state_code']
  recommendation updated
  publish: {'entity': 'business', 'action': 'create', 'id': '2780b44b-fa7a-4edc-8ae6-1f773cfc1478', 'slug': 'svoi-yehia-co-hair-designs'}

[15/20] Professional Medical Spa
  svoi: webs=0 phones=5 addr=2832 North Milwaukee Avenue
  no company website
  fill keys: ['address_line', 'city', 'google_maps_url', 'location_precision', 'phone', 'postal_code', 'state_code']
  recommendation updated
  publish: {'entity': 'business', 'action': 'create', 'id': '266f671b-4909-43aa-a338-57970974796d', 'slug': 'svoi-professional-medical-spa'}

[16/20] Amber Electrolysis
  svoi: webs=0 phones=2 addr=1471 West Irving Park Road
  no company website
  fill keys: ['address_line', 'city', 'google_maps_url', 'location_precision', 'phone', 'postal_code', 'state_code']
  recommendation updated
  publish: {'entity': 'business', 'action': 'create', 'id': '8f127fb3-4333-4b6d-b624-16fc68fbfc0f', 'slug': 'svoi-amber-electrolysis'}

[17/20] Essence VIP Hairdesigners & Wellness Center
  svoi: webs=0 phones=2 addr=2551 North Clark Street
  no company website
  fill keys: ['address_line', 'city', 'google_maps_url', 'location_precision', 'phone', 'postal_code', 'state_code']
  recommendation updated
  publish: {'entity': 'business', 'action': 'create', 'id': 'ac27f035-738f-43a9-89fb-a5b385148993', 'slug': 'svoi-essence-vip-hairdesigners-wellness-center'}

[18/20] Endermologie Chicago
  svoi: webs=1 phones=1 addr=34 East Oak Street
  website keys: ['description', 'phones']
  fill keys: ['address_line', 'city', 'google_maps_url', 'location_precision', 'phone', 'state_code', 'website']
  recommendation updated
  publish: {'entity': 'business', 'action': 'create', 'id': 'f3eb1f5a-7c15-4ea1-a36f-26e072445332', 'slug': 'svoi-endermologie-chicago'}

[19/20] Best Chicago Barbers
  svoi: webs=0 phones=2 addr=67 East Oak Street
  no company website
  fill keys: ['address_line', 'city', 'google_maps_url', 'location_precision', 'phone', 'postal_code', 'state_code']
  recommendation updated
  publish: {'entity': 'business', 'action': 'create', 'id': '995a36dd-5ea4-4764-9458-1bc5b23fc995', 'slug': 'svoi-best-chicago-barbers'}

[20/20] Elizabeth Adam Salon & Day Spa
  svoi: webs=0 phones=1 addr=845 North Michigan Avenue
  no company website
  fill keys: ['address_line', 'city', 'google_maps_url', 'location_precision', 'phone', 'postal_code', 'state_code']
  recommendation updated
  publish: {'entity': 'business', 'action': 'create', 'id': 'd97c6dce-6ada-460d-a7c0-4c62d6642dcb', 'slug': 'svoi-elizabeth-adam-salon-day-spa'}

Done. enriched=20 with_address=20 published=20 report=/Users/sammov/Russian business AI/scripts/business-enrich/data/svoi_enrich/batch_20260727T022812Z.json
Last targets=20 exit=0

===== ROUND 30 2026-07-27T02:28:15Z =====
targets=20 dry_run=False publish=True places=True publish_enriched=False

[1/20] Trio Hair Salon
  svoi: webs=0 phones=1 addr=712 North Wabash Avenue
  no company website
  places: error
  places quota exhausted — continuing without Places
  fill keys: ['address_line', 'city', 'google_maps_url', 'location_precision', 'phone', 'postal_code', 'state_code']
  recommendation updated
  publish: {'entity': 'business', 'action': 'create', 'id': '1bc1f64f-cc08-454c-96b7-b8fa24f78d8f', 'slug': 'svoi-trio-hair-salon'}

[2/20] Zeza Hair Salon &Spa
  svoi: webs=1 phones=2 addr=211 East Ontario Street
  website keys: []
  fill keys: ['address_line', 'city', 'google_maps_url', 'location_precision', 'phone', 'postal_code', 'state_code', 'website']
  recommendation updated
  publish: {'entity': 'business', 'action': 'create', 'id': '27a57da2-cf8f-41c7-8c86-0ac79a8745d4', 'slug': 'svoi-zeza-hair-salon-spa'}

[3/20] Anna George Hair Salon
  svoi: webs=0 phones=2 addr=233 N. Michigan Avenue
  no company website
  fill keys: ['address_line', 'city', 'google_maps_url', 'location_precision', 'phone', 'postal_code', 'state_code']
  recommendation updated
  publish: {'entity': 'business', 'action': 'create', 'id': '00676b68-641c-4601-b897-35f609adc232', 'slug': 'svoi-anna-george-hair-salon'}

[4/20] EXTENSION EYELASHES
  svoi: webs=0 phones=1 addr=Chicago
  weak address skipped: Chicago
  no company website
  fill keys: ['city', 'google_maps_url', 'phone']
  recommendation updated
  skip publish (entity=business, street=False)

[5/20] Anna Amelina
  svoi: webs=1 phones=4 addr=Chicago
  weak address skipped: Chicago
  website error: <urlopen error [Errno 8] nodename nor servname provided, or not known>
  fill keys: ['city', 'google_maps_url', 'phone', 'website']
  recommendation updated
  skip publish (entity=business, street=False)

[6/20] Olga Zarkh, MD
  svoi: webs=1 phones=1 addr=1401 W Dundee Rd
  website keys: ['facebook_url', 'instagram_url']
  fill keys: ['address_line', 'city', 'google_maps_url', 'instagram_url', 'location_precision', 'phone', 'postal_code', 'state_code', 'website']
  recommendation updated
  publish: {'entity': 'professional', 'action': 'create', 'id': '9e26015f-1bff-477e-9fd5-c386f6c9436d', 'slug': 'svoi-olga-zarkh-md'}

[7/20] Dr. Yakov Ryabov, MD
  svoi: webs=0 phones=1 addr=201 East Strong Street
  no company website
  fill keys: ['address_line', 'city', 'google_maps_url', 'location_precision', 'phone', 'state_code']
  recommendation updated
  publish: {'entity': 'professional', 'action': 'create', 'id': 'bcb2ffa1-f415-41c9-97b6-75c3ad073209', 'slug': 'svoi-dr-yakov-ryabov-md'}

[8/20] Dr. Rimma Polotskaya M.D.
  svoi: webs=0 phones=1 addr=3633 East Lake Avenue
  no company website
  fill keys: ['address_line', 'city', 'google_maps_url', 'location_precision', 'phone', 'postal_code', 'state_code']
  recommendation updated
  publish: {'entity': 'business', 'action': 'create', 'id': '4b6dce1e-5f22-4f06-a56d-7777f2b13d56', 'slug': 'svoi-dr-rimma-polotskaya-m-d'}

[9/20] Леонид Блумин, D.P.M.
  svoi: webs=0 phones=1 addr=1405 W Morse Ave
  no company website
  fill keys: ['address_line', 'city', 'google_maps_url', 'location_precision', 'phone', 'postal_code', 'state_code']
  recommendation updated
  publish: {'entity': 'professional', 'action': 'create', 'id': '84cc25ca-9a68-47d5-af78-a2d020ef4910', 'slug': 'svoi-d-p-m'}

[10/20] Dr. Yevgeny Odessky MD
  svoi: webs=0 phones=1 addr=2921 West Devon Avenue
  no company website
  fill keys: ['address_line', 'city', 'google_maps_url', 'location_precision', 'phone', 'postal_code', 'state_code']
  recommendation updated
  publish: {'entity': 'professional', 'action': 'create', 'id': 'c82dd8ca-27f6-40f7-acea-14de8db8064e', 'slug': 'svoi-dr-yevgeny-odessky-md'}

[11/20] Dr. Yelena Oleynikov, MD
  svoi: webs=0 phones=1 addr=4025 North Western Avenue
  no company website
  fill keys: ['address_line', 'city', 'google_maps_url', 'location_precision', 'phone', 'postal_code', 'state_code']
  recommendation updated
  publish: {'entity': 'professional', 'action': 'create', 'id': '6f2789c8-ad22-4347-ae9d-11b8ed414ffc', 'slug': 'svoi-dr-yelena-oleynikov-md'}

[12/20] Dr. Halyna Boryslavska
  svoi: webs=0 phones=4 addr=2246 West Chicago Avenue
  no company website
  fill keys: ['address_line', 'city', 'google_maps_url', 'location_precision', 'phone', 'postal_code', 'state_code']
  recommendation updated
  publish: {'entity': 'business', 'action': 'create', 'id': 'e891fe8d-b03f-4a15-9022-37a334ff12c5', 'slug': 'svoi-dr-halyna-boryslavska'}

[13/20] Art of Insurance Agency
  svoi: webs=0 phones=1 addr=3233 North Arlington Heights Road
  no company website
  fill keys: ['address_line', 'city', 'google_maps_url', 'location_precision', 'phone', 'state_code']
  recommendation updated
  publish: {'entity': 'business', 'action': 'create', 'id': '062f3ea3-f15d-4e41-a1a2-833de8f6c1e5', 'slug': 'svoi-art-of-insurance-agency'}

[14/20] AllState
  svoi: webs=0 phones=3 addr=813 West Rand Road
  no company website
  fill keys: ['address_line', 'city', 'google_maps_url', 'location_precision', 'phone', 'postal_code', 'state_code']
  recommendation updated
  publish: {'entity': 'business', 'action': 'create', 'id': '8a1a85fd-9b76-49af-9eda-c470d3f4a75d', 'slug': 'svoi-allstate'}

[15/20] Insurance Car Insurance
  svoi: webs=0 phones=1 addr=1117 North Milwaukee Avenue
  no company website
  fill keys: ['address_line', 'city', 'google_maps_url', 'location_precision', 'phone', 'postal_code', 'state_code']
  recommendation updated
  publish: {'entity': 'business', 'action': 'create', 'id': '4e3edc1b-0ed4-4f80-9f05-1d8c4055e7cd', 'slug': 'svoi-insurance-car-insurance'}

[16/20] Tolvaisaite Renata
  svoi: webs=0 phones=1 addr=325 North Milwaukee Avenue
  no company website
  fill keys: ['address_line', 'city', 'google_maps_url', 'location_precision', 'phone', 'postal_code', 'state_code']
  recommendation updated
  publish: {'entity': 'business', 'action': 'create', 'id': '2fcaafa1-fddd-4f64-ab11-d87e65485bed', 'slug': 'svoi-tolvaisaite-renata'}

[17/20] All Insurance Services
  svoi: webs=0 phones=1 addr=212 South Milwaukee Avenue
  no company website
  fill keys: ['address_line', 'city', 'google_maps_url', 'location_precision', 'phone', 'state_code']
  recommendation updated
  publish: {'entity': 'business', 'action': 'create', 'id': '0acca8c7-15bd-4426-8f48-087f703119f6', 'slug': 'svoi-all-insurance-services'}

[18/20] Свистун Александр
  svoi: webs=0 phones=1 addr=225 North Arlington Heights Road
  no company website
  fill keys: ['address_line', 'city', 'google_maps_url', 'location_precision', 'phone', 'postal_code', 'state_code']
  recommendation updated
  publish: {'entity': 'business', 'action': 'create', 'id': '4ad3c6cb-4949-49b2-8c7d-d44f6d7a9b31', 'slug': 'svoi-biz-27'}

[19/20] Iryna Dovbenko - Farmers Insurance
  svoi: webs=0 phones=1 addr=1431 OPUS PL
  no company website
  fill keys: ['address_line', 'city', 'google_maps_url', 'location_precision', 'phone', 'state_code']
  recommendation updated
  publish: {'entity': 'business', 'action': 'create', 'id': '9af176ca-c203-4a35-8aa5-23af9766fb46', 'slug': 'svoi-iryna-dovbenko-farmers-insurance'}

[20/20] Anna Yukhvidina / Universal Insurance Group
  svoi: webs=0 phones=1 addr=400 Skokie Boulevard
  no company website
  fill keys: ['address_line', 'city', 'google_maps_url', 'location_precision', 'phone', 'postal_code', 'state_code']
  recommendation updated
  publish: {'entity': 'business', 'action': 'create', 'id': '8cbe12a5-689c-440a-8ec5-be1c8348c777', 'slug': 'svoi-anna-yukhvidina-universal-insurance-group'}

Done. enriched=20 with_address=18 published=18 report=/Users/sammov/Russian business AI/scripts/business-enrich/data/svoi_enrich/batch_20260727T022916Z.json
Last targets=20 exit=0

===== ROUND 31 2026-07-27T02:29:19Z =====
targets=20 dry_run=False publish=True places=True publish_enriched=False

[1/20] INSURHAUS
  svoi: webs=0 phones=1 addr=Ok brook
  weak address skipped: Ok brook
  no company website
  places: error
  places quota exhausted — continuing without Places
  fill keys: ['city', 'google_maps_url', 'phone']
  recommendation updated
  skip publish (entity=business, street=False)

[2/20] Handzel & Associates Ltd.
  svoi: webs=0 phones=1 addr=8620 Golf Rd
  no company website
  fill keys: ['address_line', 'city', 'google_maps_url', 'location_precision', 'phone', 'postal_code', 'state_code']
  recommendation updated
  publish: {'entity': 'business', 'action': 'create', 'id': 'f21ae8c1-9ba6-4e0b-88ea-655d60f8044e', 'slug': 'svoi-handzel-associates-ltd'}

[3/20] Яна Слесарева Farmers Insurance
  svoi: webs=0 phones=1 addr=4830 North Cumberland Avenue
  no company website
  fill keys: ['address_line', 'city', 'google_maps_url', 'location_precision', 'phone', 'state_code']
  recommendation updated
  publish: {'entity': 'business', 'action': 'create', 'id': '65cefb72-7fc2-4728-b785-b30bef586ce4', 'slug': 'svoi-farmers-insurance-2'}

[4/20] Kelly Insurance Services
  svoi: webs=0 phones=1 addr=Evergreen Park
  weak address skipped: Evergreen Park
  no company website
  fill keys: ['city', 'google_maps_url', 'phone']
  recommendation updated
  skip publish (entity=business, street=False)

[5/20] Insurance Services and More
  svoi: webs=0 phones=1 addr=8645 Grand Avenue
  no company website
  fill keys: ['address_line', 'city', 'google_maps_url', 'location_precision', 'phone', 'postal_code', 'state_code']
  recommendation updated
  publish: {'entity': 'business', 'action': 'create', 'id': '34712a40-2675-4054-9ee1-91eb3a22edfb', 'slug': 'svoi-insurance-services-and-more'}

[6/20] Michael P Callahan Insurance Agency
  svoi: webs=0 phones=2 addr=5372 N Milwaukee Ave
  no company website
  fill keys: ['address_line', 'city', 'google_maps_url', 'location_precision', 'phone', 'postal_code', 'state_code']
  recommendation updated
  publish: {'entity': 'business', 'action': 'create', 'id': '9b7213aa-3ecd-4052-8823-674e39101598', 'slug': 'svoi-michael-p-callahan-insurance-agency'}

[7/20] StateFarm
  svoi: webs=0 phones=1 addr=5372 North Milwaukee Avenue
  no company website
  fill keys: ['address_line', 'city', 'google_maps_url', 'location_precision', 'phone', 'postal_code', 'state_code']
  recommendation updated
  publish: {'entity': 'business', 'action': 'create', 'id': '6718186e-0b2a-4852-ac60-b0904439a784', 'slug': 'svoi-statefarm'}

[8/20] Allstate Insurance Company Chicago
  svoi: webs=0 phones=1 addr=6733 W belmont ave
  no company website
  fill keys: ['address_line', 'city', 'google_maps_url', 'location_precision', 'phone', 'postal_code', 'state_code']
  recommendation updated
  publish: {'entity': 'business', 'action': 'create', 'id': 'f4b1ecb5-8d6f-4f46-af92-890955666317', 'slug': 'svoi-allstate-insurance-company-chicago'}

[9/20] North Central Insurance Brokers Inc
  svoi: webs=1 phones=1 addr=3316 N Central Ave
  website error: HTTP Error 404: Not Found
  fill keys: ['address_line', 'city', 'google_maps_url', 'location_precision', 'phone', 'postal_code', 'state_code', 'website']
  recommendation updated
  publish: {'entity': 'business', 'action': 'create', 'id': '0a6d9569-3d9b-4855-8e73-c1f4a7877c87', 'slug': 'svoi-north-central-insurance-brokers-inc'}

[10/20] On Track Associates LTD
  svoi: webs=0 phones=1 addr=Chicago
  weak address skipped: Chicago
  no company website
  fill keys: ['city', 'google_maps_url', 'phone']
  recommendation updated
  skip publish (entity=business, street=False)

[11/20] Union Insurance Group Boris Persky
  svoi: webs=0 phones=1 addr=2125 West Roscoe Street
  no company website
  fill keys: ['address_line', 'city', 'google_maps_url', 'location_precision', 'phone', 'postal_code', 'state_code']
  recommendation updated
  publish: {'entity': 'business', 'action': 'create', 'id': 'fd81ff26-a2bd-4d43-9f0c-799da02566a9', 'slug': 'svoi-union-insurance-group-boris-persky'}

[12/20] Julia Skuibida - American Family Insurance Agent
  svoi: webs=1 phones=4 addr=1702 West Chicago Avenue
  website error: <urlopen error [Errno 8] nodename nor servname provided, or not known>
  fill keys: ['address_line', 'city', 'google_maps_url', 'location_precision', 'phone', 'postal_code', 'state_code', 'website']
  recommendation updated
  publish: {'entity': 'business', 'action': 'create', 'id': 'b6b634fc-36c8-4c0e-9dc7-a968065873fd', 'slug': 'svoi-julia-skuibida-american-family-insurance-agent'}

[13/20] Allstate Insurance Co. Don J. Olds
  svoi: webs=0 phones=1 addr=1445 West Grand Avenue
  no company website
  fill keys: ['address_line', 'city', 'google_maps_url', 'location_precision', 'phone', 'postal_code', 'state_code']
  recommendation updated
  publish: {'entity': 'business', 'action': 'create', 'id': '61988f4c-57d2-4342-b000-60a5aae043a3', 'slug': 'svoi-allstate-insurance-co-don-j-olds'}

[14/20] AGENCY FARMERS INS.
  svoi: webs=0 phones=1 addr=Chicago
  weak address skipped: Chicago
  no company website
  fill keys: ['city', 'google_maps_url', 'phone']
  recommendation updated
  skip publish (entity=business, street=False)

[15/20] PANTIRU AGENCY
  svoi: webs=0 phones=4 addr=4206 W Montrose
  no company website
  fill keys: ['address_line', 'city', 'google_maps_url', 'location_precision', 'phone']
  recommendation updated
  publish: {'entity': 'business', 'action': 'create', 'id': '311d6bae-5cf7-4a9f-a564-078b9a6cff3e', 'slug': 'svoi-pantiru-agency'}

[16/20] Metropolitan Builders,Inc
  svoi: webs=0 phones=1 addr=Northbrook
  weak address skipped: Northbrook
  no company website
  fill keys: ['city', 'google_maps_url', 'phone']
  recommendation updated
  skip publish (entity=business, street=False)

[17/20] BUILD Andrey Markchuk
  svoi: webs=0 phones=1 addr=Chicago
  weak address skipped: Chicago
  no company website
  fill keys: ['city', 'google_maps_url', 'phone']
  recommendation updated
  skip publish (entity=business, street=False)

[18/20] Contractor's Lien Advisors
  svoi: webs=0 phones=1 addr=Chicago
  weak address skipped: Chicago
  no company website
  fill keys: ['city', 'google_maps_url', 'phone']
  recommendation updated
  skip publish (entity=business, street=False)

[19/20] РЕМОНТ КВАРТИР И ДОМОВ ПОД КЛЮЧ
  svoi: webs=0 phones=4 addr=Chicago
  weak address skipped: Chicago
  no company website
  fill keys: ['city', 'google_maps_url', 'phone']
  recommendation updated
  skip publish (entity=business, street=False)

[20/20] UNIQUE TOURS
  svoi: webs=0 phones=1 addr=Buffalo grove
  weak address skipped: Buffalo grove
  no company website
  fill keys: ['city', 'google_maps_url', 'phone']
  recommendation updated
  skip publish (entity=business, street=False)

Done. enriched=20 with_address=11 published=11 report=/Users/sammov/Russian business AI/scripts/business-enrich/data/svoi_enrich/batch_20260727T023019Z.json
Last targets=20 exit=0

===== ROUND 32 2026-07-27T02:30:22Z =====
targets=20 dry_run=False publish=True places=True publish_enriched=False

[1/20] Tickets Confirmed Inc
  svoi: webs=0 phones=1 addr=830 S. Buffalo Grove Road
  no company website
  places: error
  places quota exhausted — continuing without Places
  fill keys: ['address_line', 'city', 'google_maps_url', 'location_precision', 'phone', 'postal_code', 'state_code']
  recommendation updated
  publish: {'entity': 'business', 'action': 'create', 'id': '747b3249-bc3d-4642-90b6-9315703c02f3', 'slug': 'svoi-tickets-confirmed-inc'}

[2/20] Milavia International Ltd
  svoi: webs=0 phones=1 addr=250 Lake Blvd
  no company website
  fill keys: ['address_line', 'city', 'google_maps_url', 'location_precision', 'phone', 'postal_code', 'state_code']
  recommendation updated
  publish: {'entity': 'business', 'action': 'create', 'id': 'c00ad069-739f-4a3f-92d4-9071a11091ed', 'slug': 'svoi-milavia-international-ltd'}

[3/20] Alfa Travel Inc
  svoi: webs=0 phones=1 addr=1000 Half Day Road
  no company website
  fill keys: ['address_line', 'city', 'google_maps_url', 'location_precision', 'phone', 'postal_code', 'state_code']
  recommendation updated
  publish: {'entity': 'business', 'action': 'create', 'id': 'ba985113-164f-462c-9185-7a2117c69494', 'slug': 'svoi-alfa-travel-inc'}

[4/20] Travel Selection
  svoi: webs=0 phones=1 addr=18 Schoenbeck Rd
  no company website
  fill keys: ['address_line', 'city', 'google_maps_url', 'location_precision', 'phone', 'postal_code', 'state_code']
  recommendation updated
  publish: {'entity': 'business', 'action': 'create', 'id': '77067d15-fffa-44c0-ab5b-bb02f1315889', 'slug': 'svoi-travel-selection'}

[5/20] Intourist
  svoi: webs=0 phones=1 addr=482 N Milwaukee Ave
  no company website
  fill keys: ['address_line', 'city', 'google_maps_url', 'location_precision', 'phone', 'postal_code', 'state_code']
  recommendation updated
  publish: {'entity': 'business', 'action': 'create', 'id': 'ec57dd2c-06c6-476d-a33f-fdf0919da9d0', 'slug': 'svoi-intourist'}

[6/20] Milar Travel, Inc
  svoi: webs=0 phones=3 addr=Maria Av
  weak address skipped: Maria Av
  no company website
  fill keys: ['city', 'google_maps_url', 'phone']
  recommendation updated
  skip publish (entity=business, street=False)

[7/20] Travel Team
  svoi: webs=0 phones=1 addr=1040 South Milwaukee Avenue
  no company website
  fill keys: ['address_line', 'city', 'google_maps_url', 'location_precision', 'phone', 'postal_code', 'state_code']
  recommendation updated
  publish: {'entity': 'business', 'action': 'create', 'id': 'ea9c7846-5340-4d11-a6a9-d4be151e3d01', 'slug': 'svoi-travel-team'}

[8/20] Bravo Travel | City Travel Club
  svoi: webs=0 phones=1 addr=1098 S Milwaukee Ave
  no company website
  fill keys: ['address_line', 'city', 'google_maps_url', 'location_precision', 'phone', 'postal_code', 'state_code']
  recommendation updated
  publish: {'entity': 'business', 'action': 'create', 'id': 'a247f547-1d3c-40da-aa87-d0c171ffa3c3', 'slug': 'svoi-bravo-travel-city-travel-club'}

[9/20] A World Class Travel
  svoi: webs=0 phones=1 addr=Downers grove
  weak address skipped: Downers grove
  no company website
  fill keys: ['city', 'google_maps_url', 'phone']
  recommendation updated
  skip publish (entity=business, street=False)

[10/20] EZ GO Travel
  svoi: webs=1 phones=1 addr=Northbrook
  weak address skipped: Northbrook
  website keys: ['emails']
  fill keys: ['city', 'email', 'google_maps_url', 'phone', 'website']
  recommendation updated
  skip publish (entity=business, street=False)

[11/20] Experienced Travel Agent Needed
  svoi: webs=0 phones=1 addr=Northbrook
  weak address skipped: Northbrook
  no company website
  fill keys: ['city', 'google_maps_url', 'phone']
  recommendation updated
  skip publish (entity=business, street=False)

[12/20] Stargate Travels Group, Inc.
  svoi: webs=0 phones=1 addr=518 Zenith Dr
  no company website
  fill keys: ['address_line', 'city', 'google_maps_url', 'location_precision', 'phone', 'postal_code', 'state_code']
  recommendation updated
  publish: {'entity': 'business', 'action': 'create', 'id': '102e0aa2-afaf-454b-bcd7-e0b4b0760eb5', 'slug': 'svoi-stargate-travels-group-inc'}

[13/20] Chicago Russian Tours IL
  svoi: webs=1 phones=1 addr=2474 East Dempster Street
  website keys: []
  fill keys: ['address_line', 'city', 'google_maps_url', 'location_precision', 'phone', 'postal_code', 'state_code', 'website']
  recommendation updated
  publish: {'entity': 'business', 'action': 'create', 'id': 'a026f6f9-4c81-4fc9-9b7a-a44453da73d3', 'slug': 'svoi-chicago-russian-tours-il'}

[14/20] American Travel Abroad, Inc.
  svoi: webs=0 phones=2 addr=8616 Golf Rd
  no company website
  fill keys: ['address_line', 'city', 'google_maps_url', 'location_precision', 'phone', 'postal_code', 'state_code']
  recommendation updated
  publish: {'entity': 'business', 'action': 'create', 'id': '04f9af2c-ac82-4204-b179-7fde32e6ea54', 'slug': 'svoi-american-travel-abroad-inc'}

[15/20] Aeroflot Cargo
  svoi: webs=0 phones=2 addr=Manheim Road 5600 N
  no company website
  fill keys: ['address_line', 'city', 'google_maps_url', 'location_precision', 'phone', 'postal_code', 'state_code']
  recommendation updated
  publish: {'entity': 'business', 'action': 'create', 'id': '2003c938-6ce4-4ab7-92e4-ddfb06ccdf89', 'slug': 'svoi-aeroflot-cargo'}

[16/20] Prime Travel company
  svoi: webs=0 phones=1 addr=Glenview
  weak address skipped: Glenview
  no company website
  fill keys: ['city', 'google_maps_url', 'phone']
  recommendation updated
  skip publish (entity=business, street=False)

[17/20] Millennium Tours Inc
  svoi: webs=1 phones=1 addr=9933 Lawler Avenue
  website keys: ['facebook_url']
  fill keys: ['address_line', 'city', 'google_maps_url', 'location_precision', 'phone', 'postal_code', 'state_code', 'website']
  recommendation updated
  publish: {'entity': 'business', 'action': 'create', 'id': '7b2db7b9-d92b-4b7f-a032-2b322635f1a7', 'slug': 'svoi-millennium-tours-inc'}

[18/20] Your Travel Agent Inc
  svoi: webs=1 phones=1 addr=7321 Waukegan Road
  website error: <urlopen error [Errno 8] nodename nor servname provided, or not known>
  fill keys: ['address_line', 'city', 'google_maps_url', 'location_precision', 'phone', 'postal_code', 'state_code', 'website']
  recommendation updated
  publish: {'entity': 'business', 'action': 'create', 'id': '5eb9fc13-5167-4e9b-adf1-7b28d3632453', 'slug': 'svoi-your-travel-agent-inc'}

[19/20] Chez Fare Travel
  svoi: webs=0 phones=4 addr=8850 Skokie Blvd
  no company website
  fill keys: ['address_line', 'city', 'google_maps_url', 'location_precision', 'phone', 'postal_code', 'state_code']
  recommendation updated
  publish: {'entity': 'business', 'action': 'create', 'id': '7143b1e1-20e7-4b89-959e-a7112c9072ab', 'slug': 'svoi-chez-fare-travel'}

[20/20] Party of Chicago
  svoi: webs=0 phones=4 addr=4606 Fargo Ave
  no company website
  fill keys: ['address_line', 'city', 'google_maps_url', 'location_precision', 'phone', 'postal_code', 'state_code']
  recommendation updated
  publish: {'entity': 'business', 'action': 'create', 'id': 'b2c9be02-b954-4c8a-8afb-78930d896e07', 'slug': 'svoi-party-of-chicago'}

Done. enriched=20 with_address=15 published=15 report=/Users/sammov/Russian business AI/scripts/business-enrich/data/svoi_enrich/batch_20260727T023114Z.json
Last targets=20 exit=0

===== ROUND 33 2026-07-27T02:31:17Z =====
targets=20 dry_run=False publish=True places=True publish_enriched=False

[1/20] World Travel and Tours
  svoi: webs=0 phones=3 addr=3530 W Peterson Ave
  no company website
  places: error
  places quota exhausted — continuing without Places
  fill keys: ['address_line', 'city', 'google_maps_url', 'location_precision', 'phone', 'postal_code', 'state_code']
  recommendation updated
  publish: {'entity': 'business', 'action': 'create', 'id': 'ec9a7670-3b5f-4312-839c-3f082b19819c', 'slug': 'svoi-world-travel-and-tours'}

[2/20] Northwestern Travel
  svoi: webs=0 phones=1 addr=849 North Western Avenue
  no company website
  fill keys: ['address_line', 'city', 'google_maps_url', 'location_precision', 'phone', 'postal_code', 'state_code']
  recommendation updated
  publish: {'entity': 'business', 'action': 'create', 'id': 'a47184d6-371b-4a3e-84ee-b857b299baa9', 'slug': 'svoi-northwestern-travel'}

[3/20] ATA American Travel Agency
  svoi: webs=0 phones=2 addr=2222 West Chicago Avenue
  no company website
  fill keys: ['address_line', 'city', 'google_maps_url', 'location_precision', 'phone', 'postal_code', 'state_code']
  recommendation updated
  publish: {'entity': 'business', 'action': 'create', 'id': '977829da-49aa-4588-b99d-7ba70688c46a', 'slug': 'svoi-ata-american-travel-agency'}

[4/20] International Educational Tours, Inc.
  svoi: webs=0 phones=1 addr=Chicago
  weak address skipped: Chicago
  no company website
  fill keys: ['city', 'google_maps_url', 'phone']
  recommendation updated
  skip publish (entity=business, street=False)

[5/20] Express Travel DG
  svoi: webs=0 phones=2 addr=N. LaSalle St.
  no company website
  fill keys: ['address_line', 'city', 'google_maps_url', 'location_precision', 'phone']
  recommendation updated
  publish: {'entity': 'business', 'action': 'create', 'id': 'f6d2d940-54fc-4a91-9dda-7e65da69633f', 'slug': 'svoi-express-travel-dg'}

[6/20] Dr. Marina Z. Burstein, MD
  svoi: webs=0 phones=1 addr=24013 Ventura Boulevard
  no company website
  fill keys: ['address_line', 'city', 'google_maps_url', 'location_precision', 'phone', 'postal_code', 'state_code']
  recommendation updated
  publish: {'entity': 'professional', 'action': 'create', 'id': '330b0566-da36-45a2-a298-17317acc7106', 'slug': 'svoi-dr-marina-z-burstein-md'}

[7/20] Марина Бурштейн, MD
  svoi: webs=1 phones=3 addr=24013 Ventura Blvd
  website error: HTTP Error 404: Not Found
  fill keys: ['address_line', 'city', 'google_maps_url', 'location_precision', 'phone', 'state_code', 'website']
  recommendation updated
  publish: {'entity': 'professional', 'action': 'merge', 'id': '330b0566-da36-45a2-a298-17317acc7106'}

[8/20] Гарабед Каекджян, MD
  svoi: webs=1 phones=1 addr=18250 Roscoe Blvd
  no company website
  fill keys: ['address_line', 'city', 'google_maps_url', 'location_precision', 'phone', 'postal_code', 'state_code']
  recommendation updated
  publish: {'entity': 'professional', 'action': 'create', 'id': 'ac79cb12-8867-4614-af60-c87aa2f13380', 'slug': 'svoi-md-3'}

[9/20] Dr. Larissa Gushansky, DDS.
  svoi: webs=0 phones=1 addr=887 East 2nd Street
  no company website
  fill keys: ['address_line', 'city', 'google_maps_url', 'location_precision', 'phone', 'postal_code', 'state_code']
  recommendation updated
  publish: {'entity': 'professional', 'action': 'create', 'id': '749483c6-84d2-40af-8ab6-92684213a13e', 'slug': 'svoi-dr-larissa-gushansky-dds'}

[10/20] Доктор Юрий Бершадский, DDS
  svoi: webs=1 phones=3 addr=10108 Topanga Canyon Blvd
  website keys: ['description', 'emails', 'facebook_url', 'phones', 'yelp_url']
  fill keys: ['address_line', 'city', 'email', 'google_maps_url', 'location_precision', 'phone', 'postal_code', 'state_code', 'website', 'yelp_url']
  recommendation updated
  publish: {'entity': 'professional', 'action': 'create', 'id': 'e15e528d-0477-4076-88a8-04525922e353', 'slug': 'svoi-dds'}

[11/20] Dr. Vladislav Viksman DDS
  svoi: webs=0 phones=1 addr=24011 Ventura Boulevard
  no company website
  fill keys: ['address_line', 'city', 'google_maps_url', 'location_precision', 'phone', 'postal_code', 'state_code']
  recommendation updated
  publish: {'entity': 'professional', 'action': 'create', 'id': '526a732e-a31b-4810-b165-fd20cd7afdb8', 'slug': 'svoi-dr-vladislav-viksman-dds'}

[12/20] Давид Лисов
  svoi: webs=0 phones=1 addr=13148 Courbet Ln
  no company website
  fill keys: ['address_line', 'city', 'google_maps_url', 'location_precision', 'phone', 'state_code']
  recommendation updated
  publish: {'entity': 'business', 'action': 'create', 'id': '8bf33f01-6e88-4a33-9bde-f45c2d6457fc', 'slug': 'svoi-biz-28'}

[13/20] Shushan Khachatryan
  svoi: webs=0 phones=1 addr=14305 Morgan Street
  no company website
  fill keys: ['address_line', 'city', 'google_maps_url', 'location_precision', 'phone', 'postal_code', 'state_code']
  recommendation updated
  publish: {'entity': 'business', 'action': 'create', 'id': '66a9bb0c-dcaf-4943-8e8d-7cc915a9ed6e', 'slug': 'svoi-shushan-khachatryan'}

[14/20] Шуб Валерий Владимирович
  svoi: webs=0 phones=2 addr=Los Angeles
  weak address skipped: Los Angeles
  no company website
  fill keys: ['city', 'google_maps_url', 'phone']
  recommendation updated
  skip publish (entity=business, street=False)

[15/20] Доктор Руслана Кадзе, MD
  svoi: webs=1 phones=4 addr=5525 Etiwanda Ave
  website error: <urlopen error [Errno 8] nodename nor servname provided, or not known>
  fill keys: ['address_line', 'city', 'google_maps_url', 'location_precision', 'phone', 'postal_code', 'state_code', 'website']
  recommendation updated
  publish: {'entity': 'professional', 'action': 'create', 'id': 'bda7a2d9-83a6-4916-afe4-5aa238d979bb', 'slug': 'svoi-md-4'}

[16/20] Dr Henry Hasserjian MD Santa Monica
  svoi: webs=0 phones=1 addr=20th Street 1301
  no company website
  fill keys: ['address_line', 'city', 'google_maps_url', 'location_precision', 'phone', 'postal_code', 'state_code']
  recommendation updated
  publish: {'entity': 'professional', 'action': 'create', 'id': '11410fcf-f66a-4ef7-9b9c-5124441963f6', 'slug': 'svoi-dr-henry-hasserjian-md-santa-monica'}

[17/20] Santa Ana Health Group: Sirakoff Dimitri DO
  svoi: webs=0 phones=1 addr=17th Street 1206
  no company website
  fill keys: ['address_line', 'city', 'google_maps_url', 'location_precision', 'phone', 'postal_code', 'state_code']
  recommendation updated
  publish: {'entity': 'professional', 'action': 'create', 'id': '3b227626-380d-4515-8f4b-87a8e0b2030a', 'slug': 'svoi-santa-ana-health-group-sirakoff-dimitri-do'}

[18/20] Dr. Ludmila W. Afonicheva, MD
  svoi: webs=0 phones=1 addr=3655 Lomita Boulevard
  no company website
  fill keys: ['address_line', 'city', 'google_maps_url', 'location_precision', 'phone', 'state_code']
  recommendation updated
  publish: {'entity': 'professional', 'action': 'create', 'id': 'b325ef59-6e16-4561-875b-c8d1b3f8a2da', 'slug': 'svoi-dr-ludmila-w-afonicheva-md'}

[19/20] Tilkian Ara Cardiology
  svoi: webs=1 phones=2 addr=16542 Ventura Blvd
  website keys: []
  fill keys: ['address_line', 'city', 'google_maps_url', 'location_precision', 'phone', 'postal_code', 'state_code', 'website']
  recommendation updated
  publish: {'entity': 'business', 'action': 'create', 'id': '919e78c6-664d-4471-8b8a-1ffcfaed4957', 'slug': 'svoi-tilkian-ara-cardiology'}

[20/20] Доктор Реймонд Равен III, MD
  svoi: webs=1 phones=2 addr=2625 W Alameda Ave
  website keys: ['address_line', 'city', 'description', 'emails', 'facebook_url', 'instagram_url', 'postal_code', 'state_code']
  fill keys: ['address_line', 'city', 'email', 'google_maps_url', 'instagram_url', 'location_precision', 'phone', 'postal_code', 'state_code', 'website']
  recommendation updated
  publish: {'entity': 'professional', 'action': 'create', 'id': '1c65e4c7-5fad-4616-af26-a84c28bf203e', 'slug': 'svoi-iii-md'}

Done. enriched=20 with_address=18 published=18 report=/Users/sammov/Russian business AI/scripts/business-enrich/data/svoi_enrich/batch_20260727T023218Z.json
Last targets=20 exit=0

===== ROUND 34 2026-07-27T02:32:21Z =====
targets=20 dry_run=False publish=True places=True publish_enriched=False

[1/20] Raffi Margossian DDS MSD
  svoi: webs=1 phones=3 addr=239 W Olive Ave Burbank
  no company website
  places: error
  places quota exhausted — continuing without Places
  fill keys: ['address_line', 'city', 'google_maps_url', 'location_precision', 'phone', 'state_code']
  recommendation updated
  publish: {'entity': 'professional', 'action': 'create', 'id': '36c70b92-5f2b-41aa-9341-4d8ab5cefe1c', 'slug': 'svoi-raffi-margossian-dds-msd'}

[2/20] Доктор Виктория Голденберг
  svoi: webs=1 phones=3 addr=6433 Fallbrook Ave
  website error: HTTP Error 308: Permanent Redirect
  fill keys: ['address_line', 'city', 'google_maps_url', 'location_precision', 'phone', 'postal_code', 'state_code', 'website']
  recommendation updated
  publish: {'entity': 'professional', 'action': 'create', 'id': 'dd51cdae-5953-4a69-b5a5-1e3df41ae81c', 'slug': 'svoi-biz-2'}

[3/20] Dr. Lydia Matkovich MD
  svoi: webs=0 phones=3 addr=Crenshaw Blvd
  no company website
  fill keys: ['address_line', 'city', 'google_maps_url', 'location_precision', 'phone']
  recommendation updated
  publish: {'entity': 'professional', 'action': 'create', 'id': 'c10b6913-1ff3-460f-9d08-91bebc81234f', 'slug': 'svoi-dr-lydia-matkovich-md'}

[4/20] Мишель Бабаджанян, MD, FACS
  svoi: webs=1 phones=2 addr=2080 Century Park E
  website keys: ['address_line', 'city', 'description', 'emails', 'opening_hours', 'phones', 'postal_code', 'yelp_url']
  fill keys: ['address_line', 'city', 'email', 'google_maps_url', 'location_precision', 'opening_hours', 'phone', 'postal_code', 'state_code', 'website', 'yelp_url']
  recommendation updated
  publish: {'entity': 'professional', 'action': 'create', 'id': '5ae201ae-7a2a-47d8-ad7b-9ba5a229d3c3', 'slug': 'svoi-md-facs'}

[5/20] Dr. Adel Zaretsky
  svoi: webs=1 phones=2 addr=6225 Wilshire Boulevard
  website keys: ['emails', 'phones', 'yelp_url']
  fill keys: ['address_line', 'city', 'email', 'google_maps_url', 'location_precision', 'phone', 'state_code', 'website', 'yelp_url']
  recommendation updated
  publish: {'entity': 'business', 'action': 'create', 'id': '68c2ee8f-d80c-4dc6-ba82-267e53aaea0e', 'slug': 'svoi-dr-adel-zaretsky'}

[6/20] Dr. Konstantin Salkinder, MD
  svoi: webs=1 phones=1 addr=6221 Wilshire Boulevard
  website error: <urlopen error [Errno 8] nodename nor servname provided, or not known>
  fill keys: ['address_line', 'city', 'google_maps_url', 'location_precision', 'phone', 'website']
  recommendation updated
  publish: {'entity': 'professional', 'action': 'create', 'id': '04908daf-e6e1-4788-a234-e8fb738ff999', 'slug': 'svoi-dr-konstantin-salkinder-md'}

[7/20] Salibian Arthur MD Physicians-Plastic and Reconstructive Surgery
  svoi: webs=0 phones=1 addr=1201 West La Veta Avenue
  no company website
  fill keys: ['address_line', 'city', 'google_maps_url', 'location_precision', 'phone', 'postal_code', 'state_code']
  recommendation updated
  publish: {'entity': 'professional', 'action': 'create', 'id': 'c5975f07-3179-4e20-9bf0-07061feea8dc', 'slug': 'svoi-salibian-arthur-md-physicians-plastic-and-recons'}

[8/20] Shu Olessya Victorovna
  svoi: webs=1 phones=1 addr=2951
  website keys: ['facebook_url']
  fill keys: ['address_line', 'city', 'google_maps_url', 'location_precision', 'phone', 'state_code', 'website']
  recommendation updated
  publish: {'entity': 'business', 'action': 'create', 'id': 'bb5346b9-22f9-4943-a5d4-627567a1ee19', 'slug': 'svoi-shu-olessya-victorovna'}

[9/20] Amerian Mary Lee MD Dermatology
  svoi: webs=0 phones=1 addr=2336 Santa Monica Boulevard
  no company website
  fill keys: ['address_line', 'city', 'google_maps_url', 'location_precision', 'phone', 'postal_code', 'state_code']
  recommendation updated
  publish: {'entity': 'professional', 'action': 'create', 'id': 'e0e7295a-02ad-4da3-a00c-4cf13c4fa847', 'slug': 'svoi-amerian-mary-lee-md-dermatology'}

[10/20] Наталья Ратинер MD
  svoi: webs=1 phones=1 addr=13713 Burbank Blvd
  no company website
  fill keys: ['address_line', 'city', 'google_maps_url', 'location_precision', 'phone']
  recommendation updated
  publish: {'entity': 'professional', 'action': 'create', 'id': '41811ce2-8e04-4add-8f93-7d9164a654a7', 'slug': 'svoi-md-5'}

[11/20] Доктор Александр Ройзман
  svoi: webs=1 phones=2 addr=6850 Van Nuys Blvd
  no company website
  fill keys: ['address_line', 'city', 'google_maps_url', 'location_precision', 'phone', 'postal_code', 'state_code']
  recommendation updated
  publish: {'entity': 'professional', 'action': 'create', 'id': 'b73bf4ef-f106-4508-b61a-b0ef443e059d', 'slug': 'svoi-biz-3'}

[12/20] Gadi Kaufman, C.N.M.T.,
  svoi: webs=0 phones=1 addr=7th Street 1460
  no company website
  fill keys: ['address_line', 'city', 'google_maps_url', 'location_precision', 'phone', 'postal_code', 'state_code']
  recommendation updated
  publish: {'entity': 'business', 'action': 'create', 'id': 'dc2868dc-982c-444a-bbaf-ce4222860246', 'slug': 'svoi-gadi-kaufman-c-n-m-t'}

[13/20] California Chiropractic
  svoi: webs=0 phones=2 addr=159 North Raymond Avenue
  no company website
  fill keys: ['address_line', 'city', 'google_maps_url', 'location_precision', 'phone', 'postal_code', 'state_code']
  recommendation updated
  publish: {'entity': 'business', 'action': 'create', 'id': '66740307-2d7b-4c7b-a881-f900117fead3', 'slug': 'svoi-california-chiropractic'}

[14/20] Vladimir Kaye MD at California Spine and Sports
  svoi: webs=1 phones=1 addr=159 North Raymond Avenue
  website keys: []
  fill keys: ['address_line', 'city', 'google_maps_url', 'location_precision', 'phone', 'postal_code', 'state_code', 'website']
  recommendation updated
  publish: {'entity': 'professional', 'action': 'create', 'id': '473a3078-a39f-42df-a031-c408ce94aa8b', 'slug': 'svoi-vladimir-kaye-md-at-california-spine-and-sports'}

[15/20] One Stop Rent-A-Car
  svoi: webs=0 phones=1 addr=6050 Vineland Ave
  no company website
  fill keys: ['address_line', 'city', 'google_maps_url', 'location_precision', 'phone', 'state_code']
  recommendation updated
  publish: {'entity': 'business', 'action': 'create', 'id': '45d72333-0e5b-4e12-87a7-2e3fc2573d08', 'slug': 'svoi-one-stop-rent-a-car'}

[16/20] Keyes Audi
  svoi: webs=1 phones=2 addr=5700 Van Nuys Boulevard
  website error: <urlopen error [SSL: TLSV1_ALERT_INTERNAL_ERROR] tlsv1 alert internal error (_ssl.c:1129)>
  fill keys: ['address_line', 'city', 'google_maps_url', 'location_precision', 'phone', 'website']
  recommendation updated
  publish: {'entity': 'business', 'action': 'create', 'id': '08c8ea4c-24dc-441c-9424-674c6b55a32d', 'slug': 'svoi-keyes-audi'}

[17/20] Northridge Driving& Traffic
  svoi: webs=1 phones=5 addr=9029 Reseda Boulevard
  website error: <urlopen error timed out>
  fill keys: ['address_line', 'city', 'google_maps_url', 'location_precision', 'phone', 'state_code', 'website']
  recommendation updated
  publish: {'entity': 'business', 'action': 'create', 'id': 'ce5f8dac-2a07-43c1-8409-0fd2db7004fb', 'slug': 'svoi-northridge-driving-traffic'}

[18/20] Unique Towncar Service
  svoi: webs=1 phones=2 addr=17120 Vose St Van Nuys
  website keys: []
  fill keys: ['address_line', 'city', 'google_maps_url', 'location_precision', 'phone', 'postal_code', 'state_code', 'website']
  recommendation updated
  publish: {'entity': 'business', 'action': 'create', 'id': '0d2bb28b-d70c-4945-bb4e-9ea3be73244d', 'slug': 'svoi-unique-towncar-service'}

[19/20] Camp Alonim
  svoi: webs=1 phones=1 addr=1101 Pepper Tree Lane
  website error: HTTP Error 403: Forbidden
  fill keys: ['address_line', 'city', 'google_maps_url', 'location_precision', 'phone', 'website']
  recommendation updated
  publish: {'entity': 'business', 'action': 'create', 'id': 'a3b01484-a0ed-4c19-9998-01f72fdd62f7', 'slug': 'svoi-camp-alonim'}

[20/20] Organic Kid Care
  svoi: webs=1 phones=2 addr=8336 Faust Avenue
  website keys: []
  fill keys: ['address_line', 'city', 'google_maps_url', 'location_precision', 'phone', 'state_code', 'website']
  recommendation updated
  publish: {'entity': 'business', 'action': 'create', 'id': 'e4a26c5b-cdbb-4bf5-b5b3-b799874bf01f', 'slug': 'svoi-organic-kid-care'}

Done. enriched=20 with_address=20 published=20 report=/Users/sammov/Russian business AI/scripts/business-enrich/data/svoi_enrich/batch_20260727T023349Z.json
Last targets=20 exit=0

===== ROUND 35 2026-07-27T02:33:52Z =====
targets=20 dry_run=False publish=True places=True publish_enriched=False

[1/20] Детский сад Кораблик
  svoi: webs=1 phones=2 addr=22960 Burbank Blvd
  website keys: []
  places: error
  places quota exhausted — continuing without Places
  fill keys: ['address_line', 'city', 'google_maps_url', 'location_precision', 'phone', 'postal_code', 'state_code', 'website']
  recommendation updated
  publish: {'entity': 'business', 'action': 'create', 'id': '07c8fb00-f1b4-4f31-8138-e9a1fc7f705e', 'slug': 'svoi-biz-29'}

[2/20] Радистка Кэт
  svoi: webs=0 phones=0 addr=5915 Westminster Blvd
  no company website
  fill keys: ['address_line', 'city', 'google_maps_url', 'location_precision', 'state_code']
  recommendation updated
  publish: {'entity': 'business', 'action': 'create', 'id': 'f854309f-48fa-4874-8d7d-5fa912b138c4', 'slug': 'svoi-biz-30'}

[3/20] Детский Русский Клуб
  svoi: webs=1 phones=3 addr=731 South Averill Avenue
  website keys: ['emails', 'facebook_url', 'instagram_url', 'phones']
  fill keys: ['address_line', 'city', 'email', 'google_maps_url', 'instagram_url', 'location_precision', 'phone', 'postal_code', 'state_code', 'website']
  recommendation updated
  publish: {'entity': 'business', 'action': 'create', 'id': '6085a24b-0d62-49e0-9a25-c8fea8fc4f1b', 'slug': 'svoi-biz-31'}

[4/20] Grace Rhythmic
  svoi: webs=1 phones=1 addr=8859 WILBUR AVE
  website keys: ['description', 'emails', 'facebook_url', 'instagram_url', 'opening_hours', 'phones', 'yelp_url']
  fill keys: ['address_line', 'city', 'email', 'google_maps_url', 'instagram_url', 'location_precision', 'opening_hours', 'phone', 'website', 'yelp_url']
  recommendation updated
  publish: {'entity': 'business', 'action': 'create', 'id': '2f5175b1-0fbb-4607-902d-3a56c8341f83', 'slug': 'svoi-grace-rhythmic'}

[5/20] White and Associates
  svoi: webs=1 phones=1 addr=21550 Oxnard Street
  website keys: []
  fill keys: ['address_line', 'city', 'google_maps_url', 'location_precision', 'phone', 'postal_code', 'state_code', 'website']
  recommendation updated
  publish: {'entity': 'business', 'action': 'create', 'id': '689ff92a-c552-4bdc-baf4-6d6ee02a392c', 'slug': 'svoi-white-and-associates'}

[6/20] Адвокатское бюро Питера Сварта
  svoi: webs=1 phones=4 addr=6520 Platt Ave
  website error: HTTP Error 308: Permanent Redirect
  fill keys: ['address_line', 'city', 'google_maps_url', 'location_precision', 'phone', 'postal_code', 'state_code', 'website']
  recommendation updated
  publish: {'entity': 'professional', 'action': 'create', 'id': '7a1a8b2c-646e-48d1-943a-31ad9f3cfaa1', 'slug': 'svoi-biz-4'}

[7/20] Leslie Richards Law Offices
  svoi: webs=1 phones=2 addr=17337 Ventura Blvd
  website keys: []
  fill keys: ['address_line', 'city', 'google_maps_url', 'location_precision', 'phone', 'state_code', 'website']
  recommendation updated
  publish: {'entity': 'professional', 'action': 'create', 'id': '33cc329f-86d8-41d1-a376-44a3ed16bf90', 'slug': 'svoi-leslie-richards-law-offices'}

[8/20] Law Office of Ruzanna Poghosyan
  svoi: webs=1 phones=2 addr=16861 Ventura Blvd
  no company website
  fill keys: ['address_line', 'city', 'google_maps_url', 'location_precision', 'phone']
  recommendation updated
  publish: {'entity': 'business', 'action': 'create', 'id': '112c1b16-e76b-45e0-aab7-017815b52eb5', 'slug': 'svoi-law-office-of-ruzanna-poghosyan'}

[9/20] Kaloustian Law Group
  svoi: webs=1 phones=2 addr=21031 Ventura Blvd
  website keys: ['description', 'phones']
  fill keys: ['address_line', 'city', 'google_maps_url', 'location_precision', 'phone', 'postal_code', 'state_code', 'website']
  recommendation updated
  publish: {'entity': 'business', 'action': 'create', 'id': '50539318-912b-45c3-9729-025ceadc0dd6', 'slug': 'svoi-kaloustian-law-group'}

[10/20] Юридическая компания Хавкин и Шраго
  svoi: webs=1 phones=3 addr=5950 Canoga Ave
  website keys: ['address_line', 'city', 'facebook_url', 'phones', 'postal_code', 'state_code']
  fill keys: ['address_line', 'city', 'google_maps_url', 'location_precision', 'phone', 'postal_code', 'state_code', 'website']
  recommendation updated
  publish: {'entity': 'business', 'action': 'create', 'id': '82e5fc76-2af0-4ea1-be15-59901f5a0964', 'slug': 'svoi-biz-32'}

[11/20] Law offices of Vadim Felix Frish
  svoi: webs=1 phones=4 addr=18607 Ventura Blvd
  website keys: ['address_line', 'city', 'description', 'facebook_url', 'instagram_url', 'phones', 'postal_code', 'state_code']
  fill keys: ['address_line', 'city', 'google_maps_url', 'instagram_url', 'location_precision', 'phone', 'postal_code', 'state_code', 'website']
  recommendation updated
  publish: {'entity': 'business', 'action': 'create', 'id': '47e0660c-f48f-4ecd-aafa-373a7be871c0', 'slug': 'svoi-law-offices-of-vadim-felix-frish'}

[12/20] Angela Schmidt - LegalDocsA2Z
  svoi: webs=1 phones=1 addr=4122 E Chapman Ave
  website keys: ['phones']
  fill keys: ['address_line', 'city', 'google_maps_url', 'location_precision', 'phone', 'state_code', 'website']
  recommendation updated
  publish: {'entity': 'professional', 'action': 'create', 'id': '85db4c6f-9df7-4830-bfba-e82b9987f3a7', 'slug': 'svoi-angela-schmidt-legaldocsa2z'}

[13/20] Law Offices of Marina Ayzenstein
  svoi: webs=1 phones=3 addr=21241 Ventura Boulevard
  website keys: []
  fill keys: ['address_line', 'city', 'google_maps_url', 'location_precision', 'phone', 'website']
  recommendation updated
  publish: {'entity': 'business', 'action': 'create', 'id': 'c58d2a70-e243-4149-90db-08857f0933c1', 'slug': 'svoi-law-offices-of-marina-ayzenstein'}

[14/20] Адвокатское бюро Тодда Бекрафта
  svoi: webs=1 phones=4 addr=3450 Wilshire Blvd
  website error: HTTP Error 308: Permanent Redirect
  fill keys: ['address_line', 'city', 'google_maps_url', 'location_precision', 'phone', 'postal_code', 'state_code', 'website']
  recommendation updated
  publish: {'entity': 'business', 'action': 'create', 'id': '49a3531c-a571-4865-9fce-24c644d6d334', 'slug': 'svoi-biz-33'}

[15/20] MCIS Lawyers Personal Injury Law Firm
  svoi: webs=1 phones=1 addr=20300 Ventura Blvd
  website keys: ['description', 'emails', 'phones']
  fill keys: ['address_line', 'city', 'email', 'google_maps_url', 'location_precision', 'phone', 'postal_code', 'state_code', 'website']
  recommendation updated
  publish: {'entity': 'business', 'action': 'create', 'id': '82962ad7-22a1-44dc-9f70-c5318f3033b7', 'slug': 'svoi-mcis-lawyers-personal-injury-law-firm'}

[16/20] Адвокатское бюро Алекс Берлин
  svoi: webs=1 phones=2 addr=18425 Burbank Boulevard
  website keys: ['facebook_url', 'instagram_url']
  fill keys: ['address_line', 'city', 'google_maps_url', 'instagram_url', 'location_precision', 'phone', 'postal_code', 'state_code', 'website']
  recommendation updated
  publish: {'entity': 'business', 'action': 'create', 'id': '0967160c-78c1-497f-ad67-4199d0ec6fda', 'slug': 'svoi-biz-34'}

[17/20] Brandon King - Realty Executives
  svoi: webs=1 phones=2 addr=26650 The Old Road
  website error: HTTP Error 404: Not Found
  fill keys: ['address_line', 'city', 'google_maps_url', 'location_precision', 'phone', 'website']
  recommendation updated
  publish: {'entity': 'business', 'action': 'create', 'id': '1bbac4a8-c11b-4a39-9f19-c5564004010b', 'slug': 'svoi-brandon-king-realty-executives'}

[18/20] Century 21 Troop Real Estate
  svoi: webs=0 phones=3 addr=Santa clarita
  weak address skipped: Santa clarita
  no company website
  fill keys: ['city', 'google_maps_url', 'phone']
  recommendation updated
  skip publish (entity=business, street=False)

[19/20] Erika Rudner- Wish Sotheby’s International The Michelle Hirsch Group
  svoi: webs=1 phones=1 addr=26050 Mureau Road
  website keys: ['emails', 'phones']
  fill keys: ['address_line', 'city', 'email', 'google_maps_url', 'location_precision', 'phone', 'website']
  recommendation updated
  publish: {'entity': 'business', 'action': 'create', 'id': 'a1586de5-5262-42bb-9229-a1630eef92bd', 'slug': 'svoi-erika-rudner-wish-sotheby-s-international-the-mi'}

[20/20] P & S Hollywood Development
  svoi: webs=1 phones=2 addr=4844 Hollywood Boulevard
  website keys: ['description']
  fill keys: ['address_line', 'city', 'google_maps_url', 'location_precision', 'phone', 'postal_code', 'state_code', 'website']
  recommendation updated
  publish: {'entity': 'business', 'action': 'create', 'id': 'f34e5123-e257-4797-982a-678e14c29766', 'slug': 'svoi-p-s-hollywood-development'}

Done. enriched=20 with_address=19 published=19 report=/Users/sammov/Russian business AI/scripts/business-enrich/data/svoi_enrich/batch_20260727T023540Z.json
Last targets=20 exit=0

===== ROUND 36 2026-07-27T02:35:44Z =====
targets=20 dry_run=False publish=True places=True publish_enriched=False

[1/20] Lawyer Alexander Edward Gilburg
  svoi: webs=1 phones=2 addr=16209 Victory Blvd
  website keys: []
  places: error
  places quota exhausted — continuing without Places
  fill keys: ['address_line', 'city', 'google_maps_url', 'location_precision', 'phone', 'postal_code', 'state_code', 'website']
  recommendation updated
  publish: {'entity': 'professional', 'action': 'create', 'id': '36b86710-d22a-492a-8024-1e40fbd61222', 'slug': 'svoi-lawyer-alexander-edward-gilburg'}

[2/20] TITAN AEC
  svoi: webs=1 phones=2 addr=633 W. 5th Street
  website keys: ['facebook_url', 'instagram_url']
  fill keys: ['address_line', 'city', 'google_maps_url', 'instagram_url', 'location_precision', 'phone', 'postal_code', 'state_code', 'website']
  recommendation updated
  publish: {'entity': 'business', 'action': 'create', 'id': '8e58a978-9faf-4655-b07b-e37672e5ef84', 'slug': 'svoi-titan-aec'}

[3/20] Green CalState Construction
  svoi: webs=1 phones=4 addr=18340 Ventura Blvd
  website error: <urlopen error [Errno 8] nodename nor servname provided, or not known>
  fill keys: ['address_line', 'city', 'google_maps_url', 'location_precision', 'phone', 'state_code', 'website']
  recommendation updated
  publish: {'entity': 'business', 'action': 'create', 'id': '2d3902fa-8b44-4010-a08f-6f2204e37e25', 'slug': 'svoi-green-calstate-construction'}

[4/20] Engineer Framing System
  svoi: webs=0 phones=1 addr=13659 Victory Boulevard
  no company website
  fill keys: ['address_line', 'city', 'google_maps_url', 'location_precision', 'phone', 'postal_code', 'state_code']
  recommendation updated
  publish: {'entity': 'business', 'action': 'create', 'id': '2ed1153d-3e5c-474d-9022-c0ded21da9a6', 'slug': 'svoi-engineer-framing-system'}

[5/20] EZ Plumbing & Rooter Plumbing Contractors
  svoi: webs=1 phones=1 addr=11478 Burbank Blvd
  website error: <urlopen error [SSL: TLSV1_ALERT_PROTOCOL_VERSION] tlsv1 alert protocol version (_ssl.c:1129)>
  fill keys: ['address_line', 'city', 'google_maps_url', 'location_precision', 'phone', 'state_code', 'website']
  recommendation updated
  publish: {'entity': 'business', 'action': 'create', 'id': '03f219fc-9e8a-43be-9ffe-6362d1fd21cb', 'slug': 'svoi-ez-plumbing-rooter-plumbing-contractors'}

[6/20] Master Rooter
  svoi: webs=1 phones=2 addr=1773 W San Bernardino Rd
  no company website
  fill keys: ['address_line', 'city', 'google_maps_url', 'location_precision', 'phone', 'state_code']
  recommendation updated
  publish: {'entity': 'business', 'action': 'create', 'id': '8e7c7479-1c97-4e69-b53d-1929f92a8947', 'slug': 'svoi-master-rooter'}

[7/20] New Flow Plumbing and Rooter Services
  svoi: webs=1 phones=1 addr=6718 Katherine Avenue
  website keys: ['address_line', 'city', 'description', 'facebook_url', 'phones', 'postal_code', 'state_code', 'yelp_url']
  fill keys: ['address_line', 'city', 'google_maps_url', 'location_precision', 'phone', 'postal_code', 'state_code', 'website', 'yelp_url']
  recommendation updated
  publish: {'entity': 'business', 'action': 'create', 'id': '542ff2d7-2346-473d-8169-fadeed301d45', 'slug': 'svoi-new-flow-plumbing-and-rooter-services'}

[8/20] Precision Electric
  svoi: webs=1 phones=4 addr=10446 Variel Avenue
  website error: HTTP Error 308: Permanent Redirect
  fill keys: ['address_line', 'city', 'google_maps_url', 'location_precision', 'phone', 'state_code', 'website']
  recommendation updated
  publish: {'entity': 'business', 'action': 'create', 'id': '842f3137-90e0-43d0-a168-87922c46ceb0', 'slug': 'svoi-precision-electric'}

[9/20] Юрий Котлерман Электрик
  svoi: webs=1 phones=1 addr=8901 Wilbur Avenue
  website error: <urlopen error [Errno 8] nodename nor servname provided, or not known>
  fill keys: ['address_line', 'city', 'google_maps_url', 'location_precision', 'phone', 'postal_code', 'state_code', 'website']
  recommendation updated
  publish: {'entity': 'business', 'action': 'create', 'id': '9b9d90df-f73f-4cde-8519-00c9db687c0a', 'slug': 'svoi-biz-35'}

[10/20] S H S Electrical Company
  svoi: webs=1 phones=5 addr=16739 Vanowen St
  website keys: []
  fill keys: ['address_line', 'city', 'google_maps_url', 'location_precision', 'phone', 'postal_code', 'state_code', 'website']
  recommendation updated
  publish: {'entity': 'business', 'action': 'create', 'id': 'd0982a23-b510-43b5-bfce-3130378156fa', 'slug': 'svoi-s-h-s-electrical-company'}

[11/20] A Professional Handyman
  svoi: webs=0 phones=2 addr=Los Angeles
  weak address skipped: Los Angeles
  no company website
  fill keys: ['city', 'google_maps_url', 'phone']
  recommendation updated
  skip publish (entity=business, street=False)

[12/20] Master Cabinets Company
  svoi: webs=1 phones=4 addr=9710 Owensmouth Ave
  website keys: ['description', 'emails', 'facebook_url', 'phones', 'yelp_url']
  fill keys: ['address_line', 'city', 'email', 'google_maps_url', 'location_precision', 'phone', 'postal_code', 'state_code', 'website', 'yelp_url']
  recommendation updated
  publish: {'entity': 'business', 'action': 'create', 'id': '03280c8d-d3e5-4f70-a3cd-51259b776d5f', 'slug': 'svoi-master-cabinets-company'}

[13/20] J. Alexander Furniture
  svoi: webs=1 phones=3 addr=6931 Stanford Ave
  website keys: []
  fill keys: ['address_line', 'city', 'google_maps_url', 'location_precision', 'phone', 'state_code', 'website']
  recommendation updated
  publish: {'entity': 'business', 'action': 'create', 'id': '66b30cb4-74f3-4970-811c-a82e89f58ac3', 'slug': 'svoi-j-alexander-furniture'}

[14/20] LAComfy Furniture Store Los Angeles
  svoi: webs=1 phones=1 addr=929 N Western Ave
  website keys: ['description']
  fill keys: ['address_line', 'city', 'google_maps_url', 'location_precision', 'phone', 'state_code', 'website']
  recommendation updated
  publish: {'entity': 'business', 'action': 'create', 'id': 'e8a04699-7d9e-46bd-8e5c-855c5f03fdb9', 'slug': 'svoi-lacomfy-furniture-store-los-angeles'}

[15/20] Ремонтные работы - шпаклевка и покраска стен
  svoi: webs=0 phones=1 addr=Los Angeles
  weak address skipped: Los Angeles
  no company website
  fill keys: ['city', 'google_maps_url', 'phone']
  recommendation updated
  skip publish (entity=business, street=False)

[16/20] Строительная компания Sky Tunnel Construction
  svoi: webs=1 phones=3 addr=5832 Carlton Way
  website error: <urlopen error [Errno 8] nodename nor servname provided, or not known>
  fill keys: ['address_line', 'city', 'google_maps_url', 'location_precision', 'phone', 'website']
  recommendation updated
  publish: {'entity': 'business', 'action': 'create', 'id': '7eb2ccd9-2d7a-4490-b8ae-cf0d99d86da6', 'slug': 'svoi-sky-tunnel-construction'}

[17/20] AirCrew
  svoi: webs=0 phones=1 addr=Stevenson Ranch
  weak address skipped: Stevenson Ranch
  no company website
  fill keys: ['city', 'google_maps_url', 'phone']
  recommendation updated
  skip publish (entity=business, street=False)

[18/20] Advanced Handyman Services
  svoi: webs=1 phones=3 addr=7139 Pomelo Drive
  website keys: ['address_line', 'city', 'facebook_url', 'instagram_url', 'phones', 'postal_code', 'state_code', 'yelp_url']
  fill keys: ['address_line', 'city', 'google_maps_url', 'instagram_url', 'location_precision', 'phone', 'postal_code', 'state_code', 'website', 'yelp_url']
  recommendation updated
  publish: {'entity': 'business', 'action': 'create', 'id': 'c67f3313-4fce-4130-a544-84a117403776', 'slug': 'svoi-advanced-handyman-services'}

[19/20] Trident Plumbing
  svoi: webs=1 phones=1 addr=7738 Gentry Avenue
  no company website
  fill keys: ['address_line', 'city', 'google_maps_url', 'location_precision', 'phone', 'state_code']
  recommendation updated
  publish: {'entity': 'business', 'action': 'create', 'id': 'c916abb0-7994-47a0-8fe8-3d0c34c755ad', 'slug': 'svoi-trident-plumbing'}

[20/20] Urgent House Cleaning
  svoi: webs=1 phones=1 addr=6936 Peach Avenue
  no company website
  fill keys: ['address_line', 'city', 'google_maps_url', 'location_precision', 'phone', 'postal_code', 'state_code']
  recommendation updated
  publish: {'entity': 'business', 'action': 'create', 'id': '2f705640-4a93-42ed-9adb-2c68e04de9ab', 'slug': 'svoi-urgent-house-cleaning'}

Done. enriched=20 with_address=17 published=17 report=/Users/sammov/Russian business AI/scripts/business-enrich/data/svoi_enrich/batch_20260727T023654Z.json
Last targets=20 exit=0

===== ROUND 37 2026-07-27T02:36:57Z =====
targets=20 dry_run=False publish=True places=True publish_enriched=False

[1/20] True Ward Carpet Cleaning, Carpet & Rug Cleaners
  svoi: webs=1 phones=1 addr=Los Angeles
  weak address skipped: Los Angeles
  no company website
  places: error
  places quota exhausted — continuing without Places
  fill keys: ['city', 'google_maps_url', 'phone']
  recommendation updated
  skip publish (entity=business, street=False)

[2/20] Prime Termite
  svoi: webs=1 phones=3 addr=2829 N. San Fernando Rd
  website keys: ['description', 'facebook_url', 'phones']
  fill keys: ['address_line', 'city', 'google_maps_url', 'location_precision', 'phone', 'postal_code', 'state_code', 'website']
  recommendation updated
  publish: {'entity': 'business', 'action': 'create', 'id': '1da8d72d-a297-46ef-a265-95efeb846857', 'slug': 'svoi-prime-termite'}

[3/20] Marina Clark - Savvolio Real Estate Services
  svoi: webs=1 phones=1 addr=17207 Ventura Blvd Suite # 2
  website error: <urlopen error [Errno 8] nodename nor servname provided, or not known>
  fill keys: ['address_line', 'city', 'google_maps_url', 'location_precision', 'phone', 'state_code', 'website']
  recommendation updated
  publish: {'entity': 'business', 'action': 'create', 'id': '7094b4f7-0ce1-4837-9e99-0b2f8fbbf953', 'slug': 'svoi-marina-clark-savvolio-real-estate-services'}

[4/20] Beginyan's Inc
  svoi: webs=1 phones=1 addr=7252 Bellaire Avenue
  website error: <urlopen error [Errno 8] nodename nor servname provided, or not known>
  fill keys: ['address_line', 'city', 'google_maps_url', 'location_precision', 'phone', 'postal_code', 'state_code', 'website']
  recommendation updated
  publish: {'entity': 'business', 'action': 'create', 'id': '7f6ad5c3-138c-4331-ab51-0e566d9b0a6d', 'slug': 'svoi-beginyan-s-inc'}

[5/20] Remodelzz
  svoi: webs=1 phones=1 addr=11400 Olympic Blvd
  website error: <urlopen error [Errno 8] nodename nor servname provided, or not known>
  fill keys: ['address_line', 'city', 'google_maps_url', 'location_precision', 'phone', 'state_code', 'website']
  recommendation updated
  publish: {'entity': 'business', 'action': 'create', 'id': 'b63e7a48-3f48-4248-81da-a913c79d2f5c', 'slug': 'svoi-remodelzz'}

[6/20] Beguile Beauty
  svoi: webs=0 phones=2 addr=1633 East Lincoln Avenue
  no company website
  fill keys: ['address_line', 'city', 'google_maps_url', 'location_precision', 'phone', 'postal_code', 'state_code']
  recommendation updated
  publish: {'entity': 'business', 'action': 'create', 'id': 'e9c5fc04-be0b-4eef-beb4-1839b452e45c', 'slug': 'svoi-beguile-beauty'}

[7/20] The Executive Barbershop & Salon
  svoi: webs=1 phones=2 addr=22201 Ventura Blvd
  no company website
  fill keys: ['address_line', 'city', 'google_maps_url', 'location_precision', 'phone', 'postal_code', 'state_code']
  recommendation updated
  publish: {'entity': 'business', 'action': 'create', 'id': 'c4f9fef8-7edd-48dd-a06a-1ffe04fc9b09', 'slug': 'svoi-the-executive-barbershop-salon'}

[8/20] Image Hair Studio
  svoi: webs=1 phones=2 addr=9301 Tampa Avenue
  no company website
  fill keys: ['address_line', 'city', 'google_maps_url', 'location_precision', 'phone', 'postal_code', 'state_code']
  recommendation updated
  publish: {'entity': 'business', 'action': 'create', 'id': '9211f50e-c254-40b1-bcaf-2183a2f167c3', 'slug': 'svoi-image-hair-studio'}

[9/20] Two Brown Eyed Girls
  svoi: webs=1 phones=4 addr=1864 South Sepulveda Boulevard
  website error: <urlopen error [Errno 8] nodename nor servname provided, or not known>
  fill keys: ['address_line', 'city', 'google_maps_url', 'location_precision', 'phone', 'postal_code', 'state_code', 'website']
  recommendation updated
  publish: {'entity': 'business', 'action': 'create', 'id': '5787c3b1-ecb7-4a8f-8123-fa3ed34cb519', 'slug': 'svoi-two-brown-eyed-girls'}

[10/20] Santa Clarita Massage by Natalya
  svoi: webs=1 phones=2 addr=27600 Bouquet Canyon Road
  website keys: ['description', 'emails', 'facebook_url', 'instagram_url', 'opening_hours', 'phones', 'yelp_url']
  fill keys: ['address_line', 'city', 'email', 'google_maps_url', 'instagram_url', 'location_precision', 'opening_hours', 'phone', 'postal_code', 'state_code', 'website', 'yelp_url']
  recommendation updated
  publish: {'entity': 'professional', 'action': 'create', 'id': '59ce2814-73b7-4dcd-bbde-476abec191ea', 'slug': 'svoi-santa-clarita-massage-by-natalya'}

[11/20] Massage Therapy, Natasha
  svoi: webs=0 phones=1 addr=Fountain Valley
  weak address skipped: Fountain Valley
  no company website
  fill keys: ['city', 'google_maps_url', 'phone']
  recommendation updated
  publish: {'entity': 'professional', 'action': 'create', 'id': '62de970f-5e84-4377-9900-fdb2b8d4856e', 'slug': 'svoi-massage-therapy-natasha'}

[12/20] Professional Massage Complex by Alexey
  svoi: webs=0 phones=1 addr=New York
  weak address skipped: New York
  no company website
  fill keys: ['city', 'google_maps_url', 'phone']
  recommendation updated
  publish: {'entity': 'professional', 'action': 'create', 'id': '0a968a25-4d19-404f-a497-dba14d4a549b', 'slug': 'svoi-professional-massage-complex-by-alexey'}

[13/20] ROBERT HICKEY - Farmers Insurance Agent
  svoi: webs=0 phones=1 addr=5855 East Naples Plaza
  no company website
  fill keys: ['address_line', 'city', 'google_maps_url', 'location_precision', 'phone', 'postal_code', 'state_code']
  recommendation updated
  publish: {'entity': 'business', 'action': 'create', 'id': 'c15d2215-3957-4355-a1f7-eec7b18d01fc', 'slug': 'svoi-robert-hickey-farmers-insurance-agent'}

[14/20] Absolute Value Insurance
  svoi: webs=1 phones=4 addr=5525 Oakdale Avenue
  no company website
  fill keys: ['address_line', 'city', 'google_maps_url', 'location_precision', 'phone', 'postal_code', 'state_code']
  recommendation updated
  publish: {'entity': 'business', 'action': 'create', 'id': '6c3a77b2-5140-4a41-8679-58421a780411', 'slug': 'svoi-absolute-value-insurance'}

[15/20] Absolute Value Insurance Services - Игорь Шухман
  svoi: webs=1 phones=2 addr=5525 Oakdale Ave
  website keys: []
  fill keys: ['address_line', 'city', 'google_maps_url', 'location_precision', 'phone', 'postal_code', 'state_code', 'website']
  recommendation updated
  publish: {'entity': 'business', 'action': 'merge', 'id': '6c3a77b2-5140-4a41-8679-58421a780411'}

[16/20] Eugene Appliance Repair
  svoi: webs=0 phones=1 addr=18743 Hatteras Street
  no company website
  fill keys: ['address_line', 'city', 'google_maps_url', 'location_precision', 'phone', 'state_code']
  recommendation updated
  publish: {'entity': 'business', 'action': 'create', 'id': 'e845c5b9-0e1a-4c37-8df1-d00a5ec0e42e', 'slug': 'svoi-eugene-appliance-repair'}

[17/20] CompuSerge
  svoi: webs=1 phones=3 addr=17929 Ventura Blvd
  website error: HTTP Error 308: Permanent Redirect
  fill keys: ['address_line', 'city', 'google_maps_url', 'location_precision', 'phone', 'postal_code', 'state_code', 'website']
  recommendation updated
  publish: {'entity': 'business', 'action': 'create', 'id': '525d5e6a-bf13-4bb8-a115-5d7e8071f948', 'slug': 'svoi-compuserge'}

[18/20] Logical Edge Services
  svoi: webs=1 phones=1 addr=1456 North Sierra Bonita Avenue
  website keys: ['description', 'opening_hours']
  fill keys: ['address_line', 'city', 'google_maps_url', 'location_precision', 'opening_hours', 'phone', 'postal_code', 'state_code', 'website']
  recommendation updated
  publish: {'entity': 'business', 'action': 'create', 'id': '5108be55-b538-4a7d-b726-6cdb2ba0dff6', 'slug': 'svoi-logical-edge-services'}

[19/20] Владимир Деркач
  svoi: webs=0 phones=2 addr=Malibu
  weak address skipped: Malibu
  no company website
  fill keys: ['city', 'google_maps_url', 'phone']
  recommendation updated
  skip publish (entity=business, street=False)

[20/20] California Land Travel
  svoi: webs=1 phones=4 addr=10469
  website keys: ['description']
  fill keys: ['address_line', 'city', 'google_maps_url', 'location_precision', 'phone', 'website']
  recommendation updated
  publish: {'entity': 'business', 'action': 'create', 'id': 'c3b9666e-5e36-4b2a-ab16-d28b52ba9e32', 'slug': 'svoi-california-land-travel'}

Done. enriched=20 with_address=16 published=18 report=/Users/sammov/Russian business AI/scripts/business-enrich/data/svoi_enrich/batch_20260727T023755Z.json
Last targets=20 exit=0

===== ROUND 38 2026-07-27T02:37:58Z =====
targets=20 dry_run=False publish=True places=True publish_enriched=False

[1/20] LA Cruise Tours
  svoi: webs=1 phones=1 addr=21650 Oxnard Street
  website keys: ['description']
  places: error
  places quota exhausted — continuing without Places
  fill keys: ['address_line', 'city', 'google_maps_url', 'location_precision', 'phone', 'postal_code', 'state_code', 'website']
  recommendation updated
  publish: {'entity': 'business', 'action': 'create', 'id': '9d312a3f-7e29-4c99-9c09-af489cc70db8', 'slug': 'svoi-la-cruise-tours'}

[2/20] Elza Gousseva-Nezlin
  svoi: webs=0 phones=1 addr=West Summerfield Circle
  weak address skipped: West Summerfield Circle
  no company website
  fill keys: ['city', 'google_maps_url', 'phone', 'state_code']
  recommendation updated
  skip publish (entity=business, street=False)

[3/20] Алла Гринберг
  svoi: webs=0 phones=1 addr=20750 Ventura Blvd
  no company website
  fill keys: ['address_line', 'city', 'google_maps_url', 'location_precision', 'phone', 'state_code']
  recommendation updated
  publish: {'entity': 'business', 'action': 'create', 'id': '30815e61-566d-47c8-8f84-a1fdc68dff3e', 'slug': 'svoi-biz-36'}

[4/20] Tarzana Documentation Services
  svoi: webs=1 phones=4 addr=5521 Reseda Boulevard
  website error: <urlopen error [Errno 8] nodename nor servname provided, or not known>
  fill keys: ['address_line', 'city', 'google_maps_url', 'location_precision', 'phone', 'postal_code', 'state_code', 'website']
  recommendation updated
  publish: {'entity': 'business', 'action': 'create', 'id': '1963912b-22d7-41e2-addc-1eb92750b3a4', 'slug': 'svoi-tarzana-documentation-services'}

[5/20] Нотариус Виктор Цатурян
  svoi: webs=0 phones=1 addr=13307 Ratner Street
  no company website
  fill keys: ['address_line', 'city', 'google_maps_url', 'location_precision', 'phone']
  recommendation updated
  publish: {'entity': 'professional', 'action': 'create', 'id': '44df8ef3-80e6-4ec9-b03e-1b07c55edc22', 'slug': 'svoi-biz-5'}

[6/20] Torrance Movers
  svoi: webs=0 phones=2 addr=22113 Ocean Avenue
  no company website
  fill keys: ['address_line', 'city', 'google_maps_url', 'location_precision', 'phone', 'postal_code', 'state_code']
  recommendation updated
  publish: {'entity': 'business', 'action': 'create', 'id': '76456242-3297-4fe4-bddc-15b238f3345b', 'slug': 'svoi-torrance-movers'}

[7/20] S & A Registration Services
  svoi: webs=1 phones=1 addr=14621 Titus St
  website keys: ['emails']
  fill keys: ['address_line', 'city', 'email', 'google_maps_url', 'location_precision', 'phone', 'state_code', 'website']
  recommendation updated
  publish: {'entity': 'business', 'action': 'create', 'id': 'e4baa1b8-3f2c-447b-aa0b-0102129fc01b', 'slug': 'svoi-s-a-registration-services'}

[8/20] General Container Line
  svoi: webs=1 phones=1 addr=20675 South Western Avenue
  website error: <urlopen error [Errno 8] nodename nor servname provided, or not known>
  fill keys: ['address_line', 'city', 'google_maps_url', 'location_precision', 'phone', 'postal_code', 'state_code', 'website']
  recommendation updated
  publish: {'entity': 'business', 'action': 'create', 'id': 'e8d3e1ca-8970-4297-87ee-0a2051a08c5d', 'slug': 'svoi-general-container-line'}

[9/20] I Stitch & Print
  svoi: webs=1 phones=2 addr=13333 Saticoy St
  website keys: ['description', 'facebook_url', 'instagram_url', 'phones']
  fill keys: ['address_line', 'city', 'google_maps_url', 'instagram_url', 'location_precision', 'phone', 'postal_code', 'state_code', 'website']
  recommendation updated
  publish: {'entity': 'business', 'action': 'create', 'id': '97bb69d4-9a0b-4968-919e-ebb9254f57ff', 'slug': 'svoi-i-stitch-print'}

[10/20] Vadeal Print Printing Services
  svoi: webs=0 phones=1 addr=11823 Slauson Ave
  no company website
  fill keys: ['address_line', 'city', 'google_maps_url', 'location_precision', 'phone', 'postal_code', 'state_code']
  recommendation updated
  publish: {'entity': 'business', 'action': 'create', 'id': '024b13d6-a9cb-43c8-8701-8c7bc2db009c', 'slug': 'svoi-vadeal-print-printing-services'}

[11/20] R & R Copy & Printing
  svoi: webs=0 phones=1 addr=2550 Foothill Boulevard
  no company website
  fill keys: ['address_line', 'city', 'google_maps_url', 'location_precision', 'phone', 'postal_code', 'state_code']
  recommendation updated
  publish: {'entity': 'business', 'action': 'create', 'id': '138e8671-14dc-4620-831b-f2a979038baf', 'slug': 'svoi-r-r-copy-printing'}

[12/20] Northridge Cleaners
  svoi: webs=1 phones=2 addr=9250 Reseda Blvd
  website error: <urlopen error [Errno 8] nodename nor servname provided, or not known>
  fill keys: ['address_line', 'city', 'google_maps_url', 'location_precision', 'phone', 'postal_code', 'state_code', 'website']
  recommendation updated
  publish: {'entity': 'business', 'action': 'create', 'id': 'a84f7947-adbe-462c-8e75-f98c5aa625bb', 'slug': 'svoi-northridge-cleaners'}

[13/20] World Class Cleaners
  svoi: webs=1 phones=1 addr=6750 White Oak Ave
  website error: <urlopen error [Errno 8] nodename nor servname provided, or not known>
  fill keys: ['address_line', 'city', 'google_maps_url', 'location_precision', 'phone', 'postal_code', 'state_code', 'website']
  recommendation updated
  publish: {'entity': 'business', 'action': 'create', 'id': 'c8027a2d-4387-49be-88d9-d54abd90c275', 'slug': 'svoi-world-class-cleaners'}

[14/20] Extreme Carpet Cleaning
  svoi: webs=0 phones=1 addr=Los Angeles
  weak address skipped: Los Angeles
  no company website
  fill keys: ['city', 'google_maps_url', 'phone']
  recommendation updated
  skip publish (entity=business, street=False)

[15/20] Посылочка
  svoi: webs=1 phones=1 addr=13609 Victory Blvd
  website keys: []
  fill keys: ['address_line', 'city', 'google_maps_url', 'location_precision', 'phone', 'postal_code', 'state_code', 'website']
  recommendation updated
  publish: {'entity': 'business', 'action': 'create', 'id': '9ad00aee-f219-4230-b8ad-c887e645df41', 'slug': 'svoi-biz-37'}

[16/20] A&A International Shipping Inc.
  svoi: webs=0 phones=1 addr=15914 South Avalon Boulevard
  no company website
  fill keys: ['address_line', 'city', 'google_maps_url', 'location_precision', 'phone', 'state_code']
  recommendation updated
  publish: {'entity': 'business', 'action': 'create', 'id': '16066a2e-dea5-4411-ac6f-3e669c56456f', 'slug': 'svoi-a-a-international-shipping-inc'}

[17/20] Illuminous Image
  svoi: webs=0 phones=1 addr=710 South Melrose Street
  no company website
  fill keys: ['address_line', 'city', 'google_maps_url', 'location_precision', 'phone', 'postal_code', 'state_code']
  recommendation updated
  publish: {'entity': 'business', 'action': 'create', 'id': 'a582da97-a2c6-4afb-be86-e63eec40cfee', 'slug': 'svoi-illuminous-image'}

[18/20] Vadim Sokolov Photography
  svoi: webs=0 phones=2 addr=Los Angeles
  weak address skipped: Los Angeles
  no company website
  fill keys: ['city', 'google_maps_url', 'phone']
  recommendation updated
  skip publish (entity=business, street=False)

[19/20] 24KT Sound &Video DJ Entertainment
  svoi: webs=1 phones=3 addr=Los Angeles
  weak address skipped: Los Angeles
  website keys: ['emails', 'facebook_url', 'phones']
  fill keys: ['city', 'email', 'google_maps_url', 'phone', 'website']
  recommendation updated
  skip publish (entity=business, street=False)

[20/20] Lanas Bridal
  svoi: webs=1 phones=3 addr=9520 Topanga Canyon Boulevard
  website error: HTTP Error 503: Service Temporarily Unavailable
  fill keys: ['address_line', 'city', 'google_maps_url', 'location_precision', 'phone', 'postal_code', 'state_code', 'website']
  recommendation updated
  publish: {'entity': 'business', 'action': 'create', 'id': '28938850-c5dc-4282-b8a0-8c4ab2f5199e', 'slug': 'svoi-lanas-bridal'}

Done. enriched=20 with_address=16 published=16 report=/Users/sammov/Russian business AI/scripts/business-enrich/data/svoi_enrich/batch_20260727T023912Z.json
Last targets=20 exit=0

===== ROUND 39 2026-07-27T02:39:15Z =====
targets=20 dry_run=False publish=True places=True publish_enriched=False

[1/20] Angel's International Catering Van Nuys
  svoi: webs=1 phones=3 addr=6754 White Oak Avenue
  website error: <urlopen error [Errno 8] nodename nor servname provided, or not known>
  places: error
  places quota exhausted — continuing without Places
  fill keys: ['address_line', 'city', 'google_maps_url', 'location_precision', 'phone', 'website']
  recommendation updated
  publish: {'entity': 'business', 'action': 'create', 'id': '9da45c21-fc5b-47b2-9d69-782826a3c1b3', 'slug': 'svoi-angel-s-international-catering-van-nuys'}

[2/20] Farabela's Touch
  svoi: webs=1 phones=2 addr=7908 Foothill Boulevard
  website keys: ['address_line', 'city', 'emails', 'facebook_url', 'instagram_url', 'phones', 'postal_code', 'state_code']
  fill keys: ['address_line', 'city', 'email', 'google_maps_url', 'instagram_url', 'location_precision', 'phone', 'postal_code', 'state_code', 'website']
  recommendation updated
  publish: {'entity': 'business', 'action': 'create', 'id': 'e6849e8c-2f8c-4939-84ff-641cd2b7f1ec', 'slug': 'svoi-farabela-s-touch'}

[3/20] Mariam's Flowers
  svoi: webs=1 phones=4 addr=13320 Vanowen Street
  website keys: ['address_line', 'city', 'description', 'facebook_url', 'instagram_url', 'postal_code', 'state_code']
  fill keys: ['address_line', 'city', 'google_maps_url', 'instagram_url', 'location_precision', 'phone', 'postal_code', 'state_code', 'website']
  recommendation updated
  publish: {'entity': 'business', 'action': 'create', 'id': '6dc08250-61e8-4292-8d57-1199399138b7', 'slug': 'svoi-mariam-s-flowers'}

[4/20] Artistic Flowers
  svoi: webs=1 phones=1 addr=14005 Ventura Boulevard
  no company website
  fill keys: ['address_line', 'city', 'google_maps_url', 'location_precision', 'phone', 'postal_code', 'state_code']
  recommendation updated
  publish: {'entity': 'business', 'action': 'create', 'id': '8d67221c-3549-4392-81e9-932ca11f0625', 'slug': 'svoi-artistic-flowers'}

[5/20] Anatoly Sigalov
  svoi: webs=0 phones=1 addr=14th Street 320
  no company website
  fill keys: ['address_line', 'city', 'google_maps_url', 'location_precision', 'phone', 'state_code']
  recommendation updated
  publish: {'entity': 'business', 'action': 'create', 'id': '7c4c8de4-e7b0-4ae2-8035-b78e3be989fe', 'slug': 'svoi-anatoly-sigalov'}

[6/20] Svetlana Stolarov Cpa
  svoi: webs=0 phones=2 addr=17247 Boswell Place
  no company website
  fill keys: ['address_line', 'city', 'google_maps_url', 'location_precision', 'phone', 'postal_code', 'state_code']
  recommendation updated
  publish: {'entity': 'business', 'action': 'create', 'id': '65f4c93d-5362-4b38-bf84-d23fd98e7787', 'slug': 'svoi-svetlana-stolarov-cpa'}

[7/20] Гершкович Вадим
  svoi: webs=0 phones=1 addr=5850 Canoga Avenue
  no company website
  fill keys: ['address_line', 'city', 'google_maps_url', 'location_precision', 'phone', 'postal_code', 'state_code']
  recommendation updated
  publish: {'entity': 'professional', 'action': 'create', 'id': '1c0e6228-ed3e-4e10-88db-256147f26cc0', 'slug': 'svoi-biz-6'}

[8/20] Alex Dadourian - Pride Funding & Realty
  svoi: webs=1 phones=2 addr=9249 Reseda Blvd Unit 101
  website keys: []
  fill keys: ['address_line', 'city', 'google_maps_url', 'location_precision', 'phone', 'postal_code', 'state_code', 'website']
  recommendation updated
  publish: {'entity': 'professional', 'action': 'create', 'id': 'b0894fff-8679-4a7c-84f6-66665dc09eb4', 'slug': 'svoi-alex-dadourian-pride-funding-realty'}

[9/20] A & O Properties Management Office
  svoi: webs=0 phones=1 addr=8363 Reseda Boulevard
  no company website
  fill keys: ['address_line', 'city', 'google_maps_url', 'location_precision', 'phone', 'state_code']
  recommendation updated
  publish: {'entity': 'business', 'action': 'create', 'id': 'b26f017c-17df-4ad1-8410-b8ea633bc149', 'slug': 'svoi-a-o-properties-management-office'}

[10/20] Power Broker International
  svoi: webs=0 phones=1 addr=2330 W. Valencia
  no company website
  fill keys: ['address_line', 'city', 'google_maps_url', 'location_precision', 'phone', 'postal_code', 'state_code']
  recommendation updated
  publish: {'entity': 'business', 'action': 'create', 'id': 'cdf3c003-d7e4-475a-baa1-d1e83fbc5deb', 'slug': 'svoi-power-broker-international'}

[11/20] American Russian Media, Inc.
  svoi: webs=1 phones=4 addr=14044 Ventura Boulevard
  website error: <urlopen error timed out>
  fill keys: ['address_line', 'city', 'google_maps_url', 'location_precision', 'phone', 'postal_code', 'state_code', 'website']
  recommendation updated
  publish: {'entity': 'business', 'action': 'create', 'id': '690aeb69-6b22-4362-8af7-d898fb34ad34', 'slug': 'svoi-american-russian-media-inc'}

[12/20] American Russian Media, Inc
  svoi: webs=1 phones=3 addr=Los Angeles
  weak address skipped: Los Angeles
  website keys: ['facebook_url']
  fill keys: ['city', 'google_maps_url', 'phone', 'website']
  recommendation updated
  skip publish (entity=business, street=False)

[13/20] Creator Print
  svoi: webs=1 phones=4 addr=11634 Ventura Boulevard
  website keys: ['facebook_url', 'instagram_url', 'yelp_url']
  fill keys: ['address_line', 'city', 'google_maps_url', 'instagram_url', 'location_precision', 'phone', 'postal_code', 'state_code', 'website', 'yelp_url']
  recommendation updated
  publish: {'entity': 'business', 'action': 'create', 'id': '22a1cefd-79b0-454b-9e13-fd34a4cab0d0', 'slug': 'svoi-creator-print'}

[14/20] Super King Market Claremont Store
  svoi: webs=0 phones=1 addr=436 Auto Center Drive
  no company website
  fill keys: ['address_line', 'city', 'google_maps_url', 'location_precision', 'phone', 'state_code']
  recommendation updated
  publish: {'entity': 'business', 'action': 'create', 'id': 'bdb45bc8-aeef-451f-bf57-a67df1227aee', 'slug': 'svoi-super-king-market-claremont-store'}

[15/20] Jons International Marketplace Westminster
  svoi: webs=0 phones=1 addr=15300 Goldenwest Street
  no company website
  fill keys: ['address_line', 'city', 'google_maps_url', 'location_precision', 'phone', 'state_code']
  recommendation updated
  publish: {'entity': 'business', 'action': 'create', 'id': '5e75bb7c-cb01-4f7a-99eb-e56faa40a7c4', 'slug': 'svoi-jons-international-marketplace-westminster'}

[16/20] Sunflower Grocery
  svoi: webs=1 phones=1 addr=6903 Topanga Canyon Blvd
  no company website
  fill keys: ['address_line', 'city', 'google_maps_url', 'location_precision', 'phone', 'postal_code', 'state_code']
  recommendation updated
  publish: {'entity': 'business', 'action': 'create', 'id': 'd1786df5-f372-4601-b7d5-585863ae3002', 'slug': 'svoi-sunflower-grocery'}

[17/20] Special Cakes By Ruben - City
  svoi: webs=1 phones=2 addr=12915 Sherman Way
  website error: <urlopen error [Errno 8] nodename nor servname provided, or not known>
  fill keys: ['address_line', 'city', 'google_maps_url', 'location_precision', 'phone', 'state_code', 'website']
  recommendation updated
  publish: {'entity': 'business', 'action': 'create', 'id': '7d79abad-1c22-478b-80c7-356d9c8fc700', 'slug': 'svoi-special-cakes-by-ruben-city'}

[18/20] Baklava Factory
  svoi: webs=1 phones=1 addr=12909 Sherman Way
  website error: HTTP Error 404: Not Found
  fill keys: ['address_line', 'city', 'google_maps_url', 'location_precision', 'phone', 'postal_code', 'state_code', 'website']
  recommendation updated
  publish: {'entity': 'business', 'action': 'create', 'id': '5f396aba-ae38-4d5c-8cc4-eea590988b3f', 'slug': 'svoi-baklava-factory'}

[19/20] Custom Designer Cakes
  svoi: webs=0 phones=1 addr=Los Angeles
  weak address skipped: Los Angeles
  no company website
  fill keys: ['city', 'google_maps_url', 'phone']
  recommendation updated
  skip publish (entity=business, street=False)

[20/20] Hi-Ho Market
  svoi: webs=0 phones=1 addr=824 East Lincoln Avenue
  no company website
  fill keys: ['address_line', 'city', 'google_maps_url', 'location_precision', 'phone', 'postal_code', 'state_code']
  recommendation updated
  publish: {'entity': 'business', 'action': 'create', 'id': '6dfa895b-a23f-4f5d-afbf-fc4719f1a75f', 'slug': 'svoi-hi-ho-market'}

Done. enriched=20 with_address=18 published=18 report=/Users/sammov/Russian business AI/scripts/business-enrich/data/svoi_enrich/batch_20260727T024042Z.json
Last targets=20 exit=0

===== ROUND 40 2026-07-27T02:40:45Z =====
targets=20 dry_run=False publish=True places=True publish_enriched=False

[1/20] Angi's Flower Designs Florists
  svoi: webs=1 phones=1 addr=Serving El Paso Area 6521 N Mesa St El Paso
  website keys: ['facebook_url', 'instagram_url']
  places: error
  places quota exhausted — continuing without Places
  fill keys: ['address_line', 'city', 'google_maps_url', 'instagram_url', 'location_precision', 'phone', 'state_code', 'website']
  recommendation updated
  publish: {'entity': 'business', 'action': 'create', 'id': '4d2bf537-64de-468d-b5e6-3e5fd057d3f9', 'slug': 'svoi-angi-s-flower-designs-florists'}

[2/20] Hart's Jewelers & Pawn
  svoi: webs=1 phones=1 addr=6362 Van Nuys Boulevard
  website error: <urlopen error [SSL: TLSV1_ALERT_PROTOCOL_VERSION] tlsv1 alert protocol version (_ssl.c:1129)>
  fill keys: ['address_line', 'city', 'google_maps_url', 'location_precision', 'phone', 'state_code', 'website']
  recommendation updated
  publish: {'entity': 'business', 'action': 'create', 'id': 'ef5811ce-8b47-4ac0-aefb-d10091c1a58e', 'slug': 'svoi-hart-s-jewelers-pawn'}

[3/20] Persia Restaurant- Fine Cuisine
  svoi: webs=0 phones=1 addr=27600 Bouquet Canyon Road
  no company website
  fill keys: ['address_line', 'city', 'google_maps_url', 'location_precision', 'phone', 'state_code']
  recommendation updated
  publish: {'entity': 'business', 'action': 'create', 'id': '436a2d20-b323-41b5-84e0-326a30f73ad1', 'slug': 'svoi-persia-restaurant-fine-cuisine'}

[4/20] Пиццерия "Большая мама и папа" в Канога Парке
  svoi: webs=1 phones=1 addr=8221 Canoga Ave
  website error: <urlopen error [SSL: TLSV1_ALERT_PROTOCOL_VERSION] tlsv1 alert protocol version (_ssl.c:1129)>
  fill keys: ['address_line', 'city', 'google_maps_url', 'location_precision', 'phone', 'state_code', 'website']
  recommendation updated
  publish: {'entity': 'business', 'action': 'create', 'id': '17d7580a-3e6f-4371-82b3-3389cd3b8c42', 'slug': 'svoi-biz-38'}

[5/20] Big Mama's & Papa's Pizza Tarzana
  svoi: webs=1 phones=1 addr=19527 Ventura Boulevard
  website keys: ['facebook_url', 'instagram_url']
  fill keys: ['address_line', 'city', 'google_maps_url', 'instagram_url', 'location_precision', 'phone', 'postal_code', 'state_code', 'website']
  recommendation updated
  publish: {'entity': 'business', 'action': 'create', 'id': '50d4fed4-e6d2-4556-833d-5f8f11f75cbd', 'slug': 'svoi-big-mama-s-papa-s-pizza-tarzana'}

[6/20] LAБАНДА
  svoi: webs=1 phones=2 addr=12062 Moorpark str
  website keys: ['description', 'facebook_url', 'instagram_url', 'phones']
  fill keys: ['address_line', 'city', 'google_maps_url', 'instagram_url', 'location_precision', 'phone', 'state_code', 'website']
  recommendation updated
  publish: {'entity': 'business', 'action': 'create', 'id': 'd95551ab-7f5d-44d2-8a81-34dbc13c1c23', 'slug': 'svoi-la'}

[7/20] Same Day Marriage in Los Angeles
  svoi: webs=1 phones=5 addr=5202 Laurel Canyon Blvd
  website keys: []
  fill keys: ['address_line', 'city', 'google_maps_url', 'location_precision', 'phone', 'postal_code', 'state_code', 'website']
  recommendation updated
  publish: {'entity': 'business', 'action': 'create', 'id': 'e8d3c4c7-9439-4ad7-b357-4728a0e58d31', 'slug': 'svoi-same-day-marriage-in-los-angeles'}

[8/20] Tic-Tock Couture Florals
  svoi: webs=1 phones=2 addr=1603 N La Brea Ave
  website keys: ['address_line', 'city', 'emails', 'facebook_url', 'instagram_url', 'phones', 'postal_code', 'state_code', 'yelp_url']
  fill keys: ['address_line', 'city', 'email', 'google_maps_url', 'instagram_url', 'location_precision', 'phone', 'postal_code', 'state_code', 'website', 'yelp_url']
  recommendation updated
  publish: {'entity': 'business', 'action': 'create', 'id': '52bfba2b-9989-485f-bc25-66827a3cfc2c', 'slug': 'svoi-tic-tock-couture-florals'}

[9/20] The Broad Stage
  svoi: webs=0 phones=1 addr=11th Street 1310
  no company website
  fill keys: ['address_line', 'city', 'google_maps_url', 'location_precision', 'phone', 'postal_code', 'state_code']
  recommendation updated
  publish: {'entity': 'business', 'action': 'create', 'id': '981be1d5-4cc1-4182-9346-7300ea57f753', 'slug': 'svoi-the-broad-stage'}

[10/20] Edgemar Center for the Arts
  svoi: webs=0 phones=2 addr=2437 Main Street
  no company website
  fill keys: ['address_line', 'city', 'google_maps_url', 'location_precision', 'phone', 'postal_code', 'state_code']
  recommendation updated
  publish: {'entity': 'business', 'action': 'create', 'id': 'f387f655-1b84-47e7-83b9-d429ddcbfda5', 'slug': 'svoi-edgemar-center-for-the-arts'}

[11/20] Кукольный театр Волшебное дерево
  svoi: webs=1 phones=1 addr=12222 Moorpark St
  website error: <urlopen error [Errno 8] nodename nor servname provided, or not known>
  fill keys: ['address_line', 'city', 'google_maps_url', 'location_precision', 'phone', 'website']
  recommendation updated
  publish: {'entity': 'business', 'action': 'create', 'id': 'd5c74ba4-c927-4c9f-b3c5-e38a56493297', 'slug': 'svoi-biz-39'}

[12/20] Aama-American Association of Musical Artists
  svoi: webs=1 phones=1 addr=5275 Del Moreno Dr Woodland Hills
  no company website
  fill keys: ['address_line', 'city', 'google_maps_url', 'location_precision', 'phone', 'state_code']
  recommendation updated
  publish: {'entity': 'business', 'action': 'create', 'id': '9228f42c-e27a-4219-b956-20a256682191', 'slug': 'svoi-aama-american-association-of-musical-artists'}

[13/20] Drop Set Fitness
  svoi: webs=1 phones=2 addr=18377 Ventura Blvd
  website error: <urlopen error timed out>
  fill keys: ['address_line', 'city', 'google_maps_url', 'location_precision', 'phone', 'postal_code', 'state_code', 'website']
  recommendation updated
  publish: {'entity': 'business', 'action': 'create', 'id': 'b7b47622-50f7-4b85-b412-238ba9ff778c', 'slug': 'svoi-drop-set-fitness'}

[14/20] Premier Russian Radio
  svoi: webs=1 phones=1 addr=20121 Ventura Boulevard
  website keys: ['description']
  fill keys: ['address_line', 'city', 'google_maps_url', 'location_precision', 'phone', 'postal_code', 'state_code', 'website']
  recommendation updated
  publish: {'entity': 'business', 'action': 'create', 'id': 'cb6ab8d8-260e-4103-adb5-d5e9f5db8e0f', 'slug': 'svoi-premier-russian-radio'}

[15/20] Газета Ракурс
  svoi: webs=1 phones=2 addr=425 South Fairfax Avenue
  website keys: ['description', 'emails', 'facebook_url', 'instagram_url', 'phones']
  fill keys: ['address_line', 'city', 'email', 'google_maps_url', 'instagram_url', 'location_precision', 'phone', 'postal_code', 'state_code', 'website']
  recommendation updated
  publish: {'entity': 'business', 'action': 'create', 'id': '80d2ff80-484d-4035-9bb3-eb94138a2f41', 'slug': 'svoi-biz-40'}

[16/20] Horizon Armenian TV
  svoi: webs=1 phones=2 addr=1203 North Vermont Avenue
  website keys: ['description']
  fill keys: ['address_line', 'city', 'google_maps_url', 'location_precision', 'phone', 'state_code', 'website']
  recommendation updated
  publish: {'entity': 'business', 'action': 'create', 'id': '0b4a5ad5-eb98-4007-b264-f5d22cde03c1', 'slug': 'svoi-horizon-armenian-tv'}

[17/20] Hollywood Forever
  svoi: webs=1 phones=4 addr=6000 Santa Monica Boulevard
  website keys: ['address_line', 'city', 'description', 'facebook_url', 'instagram_url', 'phones', 'postal_code', 'state_code', 'yelp_url']
  fill keys: ['address_line', 'city', 'google_maps_url', 'instagram_url', 'location_precision', 'phone', 'postal_code', 'state_code', 'website', 'yelp_url']
  recommendation updated
  publish: {'entity': 'business', 'action': 'create', 'id': '238c8ca5-907b-4b1f-8ab3-1e2620023f6a', 'slug': 'svoi-hollywood-forever'}

[18/20] Zepter International Livelonger Online
  svoi: webs=1 phones=3 addr=12141 Monogram Avenue
  website error: <urlopen error [Errno 8] nodename nor servname provided, or not known>
  fill keys: ['address_line', 'city', 'google_maps_url', 'location_precision', 'phone', 'postal_code', 'state_code', 'website']
  recommendation updated
  publish: {'entity': 'business', 'action': 'create', 'id': 'bfaa8b4f-b297-4528-a9ab-6dbe10f1317a', 'slug': 'svoi-zepter-international-livelonger-online'}

[19/20] WE The People
  svoi: webs=1 phones=4 addr=7219 Balboa Boulevard
  website keys: []
  fill keys: ['address_line', 'city', 'google_maps_url', 'location_precision', 'phone', 'postal_code', 'state_code', 'website']
  recommendation updated
  publish: {'entity': 'business', 'action': 'create', 'id': 'fc315203-7a96-422f-9f64-b7d9f5d670e9', 'slug': 'svoi-we-the-people'}

[20/20] TicketsR
  svoi: webs=1 phones=4 addr=14044 Ventura Boulevard
  website error: <urlopen error timed out>
  fill keys: ['address_line', 'city', 'google_maps_url', 'location_precision', 'phone', 'postal_code', 'state_code', 'website']
  recommendation updated
  publish: {'entity': 'business', 'action': 'create', 'id': 'e03862f1-2eed-4279-8b71-506890f96db0', 'slug': 'svoi-ticketsr'}

Done. enriched=20 with_address=20 published=20 report=/Users/sammov/Russian business AI/scripts/business-enrich/data/svoi_enrich/batch_20260727T024319Z.json
Last targets=20 exit=0

===== ROUND 41 2026-07-27T02:43:22Z =====
targets=20 dry_run=False publish=True places=True publish_enriched=False

[1/20] Dr. Iliya Khramov MD
  svoi: webs=0 phones=1 addr=1740 Northwest North River Drive
  no company website
  places: error
  places quota exhausted — continuing without Places
  fill keys: ['address_line', 'city', 'google_maps_url', 'location_precision', 'phone', 'postal_code', 'state_code']
  recommendation updated
  publish: {'entity': 'professional', 'action': 'create', 'id': 'c876b4e2-516d-486e-911a-439fcf86ab37', 'slug': 'svoi-dr-iliya-khramov-md'}

[2/20] Miami Lighthouse for the Blind
  svoi: webs=1 phones=1 addr=601 Southwest 8th Avenue
  website keys: ['facebook_url', 'instagram_url']
  fill keys: ['address_line', 'city', 'google_maps_url', 'instagram_url', 'location_precision', 'phone', 'postal_code', 'state_code', 'website']
  recommendation updated
  publish: {'entity': 'business', 'action': 'create', 'id': '379b4412-ca52-49e2-8f06-52610496d04d', 'slug': 'svoi-miami-lighthouse-for-the-blind'}

[3/20] Miami Car Rental Inc
  svoi: webs=1 phones=1 addr=3245 Northwest 37th Street
  website keys: []
  fill keys: ['address_line', 'city', 'google_maps_url', 'location_precision', 'phone', 'website']
  recommendation updated
  publish: {'entity': 'business', 'action': 'create', 'id': '7b0bd565-99e9-4f13-9e40-5511560f27a8', 'slug': 'svoi-miami-car-rental-inc'}

[4/20] Bee Car
  svoi: webs=0 phones=1 addr=1038 Northwest 36th Street
  no company website
  fill keys: ['address_line', 'city', 'google_maps_url', 'location_precision', 'phone', 'state_code']
  recommendation updated
  publish: {'entity': 'business', 'action': 'create', 'id': '2c422ba0-52c0-43d2-ac27-220290b7ad3d', 'slug': 'svoi-bee-car'}

[5/20] Alex Koifman REAL ESTATE AGENTS
  svoi: webs=0 phones=2 addr=Miami
  weak address skipped: Miami
  no company website
  fill keys: ['city', 'google_maps_url', 'phone']
  recommendation updated
  skip publish (entity=business, street=False)

[6/20] Mikhail Petoukhov Real Estate Specialist
  svoi: webs=0 phones=2 addr=Miami
  weak address skipped: Miami
  no company website
  fill keys: ['city', 'google_maps_url', 'phone']
  recommendation updated
  skip publish (entity=business, street=False)

[7/20] Nadezhda Zaitseva
  svoi: webs=0 phones=1 addr=Miami
  weak address skipped: Miami
  no company website
  fill keys: ['city', 'google_maps_url', 'phone']
  recommendation updated
  skip publish (entity=business, street=False)

[8/20] Natalia Zhukova, Licensed Insurance Broker
  svoi: webs=0 phones=1 addr=Miami
  weak address skipped: Miami
  no company website
  fill keys: ['city', 'google_maps_url', 'phone']
  recommendation updated
  skip publish (entity=business, street=False)

[9/20] Экскурсии и трансферы в Майами
  svoi: webs=0 phones=1 addr=Miami
  weak address skipped: Miami
  no company website
  fill keys: ['city', 'google_maps_url', 'phone']
  recommendation updated
  skip publish (entity=business, street=False)

[10/20] ABC Movers
  svoi: webs=0 phones=1 addr=18235 Northeast 4th Court
  no company website
  fill keys: ['address_line', 'city', 'google_maps_url', 'location_precision', 'phone', 'postal_code', 'state_code']
  recommendation updated
  publish: {'entity': 'business', 'action': 'create', 'id': '45a03fb6-916a-4887-96e4-95c3ca1887f8', 'slug': 'svoi-abc-movers'}

[11/20] Southern Accounting
  svoi: webs=0 phones=1 addr=80 Southwest 8th Street
  no company website
  fill keys: ['address_line', 'city', 'google_maps_url', 'location_precision', 'phone', 'postal_code', 'state_code']
  recommendation updated
  publish: {'entity': 'business', 'action': 'create', 'id': 'acfb9fc0-35bf-453b-a8a8-21b70a316737', 'slug': 'svoi-southern-accounting'}

[12/20] The Russian Store
  svoi: webs=0 phones=1 addr=687 Northeast 79th Street
  no company website
  fill keys: ['address_line', 'city', 'google_maps_url', 'location_precision', 'phone', 'postal_code', 'state_code']
  recommendation updated
  publish: {'entity': 'business', 'action': 'create', 'id': '7154f849-f55f-45aa-a382-8275a99ef693', 'slug': 'svoi-the-russian-store'}

[13/20] Dr. Raisa Gaines MD at Metrowest Pediatrics
  svoi: webs=0 phones=1 addr=33 Edgell Road
  no company website
  fill keys: ['address_line', 'city', 'google_maps_url', 'location_precision', 'phone', 'postal_code', 'state_code']
  recommendation updated
  publish: {'entity': 'professional', 'action': 'create', 'id': '2862e81e-50ce-4242-91a2-f6ae8d835e66', 'slug': 'svoi-dr-raisa-gaines-md-at-metrowest-pediatrics'}

[14/20] Dr. Vladimir Gleyzer MD
  svoi: webs=0 phones=1 addr=21 Main Street
  no company website
  fill keys: ['address_line', 'city', 'google_maps_url', 'location_precision', 'phone', 'postal_code', 'state_code']
  recommendation updated
  publish: {'entity': 'professional', 'action': 'create', 'id': '0a0410fa-d014-4040-a386-eb7fde8a4c74', 'slug': 'svoi-dr-vladimir-gleyzer-md'}

[15/20] Universal Pediatric Associates
  svoi: webs=0 phones=3 addr=422 Worcester Street
  no company website
  fill keys: ['address_line', 'city', 'google_maps_url', 'location_precision', 'phone', 'postal_code', 'state_code']
  recommendation updated
  publish: {'entity': 'business', 'action': 'create', 'id': '947b7d94-1ff2-485b-8376-b6d7795001bb', 'slug': 'svoi-universal-pediatric-associates'}

[16/20] All Dental of Westborough
  svoi: webs=0 phones=1 addr=76 Otis Street
  no company website
  fill keys: ['address_line', 'city', 'google_maps_url', 'location_precision', 'phone', 'postal_code', 'state_code']
  recommendation updated
  publish: {'entity': 'business', 'action': 'create', 'id': '58a3ed9f-5197-4656-9781-2a640ae364a2', 'slug': 'svoi-all-dental-of-westborough'}

[17/20] Др. Андрей Мазо DMD
  svoi: webs=0 phones=1 addr=76 Otis Street
  no company website
  fill keys: ['address_line', 'city', 'google_maps_url', 'location_precision', 'phone', 'postal_code', 'state_code']
  recommendation updated
  publish: {'entity': 'professional', 'action': 'create', 'id': 'c2027a02-a33a-4f00-9a40-a2a6213eb16c', 'slug': 'svoi-dmd'}

[18/20] Др. Анна Кальманович DMD
  svoi: webs=1 phones=1 addr=629 Massachusetts Avenue
  website keys: ['address_line', 'city', 'description', 'emails', 'facebook_url', 'opening_hours', 'phones', 'postal_code', 'state_code']
  fill keys: ['address_line', 'city', 'email', 'google_maps_url', 'location_precision', 'opening_hours', 'phone', 'postal_code', 'state_code', 'website']
  recommendation updated
  publish: {'entity': 'professional', 'action': 'create', 'id': '0f9d0601-5780-4e49-b177-33d968c52421', 'slug': 'svoi-dmd-2'}

[19/20] Brockton Hospital: Verbitsky Elena A MD
  svoi: webs=0 phones=1 addr=680 Centre Street
  no company website
  fill keys: ['address_line', 'city', 'google_maps_url', 'location_precision', 'phone', 'postal_code', 'state_code']
  recommendation updated
  publish: {'entity': 'professional', 'action': 'create', 'id': '2c1f1786-0b68-487c-9e62-bbe4bb274851', 'slug': 'svoi-brockton-hospital-verbitsky-elena-a-md'}

[20/20] Dr. Yefim Magitsky
  svoi: webs=0 phones=1 addr=490 Lynnfield Street
  no company website
  fill keys: ['address_line', 'city', 'google_maps_url', 'location_precision', 'phone', 'state_code']
  recommendation updated
  publish: {'entity': 'business', 'action': 'create', 'id': '502ed10a-eb83-4235-8747-d80a0cd158b9', 'slug': 'svoi-dr-yefim-magitsky'}

Done. enriched=20 with_address=15 published=15 report=/Users/sammov/Russian business AI/scripts/business-enrich/data/svoi_enrich/batch_20260727T024413Z.json
Last targets=20 exit=0

===== ROUND 42 2026-07-27T02:44:16Z =====
targets=20 dry_run=False publish=True places=True publish_enriched=False

[1/20] Dr. Valery Abramovich
  svoi: webs=0 phones=1 addr=10 Langley Road
  no company website
  places: error
  places quota exhausted — continuing without Places
  fill keys: ['address_line', 'city', 'google_maps_url', 'location_precision', 'phone', 'postal_code', 'state_code']
  recommendation updated
  publish: {'entity': 'professional', 'action': 'create', 'id': 'ce3b975e-ccf4-47fc-96b9-0dcc5f04038d', 'slug': 'svoi-dr-valery-abramovich'}

[2/20] Dr. Michael Grossman
  svoi: webs=0 phones=1 addr=565 Turnpike Street
  no company website
  fill keys: ['address_line', 'city', 'google_maps_url', 'location_precision', 'phone', 'postal_code', 'state_code']
  recommendation updated
  publish: {'entity': 'business', 'action': 'create', 'id': 'e748e000-f9db-45f8-8872-2690fed2ba59', 'slug': 'svoi-dr-michael-grossman'}

[3/20] Yana Barbalat, MD
  svoi: webs=0 phones=1 addr=75 Herrick Street
  no company website
  fill keys: ['address_line', 'city', 'google_maps_url', 'location_precision', 'phone', 'postal_code', 'state_code']
  recommendation updated
  publish: {'entity': 'professional', 'action': 'create', 'id': '787f350f-482a-496c-bbe6-083b73739e93', 'slug': 'svoi-yana-barbalat-md'}

[4/20] Sofia Melenevskaya, MD
  svoi: webs=0 phones=1 addr=67 Union Street
  no company website
  fill keys: ['address_line', 'city', 'google_maps_url', 'location_precision', 'phone', 'state_code']
  recommendation updated
  publish: {'entity': 'professional', 'action': 'create', 'id': '62fb1163-7416-437e-bffe-3768bdaab167', 'slug': 'svoi-sofia-melenevskaya-md'}

[5/20] Southboro Medical-Framingham: Bolkhovsky Alla MD
  svoi: webs=0 phones=1 addr=761 Worcester Road
  no company website
  fill keys: ['address_line', 'city', 'google_maps_url', 'location_precision', 'phone', 'postal_code', 'state_code']
  recommendation updated
  publish: {'entity': 'professional', 'action': 'create', 'id': '259371c7-d36e-441f-8174-b031ab06f820', 'slug': 'svoi-southboro-medical-framingham-bolkhovsky-alla-md'}

[6/20] Dr. Katya Divari, MD
  svoi: webs=0 phones=2 addr=336 Union Avenue
  no company website
  fill keys: ['address_line', 'city', 'google_maps_url', 'location_precision', 'phone', 'postal_code', 'state_code']
  recommendation updated
  publish: {'entity': 'professional', 'action': 'create', 'id': '30dfff78-61d0-4b07-b67e-f88f0a845cff', 'slug': 'svoi-dr-katya-divari-md'}

[7/20] Dr. Marina J Estrin MD at Metrowest Internal Medicine
  svoi: webs=0 phones=1 addr=61 Lincoln Street
  no company website
  fill keys: ['address_line', 'city', 'google_maps_url', 'location_precision', 'phone', 'postal_code', 'state_code']
  recommendation updated
  publish: {'entity': 'professional', 'action': 'create', 'id': 'ba17ba5b-2794-41ab-b004-81dde963524c', 'slug': 'svoi-dr-marina-j-estrin-md-at-metrowest-internal-medi'}

[8/20] Dr. Boris O. Bergus MD
  svoi: webs=0 phones=1 addr=2 Park Central Drive
  no company website
  fill keys: ['address_line', 'city', 'google_maps_url', 'location_precision', 'phone', 'postal_code', 'state_code']
  recommendation updated
  publish: {'entity': 'professional', 'action': 'create', 'id': '815781fb-704a-4b06-ab54-93f9ea3f24d6', 'slug': 'svoi-dr-boris-o-bergus-md'}

[9/20] Леонид Дабужский, MD
  svoi: webs=0 phones=1 addr=11 Nevins Street
  no company website
  fill keys: ['address_line', 'city', 'google_maps_url', 'location_precision', 'phone']
  recommendation updated
  publish: {'entity': 'professional', 'action': 'create', 'id': '8ac226d3-5ec7-44ba-b2d1-2dfe009c9701', 'slug': 'svoi-md-6'}

[10/20] Advanced Vision Center
  svoi: webs=1 phones=1 addr=423 Paradise Road
  website error: <urlopen error [SSL: TLSV1_ALERT_PROTOCOL_VERSION] tlsv1 alert protocol version (_ssl.c:1129)>
  fill keys: ['address_line', 'city', 'google_maps_url', 'location_precision', 'phone', 'postal_code', 'state_code', 'website']
  recommendation updated
  publish: {'entity': 'business', 'action': 'create', 'id': '68d8b6fb-d139-4f8d-a6a0-87e4ec03e1cc', 'slug': 'svoi-advanced-vision-center'}

[11/20] Sergey Urman, MD, New England Eye Center
  svoi: webs=0 phones=1 addr=1371 Beacon Street
  no company website
  fill keys: ['address_line', 'city', 'google_maps_url', 'location_precision', 'phone', 'state_code']
  recommendation updated
  publish: {'entity': 'business', 'action': 'create', 'id': 'cac3d2a5-f41f-4131-a4a9-34b405021ccd', 'slug': 'svoi-sergey-urman-md-new-england-eye-center'}

[12/20] Arthur Shekhtman/ Wellesley Cosmetic Surgery
  svoi: webs=0 phones=1 addr=332 Washington Street
  no company website
  fill keys: ['address_line', 'city', 'google_maps_url', 'location_precision', 'phone', 'postal_code', 'state_code']
  recommendation updated
  publish: {'entity': 'professional', 'action': 'create', 'id': 'da6fecea-c471-4c02-8c7f-f7b564504f0d', 'slug': 'svoi-arthur-shekhtman-wellesley-cosmetic-surgery'}

[13/20] Visage Sculpture
  svoi: webs=0 phones=1 addr=31 Channing Street
  no company website
  fill keys: ['address_line', 'city', 'google_maps_url', 'location_precision', 'phone', 'postal_code', 'state_code']
  recommendation updated
  publish: {'entity': 'business', 'action': 'create', 'id': '13580ae6-22f5-4a51-addb-953b15f2aef2', 'slug': 'svoi-visage-sculpture'}

[14/20] Whole Beauty and Health
  svoi: webs=0 phones=1 addr=Myrtle Street
  no company website
  fill keys: ['address_line', 'city', 'google_maps_url', 'location_precision', 'phone']
  recommendation updated
  publish: {'entity': 'business', 'action': 'create', 'id': '83dcd127-fdb7-4189-bd9f-3809a7202085', 'slug': 'svoi-whole-beauty-and-health'}

[15/20] Dr. Natalia Epstein
  svoi: webs=0 phones=1 addr=230 Lowell Street
  no company website
  fill keys: ['address_line', 'city', 'google_maps_url', 'location_precision', 'phone', 'postal_code', 'state_code']
  recommendation updated
  publish: {'entity': 'business', 'action': 'create', 'id': 'b385a0c4-cb57-4a78-8d61-db2a70685529', 'slug': 'svoi-dr-natalia-epstein'}

[16/20] Yuri Shkuratov
  svoi: webs=0 phones=1 addr=Newton
  weak address skipped: Newton
  no company website
  fill keys: ['city', 'google_maps_url', 'phone']
  recommendation updated
  skip publish (entity=business, street=False)

[17/20] Dr. E. Yagudin
  svoi: webs=0 phones=1 addr=74 Main Street
  no company website
  fill keys: ['address_line', 'city', 'google_maps_url', 'location_precision', 'phone', 'postal_code', 'state_code']
  recommendation updated
  publish: {'entity': 'professional', 'action': 'create', 'id': 'bb0990e4-69ca-4482-a3dd-cad451cedb2c', 'slug': 'svoi-dr-e-yagudin'}

[18/20] Allied Physical Therapy (Framingham)
  svoi: webs=1 phones=2 addr=188 Concord Street
  website error: <urlopen error [Errno 8] nodename nor servname provided, or not known>
  fill keys: ['address_line', 'city', 'google_maps_url', 'location_precision', 'phone', 'postal_code', 'state_code', 'website']
  recommendation updated
  publish: {'entity': 'business', 'action': 'create', 'id': '8edd9f9d-6071-46f3-a6a2-2ea2f273c8a6', 'slug': 'svoi-allied-physical-therapy-framingham'}

[19/20] Здоровье
  svoi: webs=0 phones=1 addr=17 Strathmore Road
  no company website
  fill keys: ['address_line', 'city', 'google_maps_url', 'location_precision', 'phone', 'postal_code', 'state_code']
  recommendation updated
  publish: {'entity': 'business', 'action': 'create', 'id': '12013b1a-551d-454a-97a1-73ad3c51632c', 'slug': 'svoi-biz-41'}

[20/20] FLAG MED PHARMACY-MA
  svoi: webs=1 phones=1 addr=7 Willow Street
  website keys: ['description', 'facebook_url']
  fill keys: ['address_line', 'city', 'google_maps_url', 'location_precision', 'phone', 'postal_code', 'state_code', 'website']
  recommendation updated
  publish: {'entity': 'business', 'action': 'create', 'id': '6be65e3c-f186-4ce5-8d7e-a4556451fa1a', 'slug': 'svoi-flag-med-pharmacy-ma'}

Done. enriched=20 with_address=19 published=19 report=/Users/sammov/Russian business AI/scripts/business-enrich/data/svoi_enrich/batch_20260727T024515Z.json
Last targets=20 exit=0

===== ROUND 43 2026-07-27T02:45:18Z =====
targets=20 dry_run=False publish=True places=True publish_enriched=False

[1/20] State Street Pharmacy Grand Opening
  svoi: webs=0 phones=1 addr=22 State Street
  no company website
  places: error
  places quota exhausted — continuing without Places
  fill keys: ['address_line', 'city', 'google_maps_url', 'location_precision', 'phone', 'postal_code', 'state_code']
  recommendation updated
  publish: {'entity': 'business', 'action': 'create', 'id': '4c1cef33-aec9-4a93-af43-29c69769260c', 'slug': 'svoi-state-street-pharmacy-grand-opening'}

[2/20] BRIGHTON PHARMACY MA
  svoi: webs=0 phones=1 addr=388 Washington Street
  no company website
  fill keys: ['address_line', 'city', 'google_maps_url', 'location_precision', 'phone', 'postal_code', 'state_code']
  recommendation updated
  publish: {'entity': 'business', 'action': 'create', 'id': 'b4fe3ac1-0ccf-4f4f-9562-1a488d36b7bc', 'slug': 'svoi-brighton-pharmacy-ma'}

[3/20] Am-Pm Medical Supplies Lynn
  svoi: webs=0 phones=1 addr=1587 Commonwealth Avenue
  no company website
  fill keys: ['address_line', 'city', 'google_maps_url', 'location_precision', 'phone', 'postal_code', 'state_code']
  recommendation updated
  publish: {'entity': 'business', 'action': 'create', 'id': 'eb2dd460-a922-40d0-85f0-d637794eff58', 'slug': 'svoi-am-pm-medical-supplies-lynn'}

[4/20] Medical AM-PM Medical Supplies
  svoi: webs=0 phones=1 addr=1588 Commonwealth Avenue
  no company website
  fill keys: ['address_line', 'city', 'google_maps_url', 'location_precision', 'phone', 'postal_code', 'state_code']
  recommendation updated
  publish: {'entity': 'business', 'action': 'create', 'id': 'f9b5f630-926f-4bd3-95f8-c52e04bcc081', 'slug': 'svoi-medical-am-pm-medical-supplies'}

[5/20] Mercedes-Benz of Natick
  svoi: webs=1 phones=1 addr=253 North Main St.
  website error: HTTP Error 403: Forbidden
  fill keys: ['address_line', 'city', 'google_maps_url', 'location_precision', 'phone', 'state_code', 'website']
  recommendation updated
  publish: {'entity': 'business', 'action': 'create', 'id': 'a811a418-e412-464f-b5fd-397dd1fd1aa2', 'slug': 'svoi-mercedes-benz-of-natick'}

[6/20] Western motors
  svoi: webs=1 phones=1 addr=138 Milford Street
  website error: HTTP Error 403: Forbidden
  fill keys: ['address_line', 'city', 'google_maps_url', 'location_precision', 'phone', 'postal_code', 'state_code', 'website']
  recommendation updated
  publish: {'entity': 'business', 'action': 'create', 'id': '38eea130-16c8-432a-89b2-e61d86f3c1b7', 'slug': 'svoi-western-motors'}

[7/20] Alpha Cars
  svoi: webs=0 phones=1 addr=649 Massachusetts Ave
  no company website
  fill keys: ['address_line', 'city', 'google_maps_url', 'location_precision', 'phone', 'postal_code', 'state_code']
  recommendation updated
  publish: {'entity': 'business', 'action': 'create', 'id': '017d53e9-08e0-4c61-8c33-96db407c2e50', 'slug': 'svoi-alpha-cars'}

[8/20] Auto Advisers
  svoi: webs=0 phones=1 addr=Framingham
  weak address skipped: Framingham
  no company website
  fill keys: ['city', 'google_maps_url', 'phone']
  recommendation updated
  skip publish (entity=business, street=False)

[9/20] NEWTON DRIVING SCHOOL
  svoi: webs=1 phones=1 addr=50 Winchester
  website error: <urlopen error [Errno 8] nodename nor servname provided, or not known>
  fill keys: ['address_line', 'city', 'google_maps_url', 'location_precision', 'phone', 'postal_code', 'state_code', 'website']
  recommendation updated
  publish: {'entity': 'business', 'action': 'create', 'id': '84e8071f-7f80-4976-9c1c-0bb70f35cecd', 'slug': 'svoi-newton-driving-school'}

[10/20] Бостон – Нью-Йорк – Бостон
  svoi: webs=0 phones=2 addr=Boston
  weak address skipped: Boston
  no company website
  fill keys: ['city', 'google_maps_url', 'phone']
  recommendation updated
  skip publish (entity=business, street=False)

[11/20] Комфортабельное Tакси
  svoi: webs=0 phones=2 addr=Boston
  weak address skipped: Boston
  no company website
  fill keys: ['city', 'google_maps_url', 'phone']
  recommendation updated
  skip publish (entity=business, street=False)

[12/20] Детский сад АБВГДейка
  svoi: webs=0 phones=1 addr=8 Prestwick Drive
  no company website
  fill keys: ['address_line', 'city', 'google_maps_url', 'location_precision', 'phone', 'postal_code', 'state_code']
  recommendation updated
  publish: {'entity': 'business', 'action': 'create', 'id': 'a268ae8f-5e43-4516-a1fc-145d5cf7916c', 'slug': 'svoi-biz-42'}

[13/20] Inas Day Care
  svoi: webs=0 phones=2 addr=Massapoag Avenue
  no company website
  fill keys: ['address_line', 'city', 'google_maps_url', 'location_precision', 'phone', 'state_code']
  recommendation updated
  publish: {'entity': 'business', 'action': 'create', 'id': '9fd62f24-ed24-455e-9ba1-14bf70382ba0', 'slug': 'svoi-inas-day-care'}

[14/20] Learning Tree Day Care
  svoi: webs=0 phones=1 addr=19 Scott Drive
  no company website
  fill keys: ['address_line', 'city', 'google_maps_url', 'location_precision', 'phone', 'postal_code', 'state_code']
  recommendation updated
  publish: {'entity': 'business', 'action': 'create', 'id': '31871b8e-6e97-467f-b261-e9eca3b89875', 'slug': 'svoi-learning-tree-day-care'}

[15/20] RSM-Metrowest (Formerly MetroWest School of Mathematics)
  svoi: webs=1 phones=2 addr=5 Auburn St
  website keys: ['description', 'facebook_url', 'opening_hours']
  fill keys: ['address_line', 'city', 'google_maps_url', 'location_precision', 'opening_hours', 'phone', 'state_code', 'website']
  recommendation updated
  publish: {'entity': 'business', 'action': 'create', 'id': 'd5b0b1ac-24d8-47fc-aa32-904c230e02d6', 'slug': 'svoi-rsm-metrowest-formerly-metrowest-school-of-mathe'}

[16/20] Advanced Math School
  svoi: webs=0 phones=1 addr=15 Beulah Street
  no company website
  fill keys: ['address_line', 'city', 'google_maps_url', 'location_precision', 'phone', 'postal_code', 'state_code']
  recommendation updated
  publish: {'entity': 'business', 'action': 'create', 'id': '6cb1f2a9-4daa-491c-82dd-c31829d985a1', 'slug': 'svoi-advanced-math-school'}

[17/20] Alma Mater Studio
  svoi: webs=1 phones=5 addr=442 Marrett Road
  website keys: ['address_line', 'city', 'description', 'emails', 'facebook_url', 'instagram_url', 'phones', 'postal_code', 'state_code']
  fill keys: ['address_line', 'city', 'email', 'google_maps_url', 'instagram_url', 'location_precision', 'phone', 'postal_code', 'state_code', 'website']
  recommendation updated
  publish: {'entity': 'business', 'action': 'create', 'id': '52742aac-05a2-40b9-8053-22820e09fe10', 'slug': 'svoi-alma-mater-studio'}

[18/20] Arlekin Players Theatre
  svoi: webs=1 phones=1 addr=368 Hillside Ave
  website error: HTTP Error 308: Permanent Redirect
  fill keys: ['address_line', 'city', 'google_maps_url', 'location_precision', 'phone', 'postal_code', 'state_code', 'website']
  recommendation updated
  publish: {'entity': 'business', 'action': 'create', 'id': 'eda375bf-baea-4602-a26a-cf679266756d', 'slug': 'svoi-arlekin-players-theatre'}

[19/20] LEARN TO PLAY PIANO
  svoi: webs=0 phones=1 addr=148 Sycamore Street
  no company website
  fill keys: ['address_line', 'city', 'google_maps_url', 'location_precision', 'phone', 'postal_code', 'state_code']
  recommendation updated
  publish: {'entity': 'business', 'action': 'create', 'id': 'b64bbddd-04f5-4571-ada9-7083d35cb6be', 'slug': 'svoi-learn-to-play-piano'}

[20/20] Nathaniel Steele Properties, Inc. - Tetiana S. Morse
  svoi: webs=1 phones=3 addr=29 Vine Street
  website keys: ['facebook_url']
  fill keys: ['address_line', 'city', 'google_maps_url', 'location_precision', 'phone', 'postal_code', 'state_code', 'website']
  recommendation updated
  publish: {'entity': 'business', 'action': 'create', 'id': '8b63edce-9e1f-4219-9382-2e3be1d83111', 'slug': 'svoi-nathaniel-steele-properties-inc-tetiana-s-morse'}

Done. enriched=20 with_address=17 published=17 report=/Users/sammov/Russian business AI/scripts/business-enrich/data/svoi_enrich/batch_20260727T024625Z.json
Last targets=20 exit=0

===== ROUND 44 2026-07-27T02:46:28Z =====
targets=20 dry_run=False publish=True places=True publish_enriched=False

[1/20] Acton Real Estate Company, LLC
  svoi: webs=1 phones=1 addr=525 Massachusetts Ave #105
  website keys: ['address_line', 'city', 'description', 'facebook_url', 'instagram_url', 'phones', 'postal_code', 'state_code']
  places: error
  places quota exhausted — continuing without Places
  fill keys: ['address_line', 'city', 'google_maps_url', 'instagram_url', 'location_precision', 'phone', 'postal_code', 'state_code', 'website']
  recommendation updated
  publish: {'entity': 'business', 'action': 'create', 'id': '1252949f-65b1-465a-a1de-0b38e94c1ec9', 'slug': 'svoi-acton-real-estate-company-llc'}

[2/20] Homes-R-US Realty of MA
  svoi: webs=0 phones=2 addr=9 Green Street
  no company website
  fill keys: ['address_line', 'city', 'google_maps_url', 'location_precision', 'phone', 'state_code']
  recommendation updated
  publish: {'entity': 'business', 'action': 'create', 'id': '453263af-55cd-460b-a60b-5de0846d2eab', 'slug': 'svoi-homes-r-us-realty-of-ma'}

[3/20] Milendorf Real Estate Development
  svoi: webs=0 phones=1 addr=25 Waltham Street
  no company website
  fill keys: ['address_line', 'city', 'google_maps_url', 'location_precision', 'phone', 'state_code']
  recommendation updated
  publish: {'entity': 'business', 'action': 'create', 'id': '3cfe887c-765d-434e-8e59-e4cd90fab821', 'slug': 'svoi-milendorf-real-estate-development'}

[4/20] HOMEDOCTOR
  svoi: webs=0 phones=1 addr=183 Oak
  no company website
  fill keys: ['address_line', 'city', 'google_maps_url', 'location_precision', 'phone', 'postal_code', 'state_code']
  recommendation updated
  publish: {'entity': 'business', 'action': 'create', 'id': 'dac2b603-458b-4db4-8990-a50cd2852ff4', 'slug': 'svoi-homedoctor'}

[5/20] David Tesler
  svoi: webs=0 phones=2 addr=54 Leigh
  no company website
  fill keys: ['address_line', 'city', 'google_maps_url', 'location_precision', 'phone', 'postal_code', 'state_code']
  recommendation updated
  publish: {'entity': 'business', 'action': 'create', 'id': '83214eaa-0bcc-4366-884e-503e888795b1', 'slug': 'svoi-david-tesler'}

[6/20] Ace Air
  svoi: webs=0 phones=1 addr=Newton
  weak address skipped: Newton
  no company website
  fill keys: ['city', 'google_maps_url', 'phone']
  recommendation updated
  skip publish (entity=business, street=False)

[7/20] Air Stream HVAC
  svoi: webs=0 phones=1 addr=Boston
  weak address skipped: Boston
  no company website
  fill keys: ['city', 'google_maps_url', 'phone']
  recommendation updated
  skip publish (entity=business, street=False)

[8/20] Architect Samuel Volchek
  svoi: webs=0 phones=1 addr=Sudbury
  weak address skipped: Sudbury
  no company website
  fill keys: ['city', 'google_maps_url', 'phone']
  recommendation updated
  skip publish (entity=business, street=False)

[9/20] YM Design, INC
  svoi: webs=1 phones=1 addr=302 Winchester Street N
  website error: <urlopen error [Errno 8] nodename nor servname provided, or not known>
  fill keys: ['address_line', 'city', 'google_maps_url', 'location_precision', 'phone', 'postal_code', 'state_code', 'website']
  recommendation updated
  publish: {'entity': 'business', 'action': 'create', 'id': '039d11fe-ec6b-4135-a954-3021fa5579ac', 'slug': 'svoi-ym-design-inc'}

[10/20] Michail Oratovcky - Licensed architect
  svoi: webs=0 phones=1 addr=Boston
  weak address skipped: Boston
  no company website
  fill keys: ['city', 'google_maps_url', 'phone']
  recommendation updated
  skip publish (entity=business, street=False)

[11/20] Hair At The Emery Board в Плейнвилл
  svoi: webs=0 phones=1 addr=60 Man-Mar Drive
  no company website
  fill keys: ['address_line', 'city', 'google_maps_url', 'location_precision', 'phone', 'state_code']
  recommendation updated
  publish: {'entity': 'business', 'action': 'create', 'id': '5ab0f3cb-1d2f-454d-8898-d2966ce1e601', 'slug': 'svoi-hair-at-the-emery-board'}

[12/20] Kids Entertainment and Face Painting by Tania
  svoi: webs=0 phones=2 addr=2 Pelham Avenue
  no company website
  fill keys: ['address_line', 'city', 'google_maps_url', 'location_precision', 'phone', 'state_code']
  recommendation updated
  publish: {'entity': 'business', 'action': 'create', 'id': 'b679dbda-cac7-4f2d-8c80-044ee38e5d11', 'slug': 'svoi-kids-entertainment-and-face-painting-by-tania'}

[13/20] Beauty Studio
  svoi: webs=0 phones=1 addr=Natick
  weak address skipped: Natick
  no company website
  fill keys: ['city', 'google_maps_url', 'phone', 'state_code']
  recommendation updated
  skip publish (entity=business, street=False)

[14/20] Детский Массаж
  svoi: webs=0 phones=1 addr=32 Apple Tree Hill Rd
  no company website
  fill keys: ['address_line', 'city', 'google_maps_url', 'location_precision', 'phone', 'postal_code', 'state_code']
  recommendation updated
  publish: {'entity': 'professional', 'action': 'create', 'id': '040c283c-7cbf-4fbc-9afc-679425ad46b1', 'slug': 'svoi-biz-7'}

[15/20] Nangle Insurance
  svoi: webs=0 phones=1 addr=287 Appleton Street
  no company website
  fill keys: ['address_line', 'city', 'google_maps_url', 'location_precision', 'phone', 'postal_code', 'state_code']
  recommendation updated
  publish: {'entity': 'business', 'action': 'create', 'id': '8dbc1be1-c0f5-4f67-933e-20f34293978e', 'slug': 'svoi-nangle-insurance'}

[16/20] Екатерина Максимова
  svoi: webs=0 phones=1 addr=405 Cochituate Road
  no company website
  fill keys: ['address_line', 'city', 'google_maps_url', 'location_precision', 'phone', 'postal_code', 'state_code']
  recommendation updated
  publish: {'entity': 'business', 'action': 'create', 'id': '1ed77a73-6267-498d-b451-8920774431c9', 'slug': 'svoi-biz-43'}

[17/20] Катерина Музиро Страховой Агент
  svoi: webs=0 phones=1 addr=10 Federal Street Suite 11
  no company website
  fill keys: ['address_line', 'city', 'google_maps_url', 'location_precision', 'phone', 'postal_code', 'state_code']
  recommendation updated
  publish: {'entity': 'business', 'action': 'create', 'id': '3b245708-c65f-460f-999c-2a803227faaf', 'slug': 'svoi-biz-44'}

[18/20] Viva Travel в Лоренс
  svoi: webs=0 phones=1 addr=607 Common Street
  no company website
  fill keys: ['address_line', 'city', 'google_maps_url', 'location_precision', 'phone', 'postal_code', 'state_code']
  recommendation updated
  publish: {'entity': 'business', 'action': 'create', 'id': '62af756f-972b-43fa-8bcb-40bc519db0e5', 'slug': 'svoi-viva-travel'}

[19/20] All Seasons Travel
  svoi: webs=0 phones=1 addr=174 Lynn Street
  no company website
  fill keys: ['address_line', 'city', 'google_maps_url', 'location_precision', 'phone', 'postal_code', 'state_code']
  recommendation updated
  publish: {'entity': 'business', 'action': 'create', 'id': 'e14b568e-1a16-4b48-b1f3-69ccffdb253f', 'slug': 'svoi-all-seasons-travel'}

[20/20] Romantic Tour
  svoi: webs=1 phones=2 addr=33 Birch Street
  website error: <urlopen error [Errno 8] nodename nor servname provided, or not known>
  fill keys: ['address_line', 'city', 'google_maps_url', 'location_precision', 'phone', 'postal_code', 'state_code', 'website']
  recommendation updated
  publish: {'entity': 'business', 'action': 'create', 'id': 'bc34093d-aa61-4846-8cc1-24235e4c4a2c', 'slug': 'svoi-romantic-tour'}

Done. enriched=20 with_address=15 published=15 report=/Users/sammov/Russian business AI/scripts/business-enrich/data/svoi_enrich/batch_20260727T024738Z.json
Last targets=20 exit=0

===== ROUND 45 2026-07-27T02:47:41Z =====
targets=20 dry_run=False publish=True places=True publish_enriched=False

[1/20] Natalia Semenova Наталья Семенова
  svoi: webs=0 phones=1 addr=Norwood
  weak address skipped: Norwood
  no company website
  places: error
  places quota exhausted — continuing without Places
  fill keys: ['city', 'google_maps_url', 'phone']
  recommendation updated
  skip publish (entity=business, street=False)

[2/20] Translator "Victori" H.
  svoi: webs=1 phones=1 addr=Boston
  weak address skipped: Boston
  website error: <urlopen error [Errno 8] nodename nor servname provided, or not known>
  fill keys: ['city', 'google_maps_url', 'phone', 'website']
  recommendation updated
  skip publish (entity=business, street=False)

[3/20] International Documentation Center
  svoi: webs=0 phones=1 addr=398 Columbus Avenue
  no company website
  fill keys: ['address_line', 'city', 'google_maps_url', 'location_precision', 'phone', 'postal_code', 'state_code']
  recommendation updated
  publish: {'entity': 'business', 'action': 'create', 'id': '8e60bd7c-6398-44da-97dd-c98f239e2224', 'slug': 'svoi-international-documentation-center'}

[4/20] Autoshippingoverseas.com
  svoi: webs=0 phones=1 addr=134 Newbury Street
  no company website
  fill keys: ['address_line', 'city', 'google_maps_url', 'location_precision', 'phone', 'postal_code', 'state_code']
  recommendation updated
  publish: {'entity': 'business', 'action': 'create', 'id': '4566086d-7f65-44c7-ba82-d9037104439d', 'slug': 'svoi-autoshippingoverseas-com'}

[5/20] Genuine Movers
  svoi: webs=1 phones=1 addr=Suompscott
  weak address skipped: Suompscott
  website keys: []
  fill keys: ['city', 'google_maps_url', 'phone', 'website']
  recommendation updated
  skip publish (entity=business, street=False)

[6/20] Good Choice Movers LLC
  svoi: webs=1 phones=1 addr=285 Lynn Shore Dr
  website keys: []
  fill keys: ['address_line', 'city', 'google_maps_url', 'location_precision', 'phone', 'postal_code', 'state_code', 'website']
  recommendation updated
  publish: {'entity': 'business', 'action': 'create', 'id': '0dea6e32-a88e-472f-baa6-e547074c5755', 'slug': 'svoi-good-choice-movers-llc'}

[7/20] M-Graphics Co.
  svoi: webs=0 phones=2 addr=1 Dead Eye Run
  no company website
  fill keys: ['address_line', 'city', 'google_maps_url', 'location_precision', 'phone', 'postal_code', 'state_code']
  recommendation updated
  publish: {'entity': 'business', 'action': 'create', 'id': '97de2157-5eb6-4a84-a8e6-9fa2991e9df3', 'slug': 'svoi-m-graphics-co'}

[8/20] Glad Acres Dry Cleaners & Tlrs в West Bridgewater
  svoi: webs=0 phones=1 addr=320 West Center Street
  no company website
  fill keys: ['address_line', 'city', 'google_maps_url', 'location_precision', 'phone', 'postal_code', 'state_code']
  recommendation updated
  publish: {'entity': 'business', 'action': 'create', 'id': '92d4d0da-9035-4977-9356-208a1f7bf50e', 'slug': 'svoi-glad-acres-dry-cleaners-tlrs-west-bridgewater'}

[9/20] Alla Tailoring
  svoi: webs=0 phones=1 addr=302 Watertown Street
  no company website
  fill keys: ['address_line', 'city', 'google_maps_url', 'location_precision', 'phone', 'state_code']
  recommendation updated
  publish: {'entity': 'business', 'action': 'create', 'id': 'f01e7d7f-a7e6-495a-bb5e-9c0379e7ce96', 'slug': 'svoi-alla-tailoring'}

[10/20] Alexandre Designs в Рослиндейл
  svoi: webs=0 phones=1 addr=4164 Washington Street
  no company website
  fill keys: ['address_line', 'city', 'google_maps_url', 'location_precision', 'phone', 'postal_code', 'state_code']
  recommendation updated
  publish: {'entity': 'business', 'action': 'create', 'id': 'cecb5862-6b6b-4930-b87a-3027343c2d09', 'slug': 'svoi-alexandre-designs'}

[11/20] Three Star Freight Services
  svoi: webs=1 phones=2 addr=134 Newbury Street
  website keys: []
  fill keys: ['address_line', 'city', 'google_maps_url', 'location_precision', 'phone', 'postal_code', 'state_code', 'website']
  recommendation updated
  publish: {'entity': 'business', 'action': 'create', 'id': '31218251-9f09-483e-bdab-6a3b6c4176a1', 'slug': 'svoi-three-star-freight-services'}

[12/20] JVS Boston
  svoi: webs=1 phones=1 addr=29 Winter Street
  website keys: ['description', 'facebook_url', 'instagram_url', 'phones']
  fill keys: ['address_line', 'city', 'google_maps_url', 'instagram_url', 'location_precision', 'phone', 'postal_code', 'state_code', 'website']
  recommendation updated
  publish: {'entity': 'business', 'action': 'create', 'id': '84817841-1dd1-4fa8-b877-6a06168e8520', 'slug': 'svoi-jvs-boston'}

[13/20] Anya Kod Photography
  svoi: webs=0 phones=2 addr=26 Longwood Drive
  no company website
  fill keys: ['address_line', 'city', 'google_maps_url', 'location_precision', 'phone', 'state_code']
  recommendation updated
  publish: {'entity': 'business', 'action': 'create', 'id': 'e7010b4b-0941-49aa-a491-1e9eaa37cba5', 'slug': 'svoi-anya-kod-photography'}

[14/20] IgorEvents PhotographyBoston
  svoi: webs=0 phones=2 addr=Needham
  weak address skipped: Needham
  no company website
  fill keys: ['city', 'google_maps_url', 'phone']
  recommendation updated
  skip publish (entity=business, street=False)

[15/20] Fenix-Video
  svoi: webs=0 phones=1 addr=Woburn
  weak address skipped: Woburn
  no company website
  fill keys: ['city', 'google_maps_url', 'phone']
  recommendation updated
  skip publish (entity=business, street=False)

[16/20] Igor Katsemba, EA, MBA
  svoi: webs=0 phones=1 addr=1 Essex Terrace
  no company website
  fill keys: ['address_line', 'city', 'google_maps_url', 'location_precision', 'phone', 'state_code']
  recommendation updated
  publish: {'entity': 'business', 'action': 'create', 'id': 'a76326d5-d7f1-4dcc-a4d4-3d99123b52b5', 'slug': 'svoi-igor-katsemba-ea-mba'}

[17/20] Sklyar Accounting Services
  svoi: webs=1 phones=1 addr=275 Grove St
  website keys: []
  fill keys: ['address_line', 'city', 'google_maps_url', 'location_precision', 'phone', 'postal_code', 'state_code', 'website']
  recommendation updated
  publish: {'entity': 'business', 'action': 'create', 'id': 'd6a7ecb5-2821-4eca-9479-0b24fb9eb012', 'slug': 'svoi-sklyar-accounting-services'}

[18/20] Agranovich Accounting and Payroll
  svoi: webs=0 phones=1 addr=1009 Chestnut Street
  no company website
  fill keys: ['address_line', 'city', 'google_maps_url', 'location_precision', 'phone', 'state_code']
  recommendation updated
  publish: {'entity': 'business', 'action': 'create', 'id': 'b9f86f1a-6478-4d6f-8e3a-39ed457c7a06', 'slug': 'svoi-agranovich-accounting-and-payroll'}

[19/20] Шустер Геннадий
  svoi: webs=0 phones=3 addr=377 Simarano Drive
  no company website
  fill keys: ['address_line', 'city', 'google_maps_url', 'location_precision', 'phone', 'postal_code', 'state_code']
  recommendation updated
  publish: {'entity': 'business', 'action': 'create', 'id': '3d04db2c-a232-400f-89c9-e4b7c212f4df', 'slug': 'svoi-biz-45'}

[20/20] Lev Vaysburd, Newton Mortgage Company
  svoi: webs=0 phones=1 addr=Framingham
  weak address skipped: Framingham
  no company website
  fill keys: ['city', 'google_maps_url', 'phone']
  recommendation updated
  skip publish (entity=business, street=False)

Done. enriched=20 with_address=14 published=14 report=/Users/sammov/Russian business AI/scripts/business-enrich/data/svoi_enrich/batch_20260727T024842Z.json
Last targets=20 exit=0

===== ROUND 46 2026-07-27T02:48:45Z =====
targets=20 dry_run=False publish=True places=True publish_enriched=False

[1/20] Centurion Funding Corp
  svoi: webs=0 phones=1 addr=Эйвон
  weak address skipped: Эйвон
  no company website
  places: error
  places quota exhausted — continuing without Places
  fill keys: ['city', 'google_maps_url', 'phone']
  recommendation updated
  skip publish (entity=business, street=False)

[2/20] Radius Bank
  svoi: webs=1 phones=1 addr=Boston
  weak address skipped: Boston
  website keys: ['address_line', 'city', 'description', 'facebook_url', 'instagram_url', 'postal_code', 'state_code']
  fill keys: ['address_line', 'city', 'google_maps_url', 'instagram_url', 'location_precision', 'phone', 'postal_code', 'state_code', 'website']
  recommendation updated
  publish: {'entity': 'business', 'action': 'create', 'id': '5434121f-3adf-4748-aacb-360e56e09912', 'slug': 'svoi-radius-bank'}

[3/20] Bazaar West
  svoi: webs=0 phones=1 addr=855 Worcester Road
  no company website
  fill keys: ['address_line', 'city', 'google_maps_url', 'location_precision', 'phone', 'postal_code', 'state_code']
  recommendation updated
  publish: {'entity': 'business', 'action': 'create', 'id': '0ddc458f-5705-4bcb-965c-849a3c838a64', 'slug': 'svoi-bazaar-west'}

[4/20] Bread and Butter
  svoi: webs=0 phones=1 addr=374 South Main Street
  no company website
  fill keys: ['address_line', 'city', 'google_maps_url', 'location_precision', 'phone', 'postal_code', 'state_code']
  recommendation updated
  publish: {'entity': 'business', 'action': 'create', 'id': '7dbd5ec4-41d7-4a9e-ae1c-bf727db11680', 'slug': 'svoi-bread-and-butter'}

[5/20] Culinary Delights in Natick
  svoi: webs=0 phones=1 addr=229 North Main Street
  no company website
  fill keys: ['address_line', 'city', 'google_maps_url', 'location_precision', 'phone', 'postal_code', 'state_code']
  recommendation updated
  publish: {'entity': 'business', 'action': 'create', 'id': '1d3119af-6329-4775-878e-be1e0c8ef90f', 'slug': 'svoi-culinary-delights-in-natick'}

[6/20] Антикварный магазин в Марлборо
  svoi: webs=0 phones=1 addr=305 Lincoln Street
  no company website
  fill keys: ['address_line', 'city', 'google_maps_url', 'location_precision', 'phone', 'postal_code', 'state_code']
  recommendation updated
  publish: {'entity': 'business', 'action': 'create', 'id': '6fcdda99-e529-4ca8-aecf-ba276686a040', 'slug': 'svoi-biz-46'}

[7/20] Gabriella's Gifts
  svoi: webs=0 phones=1 addr=Stoughton
  weak address skipped: Stoughton
  no company website
  fill keys: ['city', 'google_maps_url', 'phone']
  recommendation updated
  skip publish (entity=business, street=False)

[8/20] Barats Jewelry Repair
  svoi: webs=0 phones=1 addr=100 Independence Way
  no company website
  fill keys: ['address_line', 'city', 'google_maps_url', 'location_precision', 'phone', 'state_code']
  recommendation updated
  publish: {'entity': 'business', 'action': 'create', 'id': '3401308b-8d97-4c41-8ef3-21da295db2f7', 'slug': 'svoi-barats-jewelry-repair'}

[9/20] Bistro 45
  svoi: webs=1 phones=3 addr=45 North Washington Street
  website error: <urlopen error [Errno 8] nodename nor servname provided, or not known>
  fill keys: ['address_line', 'city', 'google_maps_url', 'location_precision', 'phone', 'state_code', 'website']
  recommendation updated
  publish: {'entity': 'business', 'action': 'create', 'id': 'fb816c15-b059-454e-bcaa-a98ad52a7564', 'slug': 'svoi-bistro-45'}

[10/20] Royal Mandarin в New Marlborough
  svoi: webs=0 phones=1 addr=350 East Main Street
  no company website
  fill keys: ['address_line', 'city', 'google_maps_url', 'location_precision', 'phone', 'state_code']
  recommendation updated
  publish: {'entity': 'business', 'action': 'create', 'id': '40bb0f4f-7e6f-4023-9acc-e342b0d5621e', 'slug': 'svoi-royal-mandarin-new-marlborough'}

[11/20] Timothy S Hopkins Catering
  svoi: webs=0 phones=1 addr=9 Old Right Road
  no company website
  fill keys: ['address_line', 'city', 'google_maps_url', 'location_precision', 'phone', 'postal_code', 'state_code']
  recommendation updated
  publish: {'entity': 'business', 'action': 'create', 'id': 'ebc95c20-6dc8-418e-b4c3-4902a053fda0', 'slug': 'svoi-timothy-s-hopkins-catering'}

[12/20] Lenzi's Millhouse & Catering в Dracut
  svoi: webs=0 phones=1 addr=810 Merrimack Avenue
  no company website
  fill keys: ['address_line', 'city', 'google_maps_url', 'location_precision', 'phone', 'state_code']
  recommendation updated
  publish: {'entity': 'business', 'action': 'create', 'id': '0ac02443-e790-433f-8a49-239545198e19', 'slug': 'svoi-lenzi-s-millhouse-catering-dracut'}

[13/20] Русская баня MA
  svoi: webs=0 phones=1 addr=42 Beacon Street
  no company website
  fill keys: ['address_line', 'city', 'google_maps_url', 'location_precision', 'phone']
  recommendation updated
  publish: {'entity': 'business', 'action': 'create', 'id': 'b4bb1d3e-2b16-4ece-bb6b-afb6358d9e04', 'slug': 'svoi-ma'}

[14/20] Mobile Sauna
  svoi: webs=0 phones=1 addr=24 Beach St
  no company website
  fill keys: ['address_line', 'city', 'google_maps_url', 'location_precision', 'phone', 'postal_code', 'state_code']
  recommendation updated
  publish: {'entity': 'business', 'action': 'create', 'id': 'de2f3b59-a59f-4c3e-a1bd-806cb836bc7d', 'slug': 'svoi-mobile-sauna'}

[15/20] Russian Bulletin
  svoi: webs=1 phones=1 addr=Newton
  weak address skipped: Newton
  website error: HTTP Error 500: Internal Server Error
  fill keys: ['city', 'google_maps_url', 'phone', 'website']
  recommendation updated
  skip publish (entity=business, street=False)

[16/20] Panrus
  svoi: webs=1 phones=4 addr=Somerville
  weak address skipped: Somerville
  website keys: []
  fill keys: ['city', 'google_maps_url', 'phone', 'website']
  recommendation updated
  skip publish (entity=business, street=False)

[17/20] Verree Pediatrics – Dr. Privorotskaya, Galina
  svoi: webs=0 phones=1 addr=10125 Verree Road
  no company website
  fill keys: ['address_line', 'city', 'google_maps_url', 'location_precision', 'phone', 'postal_code', 'state_code']
  recommendation updated
  publish: {'entity': 'business', 'action': 'create', 'id': '766928a7-a042-4a9e-9a45-081c7b6ee6e1', 'slug': 'svoi-verree-pediatrics-dr-privorotskaya-galina'}

[18/20] Dr. Kobets
  svoi: webs=0 phones=1 addr=8556 Bustleton Avenue
  no company website
  fill keys: ['address_line', 'city', 'google_maps_url', 'location_precision', 'phone', 'postal_code', 'state_code']
  recommendation updated
  publish: {'entity': 'business', 'action': 'create', 'id': '1af1e9b0-a22a-43f8-8d32-082463edec24', 'slug': 'svoi-dr-kobets'}

[19/20] Advanced Dental Group
  svoi: webs=0 phones=1 addr=528 Street Road
  no company website
  fill keys: ['address_line', 'city', 'google_maps_url', 'location_precision', 'phone', 'postal_code', 'state_code']
  recommendation updated
  publish: {'entity': 'business', 'action': 'create', 'id': 'bcc8c5c4-3602-4bd4-9626-126a1758d7a9', 'slug': 'svoi-advanced-dental-group'}

[20/20] Absolute Smile
  svoi: webs=0 phones=1 addr=1045 Street Road
  no company website
  fill keys: ['address_line', 'city', 'google_maps_url', 'location_precision', 'phone', 'postal_code', 'state_code']
  recommendation updated
  publish: {'entity': 'business', 'action': 'create', 'id': 'cba2a110-e5c3-412d-a417-27df2e04a7c1', 'slug': 'svoi-absolute-smile'}

Done. enriched=20 with_address=16 published=16 report=/Users/sammov/Russian business AI/scripts/business-enrich/data/svoi_enrich/batch_20260727T024949Z.json
Last targets=20 exit=0

===== ROUND 47 2026-07-27T02:49:52Z =====
targets=20 dry_run=False publish=True places=True publish_enriched=False

[1/20] Dr. Rhode, James
  svoi: webs=0 phones=1 addr=602 Lakeside Drive
  no company website
  places: error
  places quota exhausted — continuing without Places
  fill keys: ['address_line', 'city', 'google_maps_url', 'location_precision', 'phone', 'state_code']
  recommendation updated
  publish: {'entity': 'business', 'action': 'create', 'id': '3429951b-5309-4579-8a9d-2bdeb2c9123b', 'slug': 'svoi-dr-rhode-james'}

[2/20] Dr. Nemirovsky Natan
  svoi: webs=0 phones=1 addr=11500 Bustleton Avenue
  no company website
  fill keys: ['address_line', 'city', 'google_maps_url', 'location_precision', 'phone', 'postal_code', 'state_code']
  recommendation updated
  publish: {'entity': 'business', 'action': 'create', 'id': '74424850-0a38-4ac1-ab67-25b5d069f2e0', 'slug': 'svoi-dr-nemirovsky-natan'}

[3/20] Dr. Irine Feigin
  svoi: webs=0 phones=3 addr=2375 Woodward Street
  no company website
  fill keys: ['address_line', 'city', 'google_maps_url', 'location_precision', 'phone', 'postal_code', 'state_code']
  recommendation updated
  publish: {'entity': 'professional', 'action': 'create', 'id': 'd3d9205b-6290-466e-9b5f-93b528de82b5', 'slug': 'svoi-dr-irine-feigin'}

[4/20] New Life of Community Health
  svoi: webs=0 phones=1 addr=6722 Bustleton Avenue
  no company website
  fill keys: ['address_line', 'city', 'google_maps_url', 'location_precision', 'phone', 'state_code']
  recommendation updated
  publish: {'entity': 'business', 'action': 'create', 'id': '4bda2da3-abb1-46a7-862e-143274670097', 'slug': 'svoi-new-life-of-community-health'}

[5/20] Dr. Mosidze-Hammond, Meggy
  svoi: webs=0 phones=1 addr=826 Bustleton Pike
  no company website
  fill keys: ['address_line', 'city', 'google_maps_url', 'location_precision', 'phone', 'postal_code', 'state_code']
  recommendation updated
  publish: {'entity': 'business', 'action': 'create', 'id': 'ec6d03de-712b-4c10-8a05-a94d85f57a26', 'slug': 'svoi-dr-mosidze-hammond-meggy'}

[6/20] Womens Health Network
  svoi: webs=0 phones=1 addr=1904 County Line Road
  no company website
  fill keys: ['address_line', 'city', 'google_maps_url', 'location_precision', 'phone', 'postal_code', 'state_code']
  recommendation updated
  publish: {'entity': 'business', 'action': 'create', 'id': '91a1f93a-bd7b-48b6-aa94-950490ea6e4e', 'slug': 'svoi-womens-health-network'}

[7/20] Urologic Consultants - Dr. J. Weissman
  svoi: webs=0 phones=1 addr=9880 Bustleton Avenue
  no company website
  fill keys: ['address_line', 'city', 'google_maps_url', 'location_precision', 'phone', 'state_code']
  recommendation updated
  publish: {'entity': 'business', 'action': 'create', 'id': '33039286-920b-4c16-9d25-3013492f09b1', 'slug': 'svoi-urologic-consultants-dr-j-weissman'}

[8/20] Dr. Ilkovych, Yuriy
  svoi: webs=0 phones=1 addr=826 Bustleton Pike
  no company website
  fill keys: ['address_line', 'city', 'google_maps_url', 'location_precision', 'phone', 'postal_code', 'state_code']
  recommendation updated
  publish: {'entity': 'business', 'action': 'create', 'id': '9146d069-1ac8-49bd-b237-c2c1577cbd33', 'slug': 'svoi-dr-ilkovych-yuriy'}

[9/20] Dr. Azrilevich, Michael
  svoi: webs=0 phones=1 addr=14500 Bustleton Avenue
  no company website
  fill keys: ['address_line', 'city', 'google_maps_url', 'location_precision', 'phone', 'postal_code', 'state_code']
  recommendation updated
  publish: {'entity': 'business', 'action': 'create', 'id': '0d75af4c-d72f-4100-a743-9adb9a0a47b5', 'slug': 'svoi-dr-azrilevich-michael'}

[10/20] Dr. Alexander D. Tarnopolsky, DO
  svoi: webs=0 phones=1 addr=14200 Bustleton Avenue
  no company website
  fill keys: ['address_line', 'city', 'google_maps_url', 'location_precision', 'phone', 'postal_code', 'state_code']
  recommendation updated
  publish: {'entity': 'professional', 'action': 'create', 'id': '9bbd3ee8-3a91-42a3-a10e-b20d03eb1bea', 'slug': 'svoi-dr-alexander-d-tarnopolsky-do'}

[11/20] Feasterville Foot Care Center – Dr. Nelson, Howard
  svoi: webs=1 phones=1 addr=826 Bustleton Pike
  website error: <urlopen error [Errno 8] nodename nor servname provided, or not known>
  fill keys: ['address_line', 'city', 'google_maps_url', 'location_precision', 'phone', 'postal_code', 'state_code', 'website']
  recommendation updated
  publish: {'entity': 'business', 'action': 'create', 'id': 'f5ce3aed-37bb-44f9-97c8-9fad6fa7caf5', 'slug': 'svoi-feasterville-foot-care-center-dr-nelson-howard'}

[12/20] Matossian Eye Associates
  svoi: webs=0 phones=1 addr=2 Capital Way
  no company website
  fill keys: ['address_line', 'city', 'google_maps_url', 'location_precision', 'phone', 'state_code']
  recommendation updated
  publish: {'entity': 'business', 'action': 'create', 'id': '1b2d3923-da03-4649-b025-9b3cf9b6f3f7', 'slug': 'svoi-matossian-eye-associates'}

[13/20] Dr. Batushansky, Milla
  svoi: webs=0 phones=1 addr=2nd Street Pike 1075
  no company website
  fill keys: ['address_line', 'city', 'google_maps_url', 'location_precision', 'phone', 'state_code']
  recommendation updated
  publish: {'entity': 'business', 'action': 'create', 'id': '9a2877e1-8645-42d0-8ac3-a24994aabafe', 'slug': 'svoi-dr-batushansky-milla'}

[14/20] Deputy Eyewear
  svoi: webs=1 phones=1 addr=13020 Bustleton Avenue
  website error: <urlopen error [Errno 8] nodename nor servname provided, or not known>
  fill keys: ['address_line', 'city', 'google_maps_url', 'location_precision', 'phone', 'postal_code', 'state_code', 'website']
  recommendation updated
  publish: {'entity': 'business', 'action': 'create', 'id': '6bd6ac85-83e6-4d7e-bc7b-68a83eea891b', 'slug': 'svoi-deputy-eyewear'}

[15/20] Best Impression
  svoi: webs=1 phones=1 addr=1050 Dekalb Pike
  website keys: ['address_line', 'city', 'instagram_url', 'phones', 'postal_code', 'state_code']
  fill keys: ['address_line', 'city', 'google_maps_url', 'instagram_url', 'location_precision', 'phone', 'postal_code', 'state_code', 'website']
  recommendation updated
  publish: {'entity': 'business', 'action': 'create', 'id': '27e00f4b-8cac-476b-9c1f-e32e8691890e', 'slug': 'svoi-best-impression'}

[16/20] Dr. Antonov, Oleg
  svoi: webs=0 phones=1 addr=11400 Bustleton Avenue
  no company website
  fill keys: ['address_line', 'city', 'google_maps_url', 'location_precision', 'phone', 'postal_code', 'state_code']
  recommendation updated
  publish: {'entity': 'business', 'action': 'create', 'id': '5623ebcf-00b5-4ad6-a512-852cde5dea9d', 'slug': 'svoi-dr-antonov-oleg'}

[17/20] Center for Plastic and Reconstructive Surgery
  svoi: webs=0 phones=1 addr=19 Montgomery Avenue
  no company website
  fill keys: ['address_line', 'city', 'google_maps_url', 'location_precision', 'phone', 'postal_code', 'state_code']
  recommendation updated
  publish: {'entity': 'business', 'action': 'create', 'id': '39ebde33-6a56-4ec0-88b7-e866b31a2ad4', 'slug': 'svoi-center-for-plastic-and-reconstructive-surgery'}

[18/20] Dr. Pantelyat Susanna MD
  svoi: webs=0 phones=1 addr=2112 Welsh Road
  no company website
  fill keys: ['address_line', 'city', 'google_maps_url', 'location_precision', 'phone', 'postal_code', 'state_code']
  recommendation updated
  publish: {'entity': 'professional', 'action': 'create', 'id': '90f885e6-ac6a-450c-9548-6149fe18a574', 'slug': 'svoi-dr-pantelyat-susanna-md'}

[19/20] Dr. Levin Moisey
  svoi: webs=0 phones=1 addr=Bustleton Avenue
  no company website
  fill keys: ['address_line', 'city', 'google_maps_url', 'location_precision', 'phone', 'state_code']
  recommendation updated
  publish: {'entity': 'professional', 'action': 'create', 'id': 'dbfafa01-785d-4547-a768-156456b29555', 'slug': 'svoi-dr-levin-moisey'}

[20/20] Dr. Bob Rush Chiropractic Relief & Wellness
  svoi: webs=0 phones=1 addr=13044 Bustleton Avenue
  no company website
  fill keys: ['address_line', 'city', 'google_maps_url', 'location_precision', 'phone', 'postal_code', 'state_code']
  recommendation updated
  publish: {'entity': 'professional', 'action': 'create', 'id': '384781b4-0cb2-45c6-b170-2b0025fd0369', 'slug': 'svoi-dr-bob-rush-chiropractic-relief-wellness'}

Done. enriched=20 with_address=20 published=20 report=/Users/sammov/Russian business AI/scripts/business-enrich/data/svoi_enrich/batch_20260727T025049Z.json
Last targets=20 exit=0

===== ROUND 48 2026-07-27T02:50:52Z =====
targets=20 dry_run=False publish=True places=True publish_enriched=False

[1/20] Dr. Selkova Olga
  svoi: webs=0 phones=1 addr=11880 Bustleton Avenue
  no company website
  places: error
  places quota exhausted — continuing without Places
  fill keys: ['address_line', 'city', 'google_maps_url', 'location_precision', 'phone']
  recommendation updated
  publish: {'entity': 'business', 'action': 'create', 'id': '0f91cd32-7d5d-489f-90fc-a2bcfd7e679d', 'slug': 'svoi-dr-selkova-olga'}

[2/20] Hirudotherapy
  svoi: webs=1 phones=1 addr=11400 Bustleton Avenue
  website keys: ['description', 'emails', 'opening_hours', 'phones']
  fill keys: ['address_line', 'city', 'email', 'google_maps_url', 'location_precision', 'opening_hours', 'phone', 'state_code', 'website']
  recommendation updated
  publish: {'entity': 'business', 'action': 'create', 'id': '8f0f9250-4413-405a-aa6b-1868e50b1333', 'slug': 'svoi-hirudotherapy'}

[3/20] Dr. Kane,Michael
  svoi: webs=0 phones=1 addr=1520 West Street Road
  no company website
  fill keys: ['address_line', 'city', 'google_maps_url', 'location_precision', 'phone', 'postal_code', 'state_code']
  recommendation updated
  publish: {'entity': 'business', 'action': 'create', 'id': '2adf2a1e-ca38-4635-8194-e69b5421bc0b', 'slug': 'svoi-dr-kane-michael'}

[4/20] Infinity of Care
  svoi: webs=1 phones=1 addr=2 Park Lane
  website keys: ['opening_hours']
  fill keys: ['address_line', 'city', 'google_maps_url', 'location_precision', 'opening_hours', 'phone', 'postal_code', 'state_code', 'website']
  recommendation updated
  publish: {'entity': 'business', 'action': 'create', 'id': 'ccde7dd0-9627-46c1-8798-8a42a2a7642b', 'slug': 'svoi-infinity-of-care'}

[5/20] Dr. Adamov Victor
  svoi: webs=0 phones=1 addr=2 Park Lane
  no company website
  fill keys: ['address_line', 'city', 'google_maps_url', 'location_precision', 'phone']
  recommendation updated
  publish: {'entity': 'professional', 'action': 'create', 'id': '650dd753-447b-413f-93fc-e8180cd60356', 'slug': 'svoi-dr-adamov-victor'}

[6/20] AllTown Pharmacy Feasterville
  svoi: webs=1 phones=1 addr=1137 Bustleton Pike
  website error: HTTP Error 404: Not Found
  fill keys: ['address_line', 'city', 'google_maps_url', 'location_precision', 'phone', 'postal_code', 'state_code', 'website']
  recommendation updated
  publish: {'entity': 'business', 'action': 'create', 'id': 'c2641a5e-77a5-459b-8c75-42a8802d1310', 'slug': 'svoi-alltown-pharmacy-feasterville'}

[7/20] Firstx Pharmacy
  svoi: webs=1 phones=1 addr=12043 Bustleton Avenue
  website keys: []
  fill keys: ['address_line', 'city', 'google_maps_url', 'location_precision', 'phone', 'postal_code', 'state_code', 'website']
  recommendation updated
  publish: {'entity': 'business', 'action': 'create', 'id': '5f468c5a-ebcc-4056-9935-2bed5181cedf', 'slug': 'svoi-firstx-pharmacy'}

[8/20] CVS
  svoi: webs=0 phones=1 addr=10901 Bustleton Avenue
  no company website
  fill keys: ['address_line', 'city', 'google_maps_url', 'location_precision', 'phone', 'state_code']
  recommendation updated
  publish: {'entity': 'business', 'action': 'create', 'id': 'e9e70965-7667-4c22-ab79-40cf6b96162b', 'slug': 'svoi-cvs'}

[9/20] FSI Mechanical Lifts
  svoi: webs=0 phones=2 addr=60 Princenton Road
  no company website
  fill keys: ['address_line', 'city', 'google_maps_url', 'location_precision', 'phone', 'postal_code', 'state_code']
  recommendation updated
  publish: {'entity': 'business', 'action': 'create', 'id': '70657ee5-e7a9-49de-ab1d-23c136feca7a', 'slug': 'svoi-fsi-mechanical-lifts'}

[10/20] Best Medical Supply-PA
  svoi: webs=0 phones=1 addr=13023 Bustleton Avenue
  no company website
  fill keys: ['address_line', 'city', 'google_maps_url', 'location_precision', 'phone', 'state_code']
  recommendation updated
  publish: {'entity': 'business', 'action': 'create', 'id': 'd6aef84c-d567-43a9-8b0f-645ce825b7f1', 'slug': 'svoi-best-medical-supply-pa'}

[11/20] Alpha-Beta Medical Equipment
  svoi: webs=0 phones=1 addr=10890 Bustleton Avenue
  no company website
  fill keys: ['address_line', 'city', 'google_maps_url', 'location_precision', 'phone', 'postal_code', 'state_code']
  recommendation updated
  publish: {'entity': 'business', 'action': 'create', 'id': '5fa4f329-d80e-4647-8f13-d24308969995', 'slug': 'svoi-alpha-beta-medical-equipment'}

[12/20] Dog School – Lyonya
  svoi: webs=0 phones=1 addr=13083 Cardella Place
  no company website
  fill keys: ['address_line', 'city', 'google_maps_url', 'location_precision', 'phone', 'postal_code', 'state_code']
  recommendation updated
  publish: {'entity': 'business', 'action': 'create', 'id': '39c2f028-cac8-4a25-86dd-758b26372426', 'slug': 'svoi-dog-school-lyonya'}

[13/20] World of Animals
  svoi: webs=0 phones=1 addr=2621 Philmont Avenue
  no company website
  fill keys: ['address_line', 'city', 'google_maps_url', 'location_precision', 'phone', 'postal_code', 'state_code']
  recommendation updated
  publish: {'entity': 'business', 'action': 'create', 'id': 'e87d57e8-0ca4-4e8b-8720-c1169ad17314', 'slug': 'svoi-world-of-animals'}

[14/20] a plus tex experts
  svoi: webs=0 phones=1 addr=1300 Industrial Boulevard
  no company website
  fill keys: ['address_line', 'city', 'google_maps_url', 'location_precision', 'phone', 'state_code']
  recommendation updated
  publish: {'entity': 'business', 'action': 'create', 'id': 'dcb18e69-6ba8-4353-a0e1-8bd639a59215', 'slug': 'svoi-a-plus-tex-experts'}

[15/20] acap construction group
  svoi: webs=0 phones=1 addr=1300 Industrial Boulevard
  no company website
  fill keys: ['address_line', 'city', 'google_maps_url', 'location_precision', 'phone', 'state_code']
  recommendation updated
  publish: {'entity': 'business', 'action': 'merge', 'id': 'dcb18e69-6ba8-4353-a0e1-8bd639a59215'}

[16/20] Grace Import Motors
  svoi: webs=0 phones=1 addr=654 West Bridge Street
  no company website
  fill keys: ['address_line', 'city', 'google_maps_url', 'location_precision', 'phone', 'postal_code', 'state_code']
  recommendation updated
  publish: {'entity': 'business', 'action': 'create', 'id': 'b9e6afdc-ac9f-40a7-b70c-f48409cb4d84', 'slug': 'svoi-grace-import-motors'}

[17/20] Q.E. AUTO BODY, INC
  svoi: webs=0 phones=1 addr=945 Lincoln Highway
  no company website
  fill keys: ['address_line', 'city', 'google_maps_url', 'location_precision', 'phone', 'state_code']
  recommendation updated
  publish: {'entity': 'business', 'action': 'create', 'id': 'ae80fbba-bf7c-42c9-b3d2-dc6174ac1620', 'slug': 'svoi-q-e-auto-body-inc'}

[18/20] Williams Custom Tops & Interiors
  svoi: webs=1 phones=2 addr=910 Woodbourne Road
  website keys: []
  fill keys: ['address_line', 'city', 'google_maps_url', 'location_precision', 'phone', 'postal_code', 'state_code', 'website']
  recommendation updated
  publish: {'entity': 'business', 'action': 'create', 'id': '6d4e0d6f-e097-4c81-bc21-93d27e4df8f6', 'slug': 'svoi-williams-custom-tops-interiors'}

[19/20] занятия по вождению траков CDL class A
  svoi: webs=0 phones=1 addr=11601 Caroline Rd
  no company website
  fill keys: ['address_line', 'city', 'google_maps_url', 'location_precision', 'phone', 'postal_code', 'state_code']
  recommendation updated
  publish: {'entity': 'business', 'action': 'create', 'id': 'c12fb952-f8c4-4678-bbee-c9c15638f32d', 'slug': 'svoi-cdl-class-a'}

[20/20] Vilchik Driving School
  svoi: webs=0 phones=1 addr=9130 Mather Street
  no company website
  fill keys: ['address_line', 'city', 'google_maps_url', 'location_precision', 'phone', 'postal_code', 'state_code']
  recommendation updated
  publish: {'entity': 'business', 'action': 'create', 'id': 'feb90c1c-04bb-4f4c-a3fd-3fb8bbc7ad2e', 'slug': 'svoi-vilchik-driving-school'}

Done. enriched=20 with_address=20 published=20 report=/Users/sammov/Russian business AI/scripts/business-enrich/data/svoi_enrich/batch_20260727T025155Z.json
Last targets=20 exit=0

===== ROUND 49 2026-07-27T02:51:58Z =====
targets=20 dry_run=False publish=True places=True publish_enriched=False

[1/20] Felix Driving School
  svoi: webs=0 phones=1 addr=Philadelphia
  weak address skipped: Philadelphia
  no company website
  places: error
  places quota exhausted — continuing without Places
  fill keys: ['city', 'google_maps_url', 'phone']
  recommendation updated
  skip publish (entity=business, street=False)

[2/20] National Limousine Service PA,
  svoi: webs=0 phones=1 addr=53 Fern Road
  no company website
  fill keys: ['address_line', 'city', 'google_maps_url', 'location_precision', 'phone', 'postal_code', 'state_code']
  recommendation updated
  publish: {'entity': 'business', 'action': 'create', 'id': 'eaeb0f86-7cf2-4048-8386-5ec0970a5022', 'slug': 'svoi-national-limousine-service-pa'}

[3/20] Сергей - услуги водителя
  svoi: webs=0 phones=1 addr=Philadelphia
  weak address skipped: Philadelphia
  no company website
  fill keys: ['city', 'google_maps_url', 'phone']
  recommendation updated
  skip publish (entity=business, street=False)

[4/20] Right Steps
  svoi: webs=1 phones=1 addr=29 Tanyard Road
  website keys: ['address_line', 'city', 'description', 'facebook_url', 'instagram_url', 'phones', 'postal_code', 'state_code']
  fill keys: ['address_line', 'city', 'google_maps_url', 'instagram_url', 'location_precision', 'phone', 'postal_code', 'state_code', 'website']
  recommendation updated
  publish: {'entity': 'business', 'action': 'create', 'id': 'd3e5d2a7-f7ad-4f9f-acd3-1bbda8d7d3bf', 'slug': 'svoi-right-steps'}

[5/20] Five Golden Stars Day Care
  svoi: webs=0 phones=6 addr=239 Highland Avenue
  no company website
  fill keys: ['address_line', 'city', 'google_maps_url', 'location_precision', 'phone', 'postal_code', 'state_code']
  recommendation updated
  publish: {'entity': 'business', 'action': 'create', 'id': '523755ed-b47e-4b18-bf50-b3139616a54b', 'slug': 'svoi-five-golden-stars-day-care'}

[6/20] Rising Stars Day Care Center
  svoi: webs=0 phones=2 addr=1411 Highland Avenue
  no company website
  fill keys: ['address_line', 'city', 'google_maps_url', 'location_precision', 'phone', 'postal_code', 'state_code']
  recommendation updated
  publish: {'entity': 'business', 'action': 'create', 'id': '21a3db7e-9813-4faa-a5ac-f2ee7711110a', 'slug': 'svoi-rising-stars-day-care-center'}

[7/20] Музыкальная Школа Имени Моцарта/Mozart Music School
  svoi: webs=0 phones=1 addr=25 North State Street
  no company website
  fill keys: ['address_line', 'city', 'google_maps_url', 'location_precision', 'phone', 'state_code']
  recommendation updated
  publish: {'entity': 'business', 'action': 'create', 'id': 'd262a239-6047-426f-815c-1e2ceb679f14', 'slug': 'svoi-mozart-music-school'}

[8/20] Land of Children
  svoi: webs=1 phones=1 addr=1331 O'Reilly Drive
  website keys: ['description', 'emails', 'facebook_url']
  fill keys: ['address_line', 'city', 'email', 'google_maps_url', 'location_precision', 'phone', 'postal_code', 'state_code', 'website']
  recommendation updated
  publish: {'entity': 'business', 'action': 'create', 'id': '22614429-62de-48dc-bf56-387f9473c4c6', 'slug': 'svoi-land-of-children'}

[9/20] First Children's Academy
  svoi: webs=0 phones=1 addr=520 Street Road
  no company website
  fill keys: ['address_line', 'city', 'google_maps_url', 'location_precision', 'phone', 'state_code']
  recommendation updated
  publish: {'entity': 'business', 'action': 'create', 'id': '6b184037-af46-43a8-8cc7-d5e6cfd591bf', 'slug': 'svoi-first-children-s-academy'}

[10/20] Keller Williams - Jujuna Rogers
  svoi: webs=0 phones=2 addr=584 Middletown Boulevard
  no company website
  fill keys: ['address_line', 'city', 'google_maps_url', 'location_precision', 'phone']
  recommendation updated
  publish: {'entity': 'business', 'action': 'create', 'id': '3b3e141e-629b-4c3c-90f1-1f7a2522b040', 'slug': 'svoi-keller-williams-jujuna-rogers'}

[11/20] Fairfield Apartment Complex, LP
  svoi: webs=0 phones=2 addr=61 Silo Hill Drive
  no company website
  fill keys: ['address_line', 'city', 'google_maps_url', 'location_precision', 'phone', 'postal_code', 'state_code']
  recommendation updated
  publish: {'entity': 'business', 'action': 'create', 'id': '111be5b6-2530-4044-ae4c-cec4f7830dd8', 'slug': 'svoi-fairfield-apartment-complex-lp'}

[12/20] Brownstone Realty
  svoi: webs=0 phones=2 addr=130 Almshouse Road
  no company website
  fill keys: ['address_line', 'city', 'google_maps_url', 'location_precision', 'phone', 'state_code']
  recommendation updated
  publish: {'entity': 'business', 'action': 'create', 'id': '417b8e52-ab9f-4449-b6bc-879c15a62d4a', 'slug': 'svoi-brownstone-realty'}

[13/20] Mr. Electric
  svoi: webs=0 phones=1 addr=Warminster
  weak address skipped: Warminster
  no company website
  fill keys: ['city', 'google_maps_url', 'phone']
  recommendation updated
  skip publish (entity=business, street=False)

[14/20] Comfort Air Control
  svoi: webs=1 phones=1 addr=111 Steele Way
  website error: <urlopen error [Errno 8] nodename nor servname provided, or not known>
  fill keys: ['address_line', 'city', 'google_maps_url', 'location_precision', 'phone', 'state_code', 'website']
  recommendation updated
  publish: {'entity': 'business', 'action': 'create', 'id': '5c1d5a56-db0b-4e4c-9827-983fde544036', 'slug': 'svoi-comfort-air-control'}

[15/20] Plumbing & Heating Co. – Mashkovich, Leon
  svoi: webs=0 phones=1 addr=181 Pheasant Lane
  no company website
  fill keys: ['address_line', 'city', 'google_maps_url', 'location_precision', 'phone', 'state_code']
  recommendation updated
  publish: {'entity': 'business', 'action': 'create', 'id': '2b044cd8-b8f7-4a4d-ac57-f7e68a467c56', 'slug': 'svoi-plumbing-heating-co-mashkovich-leon'}

[16/20] Stellar HVAC
  svoi: webs=0 phones=1 addr=33 Tomlinson Road
  no company website
  fill keys: ['address_line', 'city', 'google_maps_url', 'location_precision', 'phone', 'state_code']
  recommendation updated
  publish: {'entity': 'business', 'action': 'create', 'id': 'c4741ba2-00b6-48c0-870b-60075270af4c', 'slug': 'svoi-stellar-hvac'}

[17/20] George's Barber Shop
  svoi: webs=0 phones=1 addr=1922 County Line Road
  no company website
  fill keys: ['address_line', 'city', 'google_maps_url', 'location_precision', 'phone', 'state_code']
  recommendation updated
  publish: {'entity': 'business', 'action': 'create', 'id': 'f7ccb4a5-ed72-4365-b31c-052828402e18', 'slug': 'svoi-george-s-barber-shop'}

[18/20] Millennium Salon Spa
  svoi: webs=0 phones=1 addr=295 Buck Road
  no company website
  fill keys: ['address_line', 'city', 'google_maps_url', 'location_precision', 'phone', 'postal_code', 'state_code']
  recommendation updated
  publish: {'entity': 'business', 'action': 'create', 'id': 'a68036f9-8a34-41ad-8513-378e045db908', 'slug': 'svoi-millennium-salon-spa'}

[19/20] Beauty Salon Belissimo
  svoi: webs=0 phones=1 addr=1139 Bustleton Pike
  no company website
  fill keys: ['address_line', 'city', 'google_maps_url', 'location_precision', 'phone', 'state_code']
  recommendation updated
  publish: {'entity': 'business', 'action': 'create', 'id': '8306c789-91cc-4906-a86c-9c9d54e6d750', 'slug': 'svoi-beauty-salon-belissimo'}

[20/20] reYOU Massage
  svoi: webs=1 phones=1 addr=13037 Bustleton Avenue
  website keys: []
  fill keys: ['address_line', 'city', 'google_maps_url', 'location_precision', 'phone', 'postal_code', 'state_code', 'website']
  recommendation updated
  publish: {'entity': 'professional', 'action': 'create', 'id': 'c45bd600-224d-4662-bd3a-15e1195ac4e7', 'slug': 'svoi-reyou-massage'}

Done. enriched=20 with_address=17 published=17 report=/Users/sammov/Russian business AI/scripts/business-enrich/data/svoi_enrich/batch_20260727T025254Z.json
Last targets=20 exit=0

===== ROUND 50 2026-07-27T02:52:57Z =====
targets=20 dry_run=False publish=True places=True publish_enriched=False

[1/20] Massage Services - Pukhovich, Iosif
  svoi: webs=0 phones=1 addr=12000 Bustleton Avenue
  no company website
  places: error
  places quota exhausted — continuing without Places
  fill keys: ['address_line', 'city', 'google_maps_url', 'location_precision', 'phone', 'postal_code', 'state_code']
  recommendation updated
  publish: {'entity': 'business', 'action': 'create', 'id': 'dbc51e5a-6b2e-495d-a3cd-c19cf6f67423', 'slug': 'svoi-massage-services-pukhovich-iosif'}

[2/20] Galowitz Insurance Agency
  svoi: webs=0 phones=1 addr=405 Floral Vale Boulevard
  no company website
  fill keys: ['address_line', 'city', 'google_maps_url', 'location_precision', 'phone', 'postal_code', 'state_code']
  recommendation updated
  publish: {'entity': 'business', 'action': 'create', 'id': 'b2997455-825b-4bd1-ae84-fecc7576fdb0', 'slug': 'svoi-galowitz-insurance-agency'}

[3/20] Priority Insurance
  svoi: webs=0 phones=1 addr=3802 Waltham Court
  no company website
  fill keys: ['address_line', 'city', 'google_maps_url', 'location_precision', 'phone', 'state_code']
  recommendation updated
  publish: {'entity': 'business', 'action': 'create', 'id': '05b41902-4075-4a47-b7c6-5c4be340aba9', 'slug': 'svoi-priority-insurance'}

[4/20] Jefferson-Pilot в Западный Честер
  svoi: webs=0 phones=1 addr=200 Willowbrook Lane
  no company website
  fill keys: ['address_line', 'city', 'google_maps_url', 'location_precision', 'phone', 'state_code']
  recommendation updated
  publish: {'entity': 'business', 'action': 'create', 'id': 'c28f1f0f-dcc7-46b0-8322-06940b09423a', 'slug': 'svoi-jefferson-pilot'}

[5/20] Jen Travel
  svoi: webs=0 phones=2 addr=11880 Bustleton Avenue
  no company website
  fill keys: ['address_line', 'city', 'google_maps_url', 'location_precision', 'phone', 'state_code']
  recommendation updated
  publish: {'entity': 'business', 'action': 'create', 'id': '05671741-602d-4d71-9652-a3e5cf920fe1', 'slug': 'svoi-jen-travel'}

[6/20] Real Travel Agency
  svoi: webs=0 phones=1 addr=10226 Rubin Lane
  no company website
  fill keys: ['address_line', 'city', 'google_maps_url', 'location_precision', 'phone', 'state_code']
  recommendation updated
  publish: {'entity': 'business', 'action': 'create', 'id': '3d616da1-f359-4aef-b336-3620eaa9542e', 'slug': 'svoi-real-travel-agency'}

[7/20] Active Travel
  svoi: webs=0 phones=1 addr=738 Red Lion Road
  no company website
  fill keys: ['address_line', 'city', 'google_maps_url', 'location_precision', 'phone', 'state_code']
  recommendation updated
  publish: {'entity': 'business', 'action': 'create', 'id': 'fb167dc1-7421-428b-9aa3-6dcd12492357', 'slug': 'svoi-active-travel'}

[8/20] A Filinov Translation
  svoi: webs=1 phones=1 addr=55 South Valley Road
  website error: <urlopen error [Errno 8] nodename nor servname provided, or not known>
  fill keys: ['address_line', 'city', 'google_maps_url', 'location_precision', 'phone', 'state_code', 'website']
  recommendation updated
  publish: {'entity': 'business', 'action': 'create', 'id': '187c4280-d9b7-4565-b240-d6b761b0d74b', 'slug': 'svoi-a-filinov-translation'}

[9/20] RUSSIAN NOTARIAL OFFICE
  svoi: webs=0 phones=1 addr=10890 Bustleton Avenue
  no company website
  fill keys: ['address_line', 'city', 'google_maps_url', 'location_precision', 'phone', 'state_code']
  recommendation updated
  publish: {'entity': 'business', 'action': 'create', 'id': '7581dd8a-5341-4c94-a95d-c150cc1a387a', 'slug': 'svoi-russian-notarial-office'}

[10/20] Hi-Tech Accounting
  svoi: webs=0 phones=1 addr=8510 Bustleton Avenue
  no company website
  fill keys: ['address_line', 'city', 'google_maps_url', 'location_precision', 'phone', 'state_code']
  recommendation updated
  publish: {'entity': 'business', 'action': 'create', 'id': 'c2085fa6-b72d-44d5-a761-a7445807f524', 'slug': 'svoi-hi-tech-accounting'}

[11/20] Position Wanted ТРАК И ВЭН
  svoi: webs=0 phones=1 addr=Philadelphia
  weak address skipped: Philadelphia
  no company website
  fill keys: ['city', 'google_maps_url', 'phone']
  recommendation updated
  skip publish (entity=business, street=False)

[12/20] One Of A Kind Visual Concepts
  svoi: webs=0 phones=1 addr=512 Laura Lane
  no company website
  fill keys: ['address_line', 'city', 'google_maps_url', 'location_precision', 'phone', 'state_code']
  recommendation updated
  publish: {'entity': 'business', 'action': 'create', 'id': 'fb2f19ed-5c48-4149-be12-eca745abb0e2', 'slug': 'svoi-one-of-a-kind-visual-concepts'}

[13/20] All State Signs PA
  svoi: webs=0 phones=1 addr=1251 Byberry Road
  no company website
  fill keys: ['address_line', 'city', 'google_maps_url', 'location_precision', 'phone', 'postal_code', 'state_code']
  recommendation updated
  publish: {'entity': 'business', 'action': 'create', 'id': '44d68c75-f380-45d4-b65a-60f9c0c4b2eb', 'slug': 'svoi-all-state-signs-pa'}

[14/20] Bravo Sign Corporation
  svoi: webs=0 phones=1 addr=33 Tomlinson Road
  no company website
  fill keys: ['address_line', 'city', 'google_maps_url', 'location_precision', 'phone', 'postal_code', 'state_code']
  recommendation updated
  publish: {'entity': 'business', 'action': 'create', 'id': '9e864409-165f-4016-876d-3d30c99dc6e3', 'slug': 'svoi-bravo-sign-corporation'}

[15/20] Irena's Tailoring and Alterations
  svoi: webs=0 phones=1 addr=2805 Concord Pike
  no company website
  fill keys: ['address_line', 'city', 'google_maps_url', 'location_precision', 'phone', 'state_code']
  recommendation updated
  publish: {'entity': 'business', 'action': 'create', 'id': '345da36f-4685-435c-b8c5-bc3a678440f0', 'slug': 'svoi-irena-s-tailoring-and-alterations'}

[16/20] Payless Cleaners
  svoi: webs=0 phones=1 addr=15200 Bustleton Avenue
  no company website
  fill keys: ['address_line', 'city', 'google_maps_url', 'location_precision', 'phone', 'postal_code', 'state_code']
  recommendation updated
  publish: {'entity': 'business', 'action': 'create', 'id': 'ea7ed754-b510-43ce-81e5-87f288f5d6ad', 'slug': 'svoi-payless-cleaners'}

[17/20] Boyka's Alterations &; Creation в North Marlton
  svoi: webs=0 phones=1 addr=35 East Main Street
  no company website
  fill keys: ['address_line', 'city', 'google_maps_url', 'location_precision', 'phone', 'state_code']
  recommendation updated
  publish: {'entity': 'business', 'action': 'create', 'id': 'd087f9a2-f033-42e2-a68c-d5b558fff543', 'slug': 'svoi-boyka-s-alterations-creation-north-marlton'}

[18/20] Galichina Ukrainian Post
  svoi: webs=1 phones=1 addr=11880 Bustleton Avenue
  website error: <urlopen error [Errno 8] nodename nor servname provided, or not known>
  fill keys: ['address_line', 'city', 'google_maps_url', 'location_precision', 'phone', 'state_code', 'website']
  recommendation updated
  publish: {'entity': 'business', 'action': 'create', 'id': '84530299-1e71-47a6-8a58-2574a5b81775', 'slug': 'svoi-galichina-ukrainian-post'}

[19/20] Ukraine Express Philadelphia
  svoi: webs=0 phones=2 addr=8400 Bustleton Avenue
  no company website
  fill keys: ['address_line', 'city', 'google_maps_url', 'location_precision', 'phone', 'postal_code', 'state_code']
  recommendation updated
  publish: {'entity': 'business', 'action': 'create', 'id': '0ec3d713-ced0-425a-9995-04f18878d384', 'slug': 'svoi-ukraine-express-philadelphia'}

[20/20] Dnipro Co
  svoi: webs=0 phones=1 addr=1801 Cottman Avenue
  no company website
  fill keys: ['address_line', 'city', 'google_maps_url', 'location_precision', 'phone', 'state_code']
  recommendation updated
  publish: {'entity': 'business', 'action': 'create', 'id': '050f9b99-bbcb-45cb-973c-b37bb42e16b8', 'slug': 'svoi-dnipro-co'}

Done. enriched=20 with_address=19 published=19 report=/Users/sammov/Russian business AI/scripts/business-enrich/data/svoi_enrich/batch_20260727T025355Z.json
Last targets=20 exit=0

===== ROUND 51 2026-07-27T02:53:58Z =====
targets=20 dry_run=False publish=True places=True publish_enriched=False

[1/20] Vlads Photography
  svoi: webs=0 phones=1 addr=Medford
  weak address skipped: Medford
  no company website
  places: error
  places quota exhausted — continuing without Places
  fill keys: ['city', 'google_maps_url', 'phone']
  recommendation updated
  skip publish (entity=business, street=False)

[2/20] AK Productions
  svoi: webs=0 phones=1 addr=692 Street Road
  no company website
  fill keys: ['address_line', 'city', 'google_maps_url', 'location_precision', 'phone', 'postal_code', 'state_code']
  recommendation updated
  publish: {'entity': 'business', 'action': 'create', 'id': '007e68cc-06ed-4ef9-baf3-047c26d3fea8', 'slug': 'svoi-ak-productions'}

[3/20] Creative Photography by Maya
  svoi: webs=0 phones=1 addr=1051 County Line Road
  no company website
  fill keys: ['address_line', 'city', 'google_maps_url', 'location_precision', 'phone']
  recommendation updated
  publish: {'entity': 'business', 'action': 'create', 'id': '57f8c8c5-84c4-49a3-a979-069c1367cebb', 'slug': 'svoi-creative-photography-by-maya'}

[4/20] Guber Eileen
  svoi: webs=0 phones=1 addr=428 Sweetbriar Drive
  no company website
  fill keys: ['address_line', 'city', 'google_maps_url', 'location_precision', 'phone', 'state_code']
  recommendation updated
  publish: {'entity': 'business', 'action': 'create', 'id': 'b5e4808b-2d54-4fec-b423-52e31ebbcd21', 'slug': 'svoi-guber-eileen'}

[5/20] IVS Financial & Accounting Services
  svoi: webs=0 phones=1 addr=1111 Street Road
  no company website
  fill keys: ['address_line', 'city', 'google_maps_url', 'location_precision', 'phone']
  recommendation updated
  publish: {'entity': 'business', 'action': 'create', 'id': '3fa7155f-dabc-40b3-b218-3dba2f7726bb', 'slug': 'svoi-ivs-financial-accounting-services'}

[6/20] Granovsky Alla
  svoi: webs=0 phones=1 addr=275 East Street Road
  no company website
  fill keys: ['address_line', 'city', 'google_maps_url', 'location_precision', 'phone']
  recommendation updated
  publish: {'entity': 'professional', 'action': 'create', 'id': 'b173c02c-df10-410a-83d0-40ed78188ed6', 'slug': 'svoi-granovsky-alla'}

[7/20] First Union Securities Financial Network
  svoi: webs=0 phones=1 addr=1665 Bridgetown Pike
  no company website
  fill keys: ['address_line', 'city', 'google_maps_url', 'location_precision', 'phone', 'postal_code', 'state_code']
  recommendation updated
  publish: {'entity': 'business', 'action': 'create', 'id': 'd98f51da-2b27-497b-bf3b-7224384c7020', 'slug': 'svoi-first-union-securities-financial-network'}

[8/20] Primerica - Tidman, Olga
  svoi: webs=0 phones=1 addr=1101 W. Dekalb Pike
  no company website
  fill keys: ['address_line', 'city', 'google_maps_url', 'location_precision', 'phone', 'postal_code', 'state_code']
  recommendation updated
  publish: {'entity': 'business', 'action': 'create', 'id': 'd96bd0f4-0659-435c-aa70-eb1e1534d184', 'slug': 'svoi-primerica-tidman-olga'}

[9/20] AT Mortgage, Inc.
  svoi: webs=0 phones=1 addr=12045 Bustleton Avenue
  no company website
  fill keys: ['address_line', 'city', 'google_maps_url', 'location_precision', 'phone', 'postal_code', 'state_code']
  recommendation updated
  publish: {'entity': 'business', 'action': 'create', 'id': '63b27d57-e77e-4050-aa57-10f99248212d', 'slug': 'svoi-at-mortgage-inc'}

[10/20] Bunn's Natural Foods
  svoi: webs=0 phones=1 addr=1007 Street Road
  no company website
  fill keys: ['address_line', 'city', 'google_maps_url', 'location_precision', 'phone', 'postal_code', 'state_code']
  recommendation updated
  publish: {'entity': 'business', 'action': 'create', 'id': '3d578c9c-a294-40ca-956b-ed90f2278cf7', 'slug': 'svoi-bunn-s-natural-foods'}

[11/20] Fruit Garden
  svoi: webs=0 phones=1 addr=13032 Bustleton Avenue
  no company website
  fill keys: ['address_line', 'city', 'google_maps_url', 'location_precision', 'phone', 'state_code']
  recommendation updated
  publish: {'entity': 'business', 'action': 'create', 'id': 'adb973ab-b87d-4dd7-83d8-47210863208e', 'slug': 'svoi-fruit-garden'}

[12/20] Net Cost Market
  svoi: webs=0 phones=1 addr=11701 Bustleton Avenue
  no company website
  fill keys: ['address_line', 'city', 'google_maps_url', 'location_precision', 'phone', 'state_code']
  recommendation updated
  publish: {'entity': 'business', 'action': 'create', 'id': '9bf13a01-47fa-460f-8888-771292e54f51', 'slug': 'svoi-net-cost-market'}

[13/20] Russian Legacy
  svoi: webs=0 phones=1 addr=26 Trolley Square
  no company website
  fill keys: ['address_line', 'city', 'google_maps_url', 'location_precision', 'phone', 'state_code']
  recommendation updated
  publish: {'entity': 'business', 'action': 'create', 'id': 'db9ef0ea-5245-4b7c-8aea-1fd48afd0f9a', 'slug': 'svoi-russian-legacy'}

[14/20] Always Flowers
  svoi: webs=0 phones=1 addr=110 Buck Rd
  no company website
  fill keys: ['address_line', 'city', 'google_maps_url', 'location_precision', 'phone', 'postal_code', 'state_code']
  recommendation updated
  publish: {'entity': 'business', 'action': 'create', 'id': '113a7182-3edb-4a35-bd5b-1b7edb655bfe', 'slug': 'svoi-always-flowers'}

[15/20] Lowes
  svoi: webs=0 phones=1 addr=Warrington Township
  weak address skipped: Warrington Township
  no company website
  fill keys: ['city', 'google_maps_url', 'phone']
  recommendation updated
  skip publish (entity=business, street=False)

[16/20] Florentino's
  svoi: webs=0 phones=1 addr=18 South State Street
  no company website
  fill keys: ['address_line', 'city', 'google_maps_url', 'location_precision', 'phone', 'postal_code', 'state_code']
  recommendation updated
  publish: {'entity': 'business', 'action': 'create', 'id': '2cb1971c-f175-4864-a7f6-1426757d1a11', 'slug': 'svoi-florentino-s'}

[17/20] Woodstown Diner-Restaurant в Sewell
  svoi: webs=0 phones=1 addr=16 East Ave
  no company website
  fill keys: ['address_line', 'city', 'google_maps_url', 'location_precision', 'phone', 'postal_code', 'state_code']
  recommendation updated
  publish: {'entity': 'business', 'action': 'create', 'id': '64d7380b-9f21-4f78-b82e-88d083c41c61', 'slug': 'svoi-woodstown-diner-restaurant-sewell'}

[18/20] Black Bull
  svoi: webs=0 phones=1 addr=1470 Buck Road
  no company website
  fill keys: ['address_line', 'city', 'google_maps_url', 'location_precision', 'phone', 'postal_code', 'state_code']
  recommendation updated
  publish: {'entity': 'business', 'action': 'create', 'id': 'f882c8b2-97e5-487c-94aa-8a9c2cf633d1', 'slug': 'svoi-black-bull'}

[19/20] Newtown Athletic Club
  svoi: webs=0 phones=1 addr=209 Penns Trail
  no company website
  fill keys: ['address_line', 'city', 'google_maps_url', 'location_precision', 'phone', 'state_code']
  recommendation updated
  publish: {'entity': 'business', 'action': 'create', 'id': 'dea6ba66-8dfb-4406-ab1a-473740f912b2', 'slug': 'svoi-newtown-athletic-club'}

[20/20] LA Fitness
  svoi: webs=0 phones=1 addr=500 Rockhill Drive
  no company website
  fill keys: ['address_line', 'city', 'google_maps_url', 'location_precision', 'phone', 'state_code']
  recommendation updated
  publish: {'entity': 'business', 'action': 'create', 'id': '82f967f1-9b69-48e5-912d-8f3be297498d', 'slug': 'svoi-la-fitness'}

Done. enriched=20 with_address=18 published=18 report=/Users/sammov/Russian business AI/scripts/business-enrich/data/svoi_enrich/batch_20260727T025457Z.json
Last targets=20 exit=0

===== ROUND 52 2026-07-27T02:55:00Z =====
targets=20 dry_run=False publish=True places=True publish_enriched=False

[1/20] Southampton Spa
  svoi: webs=1 phones=1 addr=2nd Street Pike 141
  website keys: ['phones']
  places: error
  places quota exhausted — continuing without Places
  fill keys: ['address_line', 'city', 'google_maps_url', 'location_precision', 'phone', 'postal_code', 'state_code', 'website']
  recommendation updated
  publish: {'entity': 'professional', 'action': 'create', 'id': '3546a2be-3336-4dd5-bfb9-f6018b0497e4', 'slug': 'svoi-southampton-spa'}

[2/20] Posrednik newspaper
  svoi: webs=0 phones=1 addr=1300 Industrial Boulevard
  no company website
  fill keys: ['address_line', 'city', 'google_maps_url', 'location_precision', 'phone', 'postal_code', 'state_code']
  recommendation updated
  publish: {'entity': 'business', 'action': 'create', 'id': '59baa8b4-b945-4271-a99f-9c64767a4432', 'slug': 'svoi-posrednik-newspaper'}

[3/20] Philadelphia News
  svoi: webs=0 phones=1 addr=9998 Global Road
  no company website
  fill keys: ['address_line', 'city', 'google_maps_url', 'location_precision', 'phone', 'state_code']
  recommendation updated
  publish: {'entity': 'business', 'action': 'create', 'id': '667a3e3c-800b-4f99-be48-0dceb06c6278', 'slug': 'svoi-philadelphia-news'}

[4/20] Russian Market - Русский маркет
  svoi: webs=0 phones=5 addr=Philadelphia
  weak address skipped: Philadelphia
  no company website
  fill keys: ['city', 'google_maps_url', 'phone']
  recommendation updated
  skip publish (entity=business, street=False)

[5/20] Western Dental Centers
  svoi: webs=0 phones=1 addr=1468 East Valley Parkway
  no company website
  fill keys: ['address_line', 'city', 'google_maps_url', 'location_precision', 'phone', 'postal_code', 'state_code']
  recommendation updated
  publish: {'entity': 'business', 'action': 'create', 'id': '333edd66-e754-4e22-b6db-5055c427fac2', 'slug': 'svoi-western-dental-centers'}

[6/20] Anna Durkin DDS
  svoi: webs=1 phones=1 addr=1344 East Mission Road
  website error: <urlopen error [Errno 8] nodename nor servname provided, or not known>
  fill keys: ['address_line', 'city', 'google_maps_url', 'location_precision', 'phone', 'postal_code', 'state_code', 'website']
  recommendation updated
  publish: {'entity': 'professional', 'action': 'create', 'id': '6667ffc7-b5fe-4f49-a69a-c83a78d4ac46', 'slug': 'svoi-anna-durkin-dds'}

[7/20] Dr. Natalia Petrova / Наталья Петрова , DMD
  svoi: webs=1 phones=3 addr=997 W San Marcos Blvd
  website keys: []
  fill keys: ['address_line', 'city', 'google_maps_url', 'location_precision', 'phone', 'postal_code', 'state_code', 'website']
  recommendation updated
  publish: {'entity': 'professional', 'action': 'create', 'id': 'fb968ebe-e02e-4e95-b739-ffab8fbf0c79', 'slug': 'svoi-dr-natalia-petrova-dmd'}

[8/20] ANDREI MIKHALYTCHEV
  svoi: webs=0 phones=1 addr=14612 CAMINITO ORENSE ESTE
  no company website
  fill keys: ['address_line', 'city', 'google_maps_url', 'location_precision', 'phone', 'state_code']
  recommendation updated
  publish: {'entity': 'business', 'action': 'create', 'id': 'f839dcd4-b6de-4f9a-a0d4-40120a4d1000', 'slug': 'svoi-andrei-mikhalytchev'}

[9/20] ANDREI ANDREEV
  svoi: webs=0 phones=1 addr=7910 IVANHOE AVE.
  no company website
  fill keys: ['address_line', 'city', 'google_maps_url', 'location_precision', 'phone', 'state_code']
  recommendation updated
  publish: {'entity': 'business', 'action': 'create', 'id': '2853cd91-856b-4478-a632-4ab371e3abd2', 'slug': 'svoi-andrei-andreev'}

[10/20] Susanna Lenkova Moneva
  svoi: webs=0 phones=1 addr=5252 Balboa Ave
  no company website
  fill keys: ['address_line', 'city', 'google_maps_url', 'location_precision', 'phone', 'postal_code', 'state_code']
  recommendation updated
  publish: {'entity': 'business', 'action': 'create', 'id': '205e02b5-ff4b-493b-b7b4-9ecbddf4330b', 'slug': 'svoi-susanna-lenkova-moneva'}

[11/20] Caring Doctor Medical Clinic
  svoi: webs=0 phones=2 addr=1675 Morena Boulevard
  no company website
  fill keys: ['address_line', 'city', 'google_maps_url', 'location_precision', 'phone', 'postal_code', 'state_code']
  recommendation updated
  publish: {'entity': 'business', 'action': 'create', 'id': '03238195-7ca4-4ec4-baf1-e79867249faf', 'slug': 'svoi-caring-doctor-medical-clinic'}

[12/20] iAesthetics
  svoi: webs=1 phones=1 addr=334 Encinitas Blvd Ste A
  website keys: ['description', 'phones']
  fill keys: ['address_line', 'city', 'google_maps_url', 'location_precision', 'phone', 'postal_code', 'state_code', 'website']
  recommendation updated
  publish: {'entity': 'business', 'action': 'create', 'id': 'a8bd166e-9110-4bad-8ec9-ea3884ec5a85', 'slug': 'svoi-iaesthetics'}

[13/20] ShapeWork
  svoi: webs=0 phones=1 addr=Van Nuys Street
  no company website
  fill keys: ['address_line', 'city', 'google_maps_url', 'location_precision', 'phone', 'state_code']
  recommendation updated
  publish: {'entity': 'business', 'action': 'create', 'id': '592db54b-9879-4827-9283-8102a66bbd9b', 'slug': 'svoi-shapework'}

[14/20] Electrolysis and Skin Care by Kate Brodsky
  svoi: webs=0 phones=1 addr=2180 Garnet Avenue
  no company website
  fill keys: ['address_line', 'city', 'google_maps_url', 'location_precision', 'phone', 'postal_code', 'state_code']
  recommendation updated
  publish: {'entity': 'business', 'action': 'create', 'id': '5d2ceae2-d7ef-4295-a158-a2184d93fed8', 'slug': 'svoi-electrolysis-and-skin-care-by-kate-brodsky'}

[15/20] Pure Zen Wellness
  svoi: webs=1 phones=2 addr=317 North El Camino Real
  website keys: ['address_line', 'city', 'description', 'emails', 'phones', 'postal_code', 'state_code', 'yelp_url']
  fill keys: ['address_line', 'city', 'email', 'google_maps_url', 'location_precision', 'phone', 'postal_code', 'state_code', 'website', 'yelp_url']
  recommendation updated
  publish: {'entity': 'professional', 'action': 'create', 'id': '4ad0aede-95d5-4081-9ead-fa264e5242cc', 'slug': 'svoi-pure-zen-wellness'}

[16/20] Alexander Shikhman MD at Scripps Green Hospital
  svoi: webs=0 phones=1 addr=12865 Pointe Del Mar Way
  no company website
  fill keys: ['address_line', 'city', 'google_maps_url', 'location_precision', 'phone', 'state_code']
  recommendation updated
  publish: {'entity': 'professional', 'action': 'create', 'id': 'f0b620a5-72c3-4d19-82cb-47f564f2f2f7', 'slug': 'svoi-alexander-shikhman-md-at-scripps-green-hospital'}

[17/20] Scripps Clinic: Shikhman Alexander R MD
  svoi: webs=1 phones=1 addr=10666 North Torrey Pines Road
  website keys: ['description', 'facebook_url', 'instagram_url', 'opening_hours', 'phones']
  fill keys: ['address_line', 'city', 'google_maps_url', 'instagram_url', 'location_precision', 'opening_hours', 'phone', 'postal_code', 'state_code', 'website']
  recommendation updated
  publish: {'entity': 'business', 'action': 'create', 'id': 'd2c86cf4-efd7-44f2-ab4b-14564a9e864b', 'slug': 'svoi-scripps-clinic-shikhman-alexander-r-md'}

[18/20] Clairemont Villa - Adult Day Health Care Center
  svoi: webs=0 phones=2 addr=5150 Murphy Canyon Road
  no company website
  fill keys: ['address_line', 'city', 'google_maps_url', 'location_precision', 'phone', 'postal_code', 'state_code']
  recommendation updated
  publish: {'entity': 'business', 'action': 'create', 'id': '0983bffe-462c-4451-907a-ca0f387e2ffc', 'slug': 'svoi-clairemont-villa-adult-day-health-care-center'}

[19/20] Youngevity
  svoi: webs=0 phones=2 addr=2400 Boswell Rd
  no company website
  fill keys: ['address_line', 'city', 'google_maps_url', 'location_precision', 'phone', 'postal_code', 'state_code']
  recommendation updated
  publish: {'entity': 'business', 'action': 'create', 'id': 'e0678bda-754e-42bf-8486-79897481bc69', 'slug': 'svoi-youngevity'}

[20/20] Balboa Pharmacy
  svoi: webs=0 phones=1 addr=6465 Balboa Avenue
  no company website
  fill keys: ['address_line', 'city', 'google_maps_url', 'location_precision', 'phone', 'state_code']
  recommendation updated
  publish: {'entity': 'business', 'action': 'create', 'id': '50dfff12-e68a-45a5-b5dd-95fd27fb6708', 'slug': 'svoi-balboa-pharmacy'}

Done. enriched=20 with_address=19 published=19 report=/Users/sammov/Russian business AI/scripts/business-enrich/data/svoi_enrich/batch_20260727T025606Z.json
Last targets=20 exit=0

===== ROUND 53 2026-07-27T02:56:09Z =====
